Student_ID,Name,Age,Gender,Marital_Status,Previous_GPA,GPA,Failed_Courses,Attendance_Rate,Tuition_Fees_Up_to_Date,Scholarship,Family_Income,Financial_Stress,LMS_Engagement,Quiz_Attempts,Assignment_Completion_Rate,Study_Hours_Per_Week,Dropout
STU100001,Mahin Islam,20.0,Female,Single,3.3,3.19,0,75.8,Yes,Yes,17616.0,Low,86.5,7.0,49.4,5.7,No
STU100002,Mariya Sultana,20.0,Female,Married,3.47,3.4,0,83.9,Yes,No,73251.0,Medium,95.5,7.0,82.3,17.1,No
STU100003,Sumaiya Islam,21.0,Female,Single,2.96,2.95,1,88.5,No,No,105200.0,Low,98.1,6.0,83.6,10.9,No
STU100004,Nusrat Khan,22.0,Male,Single,3.27,3.18,0,69.2,Yes,No,102895.0,Low,78.8,6.0,68.7,10.6,No
STU100005,Mahin Akter,18.0,Male,Single,2.88,2.79,0,88.5,Yes,No,60270.0,Low,82.0,9.0,75.7,14.7,No
STU100006,Sadia Ahmed,21.0,Male,Single,3.22,3.73,0,73.4,No,No,43111.0,High,84.2,4.0,65.0,8.3,No
STU100007,Hasan Karim,28.0,Male,Single,3.09,3.13,1,80.9,No,No,75792.0,Medium,88.9,7.0,64.8,9.1,Yes
STU100008,Sakib Rahman,25.0,Female,Single,3.14,3.05,0,68.7,Yes,No,56503.0,Medium,66.8,6.0,58.2,7.1,No
STU100009,Mahin Islam,27.0,Male,Single,2.86,3.28,0,72.8,Yes,No,54993.0,Medium,67.4,4.0,64.8,6.0,No
STU100010,Nabila Ahmed,24.0,Female,Single,3.18,3.51,0,88.9,Yes,Yes,33679.0,Medium,94.5,6.0,75.1,17.6,No
STU100011,Sadia Khan,26.0,Male,Single,2.63,2.82,0,83.3,Yes,No,18531.0,High,74.4,5.0,83.5,11.0,No
STU100012,Rakib Hasan,22.0,Male,Married,3.09,2.9,0,88.0,Yes,No,72102.0,Medium,76.4,6.0,80.6,13.6,No
STU100013,Tanjim Akter,27.0,Female,Single,2.71,3.53,0,77.9,Yes,No,37647.0,Medium,70.5,7.0,82.0,16.9,No
STU100014,Sumaiya Sultana,21.0,Male,Single,2.55,2.08,2,77.6,Yes,No,26248.0,Medium,34.2,5.0,45.6,7.3,No
STU100015,Mahin Hossain,25.0,Male,Single,2.68,2.15,2,83.3,Yes,Yes,24409.0,Medium,38.5,4.0,39.5,5.3,Yes
STU100016,Raisa Ahmed,26.0,Male,Single,2.91,3.02,0,84.3,Yes,No,40725.0,Medium,87.8,8.0,77.8,11.3,No
STU100017,Shuvo Rahman,24.0,Female,Single,2.76,2.66,3,54.2,Yes,Yes,22966.0,Medium,,5.0,40.6,7.2,Yes
STU100018,Mehedi Sultana,24.0,Male,Single,3.18,2.44,0,60.1,Yes,No,81444.0,Medium,72.9,7.0,79.8,8.0,Yes
STU100019,Jannat Islam,22.0,Female,Single,3.04,2.99,1,80.3,Yes,No,60614.0,High,100.0,8.0,79.7,16.9,No
STU100020,Arafat Ahmed,21.0,Female,Single,3.46,3.48,0,80.7,Yes,Yes,83191.0,Low,95.3,6.0,81.8,19.9,No
STU100021,Rakib Hasan,27.0,Female,Single,2.96,2.91,0,72.3,Yes,Yes,25526.0,High,75.9,5.0,68.1,8.3,Yes
STU100022,Raisa Hasan,18.0,Female,Single,3.08,3.17,0,81.9,Yes,Yes,20887.0,Medium,81.6,9.0,84.4,7.2,Yes
STU100023,Mim Hasan,27.0,Male,Single,3.84,3.7,0,84.4,Yes,No,118276.0,Medium,71.2,6.0,97.9,12.2,No
STU100024,Nabila Sultana,27.0,Male,Single,2.8,2.76,0,78.6,Yes,Yes,28974.0,Medium,82.5,6.0,87.7,16.9,No
STU100025,Tasmia Ahmed,24.0,Female,Single,2.87,3.26,0,76.2,Yes,Yes,47426.0,Medium,100.0,10.0,85.4,23.7,No
STU100026,Hasan Hasan,18.0,Male,Single,3.54,3.83,0,100.0,Yes,No,29568.0,High,75.3,6.0,80.4,9.5,No
STU100027,Sakib Rahman,18.0,Male,Married,2.57,2.51,0,68.3,Yes,Yes,28633.0,Medium,68.9,5.0,46.8,13.4,Yes
STU100028,Adnan Rahman,22.0,Male,Married,3.59,3.76,0,85.6,Yes,No,62418.0,Medium,84.2,7.0,78.5,13.4,No
STU100029,Jannat Hasan,26.0,Female,Married,2.89,3.16,0,64.9,No,No,41924.0,Medium,79.1,4.0,72.9,11.0,No
STU100030,Sakib Ahmed,23.0,Male,Single,2.63,2.34,0,66.3,Yes,No,92682.0,Medium,61.1,5.0,65.4,12.9,No
STU100031,Rakib Karim,20.0,Male,Single,3.41,3.51,0,74.3,Yes,Yes,16872.0,High,99.9,7.0,96.9,17.9,No
STU100032,Tanvir Karim,20.0,Female,Married,2.89,2.93,0,76.6,Yes,No,44562.0,High,76.0,5.0,62.3,16.1,Yes
STU100033,Jannat Karim,24.0,Female,Married,3.82,4.0,0,87.8,No,Yes,33970.0,Medium,100.0,10.0,100.0,17.2,No
STU100034,Adnan Sultana,23.0,Male,Single,3.04,2.75,0,76.2,Yes,Yes,39312.0,Medium,83.5,5.0,86.6,16.0,No
STU100035,Hasan Hasan,26.0,Male,Single,3.03,3.02,0,77.3,Yes,No,40846.0,Low,76.0,5.0,83.2,11.3,No
STU100036,Nusrat Khan,23.0,Female,Single,2.74,2.51,1,77.0,Yes,Yes,64098.0,Low,58.0,5.0,61.0,7.9,No
STU100037,Hasan Sultana,22.0,Female,Single,2.93,3.03,0,84.9,Yes,No,40637.0,Medium,75.8,5.0,70.9,14.6,No
STU100038,Hasan Sultana,27.0,Female,Single,2.88,2.63,2,51.6,Yes,No,40868.0,High,62.6,5.0,59.3,6.4,Yes
STU100039,Mariya Khan,24.0,Male,Single,3.6,3.44,0,95.0,Yes,No,117299.0,Low,100.0,7.0,84.3,24.1,No
STU100040,Hasan Sultana,18.0,Male,Single,3.13,3.17,1,82.7,No,Yes,23004.0,Medium,71.5,6.0,68.6,8.4,No
STU100041,Jannat Rahman,24.0,Female,Single,3.32,3.04,0,64.7,Yes,No,24765.0,Medium,82.5,5.0,81.7,15.8,No
STU100042,Mahin Hasan,20.0,Female,Single,3.04,2.56,0,86.6,Yes,No,124981.0,Low,62.8,7.0,81.9,7.3,No
STU100043,Jannat Khan,26.0,Male,Single,2.82,3.13,1,89.2,Yes,No,115189.0,Low,54.9,6.0,52.1,13.9,No
STU100044,Fahim Hossain,23.0,Male,Married,3.17,2.97,0,63.9,Yes,No,16782.0,High,69.4,5.0,72.1,12.4,No
STU100045,Shuvo Rahman,26.0,Female,Single,3.72,3.3,0,81.6,Yes,No,146252.0,Low,62.8,6.0,51.7,16.1,No
STU100046,Jannat Rahman,22.0,Male,Single,2.53,2.2,1,74.9,Yes,No,61873.0,High,71.1,5.0,72.1,3.4,No
STU100047,Shuvo Khan,24.0,Male,Single,3.19,3.16,0,92.9,Yes,Yes,30477.0,Medium,90.4,7.0,61.8,14.2,No
STU100048,Sakib Rahman,21.0,Male,Single,3.67,4.0,0,94.4,Yes,No,45136.0,High,100.0,5.0,76.3,17.7,No
STU100049,Sadia Islam,24.0,Male,Single,2.63,2.59,0,73.7,Yes,No,35533.0,Medium,76.2,7.0,69.9,7.4,No
STU100050,Adnan Akter,18.0,Male,Single,3.41,3.59,0,77.0,Yes,No,45016.0,High,99.6,6.0,67.7,15.3,No
STU100051,Nusrat Hasan,24.0,Female,Single,3.42,3.3,0,71.1,No,No,35817.0,High,100.0,7.0,77.8,14.1,No
STU100052,Shuvo Ahmed,25.0,Male,Single,2.42,2.47,2,63.4,Yes,Yes,23549.0,Medium,45.5,5.0,60.1,6.3,Yes
STU100053,Rakib Karim,22.0,Male,Single,3.5,3.44,0,90.3,Yes,Yes,21751.0,Medium,73.4,9.0,45.6,12.7,No
STU100054,Jannat Sultana,19.0,Male,Single,2.73,2.9,0,89.5,No,No,50654.0,Medium,79.7,8.0,77.8,7.8,No
STU100055,Nusrat Hossain,22.0,Male,Single,3.16,2.82,1,74.2,Yes,No,28973.0,Medium,57.8,2.0,70.8,12.8,No
STU100056,Arafat Karim,23.0,Male,Single,3.46,3.48,0,95.7,No,No,20566.0,Medium,84.1,6.0,100.0,14.7,No
STU100057,Rakib Sultana,19.0,Male,Single,3.54,3.59,0,90.4,Yes,No,,Medium,64.1,5.0,55.7,12.8,No
STU100058,Jannat Islam,23.0,Female,Single,2.31,2.43,1,97.2,No,No,59928.0,High,69.9,5.0,67.6,7.6,No
STU100059,Nabila Sultana,23.0,Male,Single,3.8,3.4,0,68.7,Yes,Yes,59946.0,Medium,69.3,3.0,85.9,14.1,No
STU100060,Rakib Hossain,18.0,Male,Single,3.64,3.5,0,84.0,Yes,No,46968.0,Medium,79.9,8.0,65.6,8.8,No
STU100061,Sumaiya Ahmed,18.0,Male,Single,3.47,3.65,0,89.1,Yes,No,27786.0,Medium,93.4,8.0,87.1,5.2,No
STU100062,Tanjim Rahman,28.0,Male,Single,3.16,3.23,0,100.0,No,No,87235.0,Medium,90.4,6.0,95.4,20.9,No
STU100063,Hasan Hasan,27.0,Female,Single,2.8,3.32,0,71.5,Yes,No,73073.0,Medium,80.9,6.0,91.0,13.6,No
STU100064,Tasmia Karim,20.0,Male,Single,2.51,2.35,2,62.1,Yes,Yes,153362.0,Low,45.8,5.0,50.4,5.9,Yes
STU100065,Mariya Ahmed,27.0,Female,Married,2.27,1.67,3,62.9,Yes,No,90003.0,Medium,46.9,6.0,46.9,4.9,Yes
STU100066,Arafat Hasan,27.0,Male,Married,3.29,3.15,0,72.2,Yes,No,53615.0,Medium,72.5,7.0,67.0,9.1,No
STU100067,Mariya Khan,20.0,Female,Single,3.47,2.67,2,71.2,No,No,118901.0,Medium,56.5,4.0,56.6,3.3,Yes
STU100068,Mim Khan,21.0,Male,Single,2.96,3.17,0,68.7,Yes,No,46866.0,Medium,81.5,6.0,97.9,14.9,No
STU100069,Rakib Rahman,19.0,Female,Single,2.79,2.79,1,88.1,Yes,No,47078.0,Medium,77.8,7.0,76.4,11.9,Yes
STU100070,Adnan Hossain,26.0,Male,Single,3.03,3.15,0,98.3,Yes,No,43842.0,Medium,89.1,7.0,57.9,12.8,No
STU100071,Tanvir Sultana,27.0,Male,Single,2.71,2.88,0,96.5,No,Yes,34105.0,Medium,74.1,4.0,69.3,11.9,No
STU100072,Mahin Hossain,28.0,Female,Single,3.01,3.32,0,86.0,Yes,No,153037.0,Low,74.2,5.0,99.4,16.0,No
STU100073,Shuvo Ahmed,24.0,Female,Single,2.69,1.91,1,71.8,Yes,Yes,28491.0,Low,41.8,6.0,55.9,1.0,No
STU100074,Arafat Ahmed,24.0,Male,Single,3.28,2.66,1,76.2,Yes,Yes,18083.0,Medium,76.3,8.0,65.8,8.0,No
STU100075,Shuvo Hossain,23.0,Male,Single,3.56,3.33,0,92.4,Yes,Yes,34820.0,Medium,90.9,8.0,57.3,14.5,No
STU100076,Jannat Hossain,20.0,Male,Single,3.23,3.14,1,91.5,No,No,55012.0,Medium,85.5,8.0,92.0,3.3,No
STU100077,Mahin Chowdhury,23.0,Female,Single,2.96,3.02,0,88.6,Yes,Yes,33420.0,Medium,57.5,3.0,95.0,9.5,No
STU100078,Arafat Hossain,25.0,Male,Single,3.45,3.48,1,85.0,No,Yes,37007.0,Medium,78.9,4.0,83.7,12.8,No
STU100079,Jannat Hossain,25.0,Male,Single,3.01,3.06,0,88.8,No,No,,Medium,60.6,4.0,65.3,4.8,No
STU100080,Tasmia Rahman,28.0,Female,Single,3.43,2.96,1,78.6,Yes,No,22635.0,High,56.1,6.0,51.7,18.6,Yes
STU100081,Mehedi Chowdhury,26.0,Female,Single,2.71,2.48,1,62.7,Yes,No,21794.0,Medium,75.9,6.0,70.1,8.5,Yes
STU100082,Tanvir Hossain,18.0,Female,Single,2.77,2.68,0,74.1,Yes,No,71321.0,Low,57.1,5.0,60.0,17.5,No
STU100083,Adnan Ahmed,18.0,Female,Single,2.56,2.51,0,80.0,No,No,20826.0,High,63.0,10.0,76.9,2.4,No
STU100084,Hasan Sultana,20.0,Female,Married,2.79,2.64,0,71.3,Yes,Yes,31477.0,Medium,62.3,6.0,74.7,5.1,No
STU100085,Nusrat Hossain,20.0,Male,Married,3.44,3.52,0,77.7,Yes,No,40555.0,Medium,69.7,6.0,73.9,7.8,No
STU100086,Sumaiya Khan,27.0,Male,Single,2.61,2.27,1,78.7,No,No,24864.0,High,49.9,4.0,61.4,8.3,Yes
STU100087,Tanvir Hasan,25.0,Female,Single,1.96,1.82,1,75.7,No,No,52376.0,Medium,34.1,5.0,37.5,4.8,Yes
STU100088,Nusrat Khan,27.0,Male,Single,2.81,2.96,0,84.4,No,No,57634.0,Medium,62.4,6.0,86.4,13.4,Yes
STU100089,Tasmia Sultana,18.0,Female,Single,2.47,2.53,0,73.8,Yes,No,,Medium,69.5,6.0,59.0,4.5,No
STU100090,Hasan Sultana,19.0,Male,Single,2.77,2.66,0,76.2,Yes,No,45067.0,Medium,61.5,4.0,58.6,15.8,No
STU100091,Mim Sultana,19.0,Male,Single,3.95,3.84,0,95.0,No,Yes,14055.0,Medium,82.3,7.0,87.1,23.4,No
STU100092,Rakib Ahmed,20.0,Female,Single,2.6,2.46,1,66.5,No,No,32761.0,High,29.4,3.0,41.0,11.1,Yes
STU100093,Tanjim Rahman,23.0,Female,Single,3.29,3.18,0,70.4,Yes,No,38485.0,Medium,65.8,4.0,68.9,8.4,No
STU100094,Jannat Islam,18.0,Male,Single,2.96,2.81,1,82.1,No,No,91423.0,Medium,95.1,7.0,79.9,17.9,No
STU100095,Sakib Hossain,19.0,Female,Single,3.17,3.06,0,81.4,Yes,No,39688.0,Medium,67.1,6.0,76.2,15.2,No
STU100096,Raisa Hossain,18.0,Female,Single,2.77,2.86,0,92.6,Yes,No,56298.0,High,87.4,7.0,67.5,11.6,No
STU100097,Hasan Hasan,22.0,Male,Single,3.52,3.61,0,77.3,Yes,Yes,38102.0,Low,71.8,10.0,79.3,10.9,Yes
STU100098,Nabila Hossain,24.0,Male,Single,3.19,2.8,1,87.1,No,No,60610.0,High,75.7,7.0,55.2,10.0,No
STU100099,Tanvir Rahman,25.0,Female,Single,3.2,3.74,0,82.7,No,Yes,31802.0,Medium,100.0,7.0,100.0,22.4,No
STU100100,Raisa Akter,27.0,Female,Single,3.04,2.88,0,88.1,Yes,Yes,17936.0,Medium,75.9,5.0,65.3,14.2,No
STU100101,Nusrat Khan,18.0,Male,Single,3.57,3.71,0,76.1,Yes,Yes,12000.0,High,76.2,6.0,72.2,13.2,No
STU100102,Tanvir Khan,24.0,Female,Single,3.25,2.93,0,67.0,Yes,No,59515.0,High,70.6,5.0,56.3,11.7,No
STU100103,Fahim Khan,22.0,Female,Single,3.17,3.61,0,90.0,No,No,53899.0,Medium,73.9,9.0,63.5,10.3,No
STU100104,Rakib Karim,27.0,Male,Single,3.29,3.46,0,83.2,Yes,No,56135.0,Medium,83.2,5.0,54.7,15.1,Yes
STU100105,Sadia Rahman,18.0,Female,Single,2.21,2.32,0,78.0,Yes,No,48039.0,Medium,65.1,5.0,58.6,1.2,No
STU100106,Arafat Karim,20.0,Male,Single,3.08,3.03,0,73.5,Yes,No,15303.0,Medium,76.6,9.0,68.9,10.2,No
STU100107,Rakib Hasan,24.0,Male,Single,2.97,2.42,1,77.3,Yes,No,31534.0,Medium,37.6,5.0,64.4,11.6,Yes
STU100108,Nabila Karim,27.0,Female,Single,3.53,4.0,0,100.0,Yes,No,42581.0,Medium,94.5,6.0,98.5,26.1,No
STU100109,Shuvo Chowdhury,18.0,Female,Single,2.68,2.94,0,91.4,Yes,Yes,30121.0,High,85.2,9.0,85.1,11.0,No
STU100110,Fahim Islam,24.0,Female,Single,3.09,2.99,0,75.9,Yes,Yes,61534.0,Low,73.0,3.0,53.0,14.4,Yes
STU100111,Shuvo Karim,22.0,Male,Single,3.87,4.0,0,78.7,Yes,No,41324.0,Medium,97.2,7.0,86.0,30.0,No
STU100112,Rakib Rahman,18.0,Male,Single,2.99,2.6,0,78.7,No,No,64624.0,Medium,58.0,5.0,70.5,17.7,Yes
STU100113,Shuvo Chowdhury,18.0,Male,Single,2.4,1.83,2,74.3,Yes,No,84944.0,Medium,42.3,5.0,35.6,1.0,Yes
STU100114,Adnan Islam,18.0,Male,Single,3.98,3.98,0,74.7,No,No,57437.0,Medium,92.1,6.0,69.4,13.4,Yes
STU100115,Adnan Islam,28.0,Male,Single,2.68,2.44,2,,Yes,No,49386.0,Medium,69.4,5.0,63.6,7.4,No
STU100116,Mim Islam,26.0,Female,Single,2.53,2.39,2,89.2,Yes,Yes,21841.0,Medium,78.6,6.0,84.6,16.8,No
STU100117,Nabila Islam,28.0,Male,Single,2.55,2.53,0,84.0,Yes,No,46485.0,Low,73.2,6.0,81.4,5.5,No
STU100118,Arafat Khan,20.0,Female,Single,3.33,2.97,0,67.8,No,No,18633.0,High,48.2,8.0,42.0,2.1,No
STU100119,Tanvir Rahman,22.0,Male,Married,3.58,3.56,0,76.3,Yes,No,23175.0,Medium,94.4,10.0,88.9,18.9,No
STU100120,Sakib Hasan,28.0,Female,Single,3.79,3.46,0,79.5,Yes,Yes,52772.0,Low,84.1,5.0,86.2,16.0,No
STU100121,Shuvo Khan,27.0,Male,Single,3.01,3.31,0,83.2,Yes,No,22434.0,High,82.3,6.0,74.3,15.1,Yes
STU100122,Sadia Ahmed,26.0,Male,Single,2.56,2.53,2,75.3,Yes,No,156694.0,Low,78.3,3.0,61.3,8.3,Yes
STU100123,Nusrat Ahmed,23.0,Male,Single,2.74,2.9,0,87.7,No,No,74381.0,Medium,85.3,6.0,74.9,11.8,Yes
STU100124,Adnan Ahmed,26.0,Male,Single,3.02,2.48,0,75.2,Yes,No,46245.0,High,77.6,6.0,90.0,4.9,No
STU100125,Mim Islam,25.0,Female,Single,2.99,3.17,0,85.6,Yes,No,12000.0,High,54.7,4.0,61.0,13.4,No
STU100126,Tanvir Hasan,25.0,Male,Single,3.59,4.0,0,80.3,Yes,Yes,15845.0,Medium,81.2,5.0,87.3,17.7,No
STU100127,Raisa Rahman,18.0,Female,Single,2.41,2.44,2,65.2,Yes,No,157603.0,Low,67.0,5.0,61.4,15.9,No
STU100128,Fahim Ahmed,26.0,Female,Single,2.5,2.65,0,87.2,Yes,Yes,33290.0,Low,72.7,4.0,80.2,9.2,No
STU100129,Mim Akter,23.0,Female,Single,2.86,2.79,0,84.4,Yes,No,86287.0,Medium,80.0,7.0,100.0,12.0,No
STU100130,Sumaiya Karim,26.0,Male,Single,3.17,3.28,1,86.4,No,No,33800.0,High,79.1,7.0,50.4,6.7,No
STU100131,Mariya Ahmed,20.0,Female,Single,2.8,3.28,0,74.9,Yes,No,25976.0,Medium,88.5,4.0,75.3,9.8,No
STU100132,Mahin Hossain,20.0,Male,Single,2.76,3.44,0,85.2,Yes,No,25032.0,High,66.8,6.0,76.8,16.5,No
STU100133,Mim Khan,23.0,Male,Single,3.53,3.62,0,87.8,Yes,Yes,19345.0,Low,65.2,4.0,51.3,23.1,No
STU100134,Tasmia Islam,26.0,Female,Single,3.21,2.91,1,81.2,Yes,No,61479.0,Medium,67.7,6.0,75.0,11.6,No
STU100135,Mahin Rahman,24.0,Female,Single,2.56,2.74,0,89.1,Yes,No,55476.0,High,79.6,5.0,89.7,10.1,No
STU100136,Mariya Khan,20.0,Male,Single,2.77,2.4,2,71.6,No,No,33427.0,High,50.7,7.0,34.1,1.0,Yes
STU100137,Shuvo Rahman,20.0,Male,Single,3.23,3.05,2,90.7,Yes,Yes,14370.0,Medium,70.7,6.0,79.9,11.2,No
STU100138,Arafat Rahman,19.0,Male,Single,2.43,2.28,1,55.5,Yes,No,39225.0,High,37.3,5.0,38.8,10.6,No
STU100139,Arafat Khan,26.0,Male,Single,3.23,3.84,0,86.0,Yes,No,61251.0,Medium,71.7,4.0,91.0,13.5,No
STU100140,Mehedi Ahmed,20.0,Male,Single,2.85,3.27,0,93.5,Yes,No,151680.0,Low,74.6,6.0,74.3,10.9,No
STU100141,Mahin Islam,28.0,Female,Single,3.16,3.53,0,79.5,Yes,No,79064.0,Medium,91.5,,89.6,11.8,Yes
STU100142,Sakib Akter,22.0,Female,Single,3.05,3.3,0,91.9,Yes,Yes,50018.0,Medium,87.9,10.0,66.1,18.5,Yes
STU100143,Shuvo Akter,26.0,Female,Single,2.5,2.22,0,76.7,Yes,Yes,28263.0,Medium,73.1,7.0,59.4,8.3,Yes
STU100144,Nusrat Khan,25.0,Male,Single,2.71,2.78,2,91.4,Yes,No,89327.0,Medium,79.3,8.0,53.3,8.3,No
STU100145,Rakib Sultana,19.0,Female,Single,3.65,4.0,0,88.6,Yes,No,47927.0,High,100.0,9.0,83.9,21.6,No
STU100146,Tanvir Ahmed,20.0,Female,Single,4.0,4.0,0,88.7,Yes,Yes,49093.0,Medium,71.8,4.0,68.9,14.2,No
STU100147,Nabila Hossain,19.0,Female,Single,2.21,2.52,1,91.4,Yes,No,86154.0,Medium,58.9,5.0,78.1,3.0,No
STU100148,Mariya Karim,25.0,Male,Single,3.47,2.99,0,78.6,Yes,No,39359.0,High,90.4,9.0,75.0,14.2,No
STU100149,Fahim Islam,23.0,Male,Single,3.13,3.35,0,94.3,No,No,73702.0,Medium,82.0,6.0,72.5,13.5,No
STU100150,Sumaiya Chowdhury,23.0,Male,Single,3.94,3.62,0,89.7,Yes,No,23251.0,Medium,91.6,9.0,86.3,16.7,No
STU100151,Jannat Ahmed,26.0,Female,Single,2.75,2.68,2,83.2,Yes,Yes,30384.0,High,50.0,4.0,63.3,13.2,No
STU100152,Sumaiya Chowdhury,25.0,Female,Single,3.4,3.83,0,85.5,Yes,No,58325.0,Medium,90.5,6.0,78.1,19.8,No
STU100153,Shuvo Ahmed,21.0,Female,Single,2.86,2.97,0,80.8,No,No,43543.0,Low,87.5,5.0,94.4,8.1,No
STU100154,Raisa Rahman,21.0,Male,Single,3.58,3.82,0,85.3,No,Yes,39001.0,Low,85.2,9.0,73.2,16.7,No
STU100155,Mehedi Islam,26.0,Male,Single,4.0,3.94,0,71.8,Yes,Yes,23403.0,High,88.6,5.0,71.7,16.2,No
STU100156,Mariya Rahman,18.0,Male,Single,3.1,2.52,1,72.8,Yes,No,76331.0,Medium,66.2,5.0,72.9,7.0,Yes
STU100157,Sakib Karim,,Male,Single,2.49,2.21,1,100.0,Yes,Yes,18153.0,Medium,78.3,6.0,46.0,2.8,Yes
STU100158,Mim Chowdhury,19.0,Male,Single,3.64,3.84,0,82.1,No,No,72881.0,Medium,75.2,6.0,79.9,14.9,No
STU100159,Nusrat Islam,23.0,Female,Single,3.25,3.35,0,86.2,Yes,No,46279.0,Medium,61.8,4.0,71.2,10.0,No
STU100160,Raisa Sultana,21.0,Male,Single,3.17,3.67,0,98.1,No,No,46677.0,High,94.2,6.0,89.5,15.1,No
STU100161,Sadia Rahman,28.0,Female,Single,3.71,3.75,0,92.7,No,No,43792.0,Medium,99.1,7.0,87.8,17.6,No
STU100162,Hasan Akter,27.0,Male,Single,2.49,2.22,1,72.1,Yes,Yes,27970.0,Medium,81.8,8.0,90.5,6.6,No
STU100163,Rakib Chowdhury,20.0,Male,Single,2.68,2.67,3,62.3,Yes,No,44141.0,Medium,54.1,6.0,60.1,1.0,Yes
STU100164,Sakib Hasan,20.0,Male,Single,3.27,3.57,0,99.5,Yes,No,55023.0,Medium,79.8,5.0,85.6,13.2,No
STU100165,Fahim Chowdhury,20.0,Female,Married,2.67,2.14,1,82.1,Yes,Yes,56448.0,Low,59.7,9.0,80.4,3.6,Yes
STU100166,Adnan Sultana,23.0,Male,Single,2.86,2.96,0,94.5,Yes,No,42594.0,Medium,79.2,5.0,77.2,14.9,No
STU100167,Tanvir Khan,25.0,Female,Single,3.57,3.2,0,95.4,Yes,No,42285.0,Medium,80.0,4.0,91.4,14.8,No
STU100168,Fahim Ahmed,28.0,Male,Single,3.19,3.24,1,68.1,Yes,No,42113.0,Medium,74.4,5.0,63.1,15.3,Yes
STU100169,Hasan Khan,24.0,Female,Single,2.47,2.69,1,73.3,Yes,Yes,39085.0,High,90.7,8.0,90.7,11.9,Yes
STU100170,Shuvo Hossain,21.0,Female,Single,3.18,3.35,0,87.6,Yes,No,17049.0,High,97.3,6.0,89.5,15.8,No
STU100171,Sakib Hasan,28.0,Male,Single,3.56,3.96,0,81.1,Yes,Yes,33798.0,Medium,67.5,7.0,66.2,16.3,No
STU100172,Sakib Hasan,21.0,Female,Single,3.08,3.15,0,77.5,No,Yes,25415.0,Medium,75.9,3.0,84.2,17.5,No
STU100173,Mahin Hasan,28.0,Male,Single,3.39,3.55,0,92.1,Yes,No,41164.0,Medium,66.4,7.0,56.4,20.1,No
STU100174,Tanvir Hossain,27.0,Female,Single,2.77,2.93,1,83.8,No,No,27170.0,Medium,62.9,4.0,51.9,11.8,No
STU100175,Rakib Hossain,28.0,Male,Married,3.12,2.83,0,96.5,Yes,No,54400.0,High,69.0,8.0,65.6,13.2,Yes
STU100176,Sakib Sultana,28.0,Male,Married,2.29,2.25,2,,Yes,No,86506.0,Medium,50.7,3.0,52.2,1.0,Yes
STU100177,Hasan Sultana,28.0,Female,Single,3.28,2.55,0,70.0,Yes,Yes,37744.0,Low,63.9,6.0,66.7,8.0,No
STU100178,Sadia Khan,19.0,Female,Single,3.16,3.28,0,100.0,Yes,Yes,52268.0,Low,83.4,8.0,90.5,13.5,Yes
STU100179,Nabila Hasan,18.0,Male,Single,2.42,1.59,1,65.5,Yes,Yes,34689.0,Low,69.6,5.0,63.0,1.9,No
STU100180,Sumaiya Ahmed,26.0,Female,Single,3.68,3.94,0,72.4,Yes,No,42515.0,Medium,96.1,7.0,99.5,25.4,No
STU100181,Hasan Sultana,19.0,Male,Single,3.26,3.75,0,91.6,Yes,No,95115.0,Medium,85.5,6.0,84.4,17.5,No
STU100182,Nabila Karim,25.0,Male,Single,2.69,2.84,0,71.0,Yes,Yes,19236.0,Low,74.4,7.0,71.9,10.6,No
STU100183,Nabila Rahman,26.0,Female,Single,3.3,3.49,0,82.5,No,No,31057.0,Low,100.0,9.0,75.6,10.9,No
STU100184,Sakib Akter,21.0,Male,Single,2.56,2.92,0,68.6,No,No,47691.0,High,53.3,1.0,40.3,13.1,Yes
STU100185,Hasan Sultana,25.0,Male,Single,2.62,2.49,2,81.9,Yes,No,41052.0,Medium,60.6,6.0,60.8,9.1,Yes
STU100186,Nabila Rahman,26.0,Female,Married,2.56,2.18,0,79.1,Yes,No,36611.0,Medium,69.0,,47.6,4.8,Yes
STU100187,Tanjim Chowdhury,27.0,Male,Single,2.55,2.52,0,66.6,Yes,Yes,23515.0,Medium,54.8,5.0,81.3,6.4,No
STU100188,Arafat Islam,27.0,Female,Single,3.2,2.97,1,80.5,Yes,No,57085.0,Medium,52.6,7.0,70.9,7.4,No
STU100189,Mahin Islam,22.0,Male,Single,3.04,3.07,0,88.6,No,No,42569.0,High,72.2,6.0,66.4,13.3,No
STU100190,Tasmia Hasan,24.0,Male,Married,3.34,3.41,0,83.4,No,No,64089.0,Medium,78.1,5.0,63.2,12.8,No
STU100191,Tasmia Sultana,27.0,Male,Single,1.73,1.59,4,73.6,Yes,Yes,,Low,51.7,5.0,33.5,1.0,No
STU100192,Raisa Khan,21.0,Female,Single,2.82,2.61,1,85.3,No,Yes,43974.0,Low,46.7,7.0,48.1,15.1,No
STU100193,Shuvo Akter,18.0,Female,Single,2.83,2.18,2,65.1,Yes,No,93297.0,Low,57.0,6.0,54.1,6.2,No
STU100194,Fahim Ahmed,20.0,Male,Single,3.02,2.97,0,79.7,Yes,No,79970.0,Low,69.8,4.0,48.9,6.6,No
STU100195,Adnan Khan,22.0,Male,Single,3.01,2.88,0,69.9,No,No,35397.0,High,,5.0,66.6,6.5,No
STU100196,Jannat Rahman,20.0,Female,Single,3.1,2.99,0,66.7,Yes,Yes,100702.0,Low,90.1,7.0,76.8,16.1,No
STU100197,Mariya Ahmed,28.0,Male,Married,3.04,3.26,0,76.2,Yes,Yes,64554.0,Low,66.3,4.0,79.9,8.7,No
STU100198,Raisa Ahmed,24.0,Female,Married,2.79,3.38,0,78.7,Yes,Yes,90883.0,Low,92.7,6.0,86.2,12.6,No
STU100199,Jannat Karim,26.0,Male,Single,2.82,2.71,0,91.6,Yes,Yes,16459.0,Medium,81.2,7.0,69.9,6.0,Yes
STU100200,Tanjim Hasan,23.0,Female,Single,2.98,3.09,0,70.4,Yes,No,65064.0,Medium,67.9,7.0,62.7,9.3,No
STU100201,Raisa Sultana,27.0,Male,Single,3.23,3.3,0,85.3,No,No,53414.0,High,87.4,6.0,66.3,17.4,Yes
STU100202,Sumaiya Chowdhury,,Female,Single,3.04,3.38,0,87.0,No,No,28713.0,High,91.3,5.0,94.7,15.1,No
STU100203,Mariya Sultana,24.0,Female,Single,2.65,2.37,1,,Yes,Yes,19735.0,Medium,49.6,4.0,55.9,4.0,No
STU100204,Tanjim Islam,20.0,Male,Single,2.62,2.34,0,85.9,Yes,No,41426.0,Medium,54.2,5.0,61.0,1.0,Yes
STU100205,Fahim Ahmed,22.0,Male,Single,3.23,2.98,0,79.0,Yes,No,46253.0,Medium,60.4,6.0,57.5,6.3,No
STU100206,Hasan Chowdhury,27.0,Female,Single,3.34,2.66,0,74.0,Yes,Yes,32561.0,Low,63.5,7.0,54.0,7.7,No
STU100207,Jannat Ahmed,21.0,Female,Single,3.48,3.47,0,100.0,Yes,Yes,29787.0,Medium,79.3,6.0,82.3,14.9,No
STU100208,Nusrat Ahmed,27.0,Male,Single,2.78,2.46,2,64.1,Yes,Yes,33269.0,Medium,61.9,6.0,72.1,8.9,No
STU100209,Mim Karim,22.0,Male,Single,2.16,2.23,1,79.8,Yes,Yes,31071.0,Low,68.3,3.0,58.7,2.2,No
STU100210,Nabila Sultana,22.0,Female,Married,3.17,2.45,1,69.5,Yes,No,75092.0,Medium,63.3,5.0,44.7,9.4,No
STU100211,Shuvo Rahman,23.0,Male,Single,2.68,2.66,0,68.4,Yes,Yes,28930.0,Medium,78.3,5.0,78.3,11.8,No
STU100212,Tanjim Islam,27.0,Female,Married,2.95,2.88,0,78.0,No,Yes,18208.0,Medium,72.4,4.0,54.5,12.3,No
STU100213,Mahin Rahman,27.0,Male,Single,3.07,2.9,0,100.0,Yes,No,69327.0,Medium,85.9,8.0,90.4,4.4,No
STU100214,Tanjim Islam,28.0,Female,Single,3.25,3.55,0,73.4,No,Yes,74400.0,Low,85.1,5.0,66.7,16.0,No
STU100215,Hasan Hossain,23.0,Female,Single,3.4,3.16,0,77.0,Yes,No,42118.0,High,71.0,7.0,81.5,11.2,Yes
STU100216,Rakib Rahman,25.0,Female,Single,3.53,,0,,No,No,24202.0,Medium,75.5,9.0,70.7,14.4,No
STU100217,Hasan Akter,25.0,Male,Single,3.59,3.4,0,76.8,Yes,Yes,15488.0,Low,64.0,4.0,80.4,20.5,No
STU100218,Tanjim Islam,28.0,Female,Single,3.05,3.54,0,80.9,Yes,Yes,45870.0,Low,97.4,7.0,71.1,9.7,No
STU100219,Arafat Ahmed,26.0,Male,Single,2.24,2.2,1,73.8,Yes,No,59657.0,Low,47.0,5.0,35.0,13.4,Yes
STU100220,Nabila Sultana,25.0,Female,Single,2.73,2.93,0,79.4,No,Yes,28778.0,Medium,86.0,9.0,80.6,2.4,No
STU100221,Jannat Hossain,28.0,Male,Single,3.63,3.82,0,93.1,Yes,No,69950.0,Medium,100.0,9.0,100.0,16.7,No
STU100222,Rakib Akter,19.0,Male,Single,3.07,3.41,0,82.9,Yes,No,20477.0,Medium,72.7,6.0,77.9,16.2,No
STU100223,Nabila Karim,27.0,Female,Single,3.98,4.0,0,90.1,Yes,No,46805.0,High,93.6,7.0,82.0,13.9,No
STU100224,Mehedi Akter,28.0,Male,Single,2.83,2.43,2,70.3,Yes,Yes,14702.0,Medium,52.7,4.0,59.5,7.4,Yes
STU100225,Nabila Chowdhury,18.0,Female,Single,4.0,4.0,0,82.6,Yes,Yes,26703.0,Medium,82.9,8.0,58.8,14.7,No
STU100226,Nabila Sultana,,Female,Married,3.0,3.08,0,66.0,Yes,No,17167.0,Medium,92.3,8.0,88.1,14.7,No
STU100227,Jannat Islam,19.0,Female,Single,2.81,1.9,1,87.5,Yes,No,61370.0,Low,70.9,7.0,68.2,4.9,No
STU100228,Mariya Ahmed,19.0,Male,Single,2.68,2.18,2,62.0,Yes,Yes,54285.0,Medium,49.2,4.0,46.8,4.1,Yes
STU100229,Raisa Sultana,20.0,Male,Single,3.3,3.51,0,79.2,Yes,No,173046.0,Low,90.6,8.0,62.9,21.7,No
STU100230,Tasmia Hasan,27.0,Female,Single,2.36,2.79,1,79.1,Yes,Yes,50074.0,Low,85.8,8.0,83.8,15.1,No
STU100231,Raisa Sultana,24.0,Male,Single,2.75,2.73,0,70.5,No,No,35527.0,Medium,,4.0,57.8,7.6,Yes
STU100232,Fahim Hasan,19.0,Male,Single,2.98,3.22,1,89.0,Yes,Yes,25519.0,Low,87.0,9.0,65.6,15.8,No
STU100233,Hasan Islam,18.0,Male,Single,1.98,2.02,1,73.4,Yes,No,77390.0,Medium,45.8,6.0,78.1,5.2,No
STU100234,Hasan Hossain,23.0,Male,Single,2.96,2.97,2,73.3,Yes,Yes,192529.0,Low,56.1,3.0,60.1,5.8,No
STU100235,Nabila Islam,26.0,Female,Single,3.77,3.73,0,83.4,No,No,78383.0,High,88.6,5.0,69.1,15.3,No
STU100236,Mehedi Khan,20.0,Male,Single,3.19,3.22,0,72.9,Yes,No,50557.0,Medium,75.3,7.0,84.9,16.8,No
STU100237,Mim Hasan,23.0,Female,Single,2.7,2.82,1,80.4,Yes,No,46761.0,Medium,68.0,9.0,65.8,6.3,Yes
STU100238,Sakib Hossain,20.0,Male,Single,2.78,2.66,0,80.5,Yes,No,18344.0,High,80.4,6.0,90.2,9.3,No
STU100239,Fahim Karim,18.0,Male,Single,3.15,3.53,0,80.4,Yes,No,73006.0,Medium,79.8,8.0,57.7,18.6,No
STU100240,Tanjim Chowdhury,22.0,Male,Single,2.77,2.47,1,79.5,No,No,30316.0,Medium,76.5,6.0,74.3,12.7,No
STU100241,Sumaiya Hasan,27.0,Male,Single,3.21,3.72,0,100.0,Yes,No,23238.0,High,98.7,8.0,79.9,18.0,No
STU100242,Tasmia Hasan,28.0,Male,Single,2.76,2.69,0,79.7,Yes,No,40598.0,Medium,72.2,7.0,70.0,7.5,No
STU100243,Shuvo Karim,21.0,Female,Single,2.54,2.52,0,76.0,Yes,Yes,29318.0,Low,65.1,7.0,86.3,11.1,No
STU100244,Mehedi Hossain,24.0,Male,Single,3.53,3.34,0,76.1,Yes,Yes,27073.0,Medium,77.8,5.0,80.5,7.2,No
STU100245,Sumaiya Akter,23.0,Male,Single,3.32,3.44,0,84.1,Yes,No,34390.0,Medium,68.4,6.0,46.0,9.6,Yes
STU100246,Nabila Hossain,27.0,Male,Single,2.15,2.04,1,67.5,No,Yes,15908.0,Medium,51.8,4.0,63.4,10.3,No
STU100247,Hasan Akter,24.0,Male,Single,2.85,2.71,0,70.2,Yes,No,38993.0,Low,54.9,6.0,45.0,14.4,No
STU100248,Fahim Sultana,22.0,Female,Single,3.47,3.65,0,91.3,No,No,51379.0,Low,92.1,7.0,75.3,13.5,No
STU100249,Sumaiya Islam,21.0,Male,Married,2.93,3.27,0,86.6,Yes,No,26111.0,High,64.2,4.0,60.9,7.5,No
STU100250,Arafat Islam,24.0,Male,Single,2.74,2.43,2,72.1,Yes,No,94409.0,Low,39.2,4.0,50.3,1.0,No
STU100251,Mehedi Hasan,24.0,Male,Single,2.89,3.13,0,79.8,No,No,32850.0,High,75.8,8.0,74.4,10.2,No
STU100252,Hasan Akter,23.0,Female,Single,3.05,3.42,1,90.7,Yes,Yes,24874.0,Medium,87.4,7.0,71.1,15.0,No
STU100253,Adnan Hossain,25.0,Male,Single,2.92,2.39,2,55.4,No,No,70526.0,Medium,50.4,3.0,51.2,2.4,Yes
STU100254,Mehedi Akter,21.0,Female,Married,2.96,2.71,1,61.3,No,No,46625.0,High,75.2,7.0,90.3,8.4,Yes
STU100255,Rakib Sultana,27.0,Male,Single,2.93,3.3,0,86.4,Yes,No,94131.0,Medium,82.4,6.0,77.2,12.8,No
STU100256,Tasmia Khan,22.0,Female,Single,2.56,2.67,0,90.8,Yes,No,108932.0,Low,100.0,8.0,65.2,15.3,No
STU100257,Mehedi Akter,21.0,Female,Single,2.54,3.05,0,83.5,Yes,No,21049.0,High,79.4,4.0,60.5,9.3,No
STU100258,Mehedi Hasan,18.0,Female,Single,2.51,2.46,0,78.8,Yes,No,153107.0,Low,97.6,8.0,73.6,10.7,Yes
STU100259,Sumaiya Chowdhury,25.0,Male,Single,3.04,2.88,0,71.6,No,Yes,12346.0,High,70.8,7.0,96.5,19.9,Yes
STU100260,Tasmia Karim,18.0,Male,Single,3.26,3.67,0,68.1,No,Yes,22401.0,Medium,87.4,5.0,68.2,16.1,No
STU100261,Jannat Ahmed,22.0,Male,Single,2.58,2.33,2,61.8,Yes,Yes,21573.0,Medium,54.5,5.0,44.8,5.4,Yes
STU100262,Adnan Rahman,23.0,Male,Single,2.32,2.25,1,78.8,Yes,No,94481.0,Low,66.1,4.0,67.6,5.7,No
STU100263,Adnan Hasan,23.0,Male,Single,2.61,2.78,0,66.1,Yes,No,59869.0,Medium,59.7,6.0,82.8,10.3,No
STU100264,Nabila Hasan,22.0,Male,Single,3.63,3.83,0,81.0,No,No,52387.0,Medium,91.7,8.0,78.3,17.5,No
STU100265,Mim Karim,20.0,Female,Single,2.86,2.62,1,61.9,Yes,Yes,12000.0,Medium,45.1,6.0,45.6,9.0,No
STU100266,Rakib Ahmed,22.0,Male,Single,2.9,2.98,1,70.7,Yes,Yes,44442.0,Medium,66.5,8.0,81.9,16.7,No
STU100267,Mahin Hossain,25.0,Male,Single,2.64,2.55,2,82.7,Yes,No,172030.0,Low,56.0,5.0,57.6,5.2,No
STU100268,Nabila Karim,19.0,Male,Single,3.26,2.75,1,71.6,Yes,No,59753.0,Medium,60.4,6.0,64.8,7.6,No
STU100269,Nusrat Rahman,23.0,Female,Single,2.94,2.81,0,88.7,Yes,No,37569.0,Medium,87.6,10.0,90.6,18.4,No
STU100270,Hasan Khan,26.0,Male,Single,2.67,2.18,4,58.2,No,No,81562.0,High,46.3,1.0,46.9,1.0,Yes
STU100271,Mariya Hasan,25.0,Female,Single,2.54,2.34,2,83.7,Yes,No,48754.0,Low,37.7,2.0,55.4,3.8,Yes
STU100272,Raisa Rahman,28.0,Male,Single,3.17,2.81,1,80.6,Yes,Yes,34182.0,High,79.5,,67.3,11.0,No
STU100273,Raisa Karim,25.0,Male,Single,3.12,3.35,0,80.7,No,Yes,30971.0,Medium,79.6,5.0,68.4,12.2,No
STU100274,Tanvir Ahmed,25.0,Male,Single,2.44,2.53,0,76.8,Yes,No,60638.0,Low,78.8,9.0,79.2,10.8,No
STU100275,Sumaiya Karim,,Male,Single,3.55,4.0,0,77.0,Yes,No,38550.0,Medium,87.5,6.0,91.5,13.3,No
STU100276,Arafat Akter,25.0,Female,Single,2.71,2.43,1,69.9,No,No,49331.0,Medium,45.1,5.0,50.4,1.0,Yes
STU100277,Mehedi Hossain,23.0,Female,Single,2.0,2.04,1,84.1,Yes,No,12536.0,High,77.9,7.0,64.7,1.2,Yes
STU100278,Rakib Sultana,19.0,Male,Single,3.69,3.36,0,88.1,Yes,No,42371.0,Low,91.8,7.0,100.0,19.7,No
STU100279,Tanjim Ahmed,19.0,Female,Single,2.95,2.76,0,61.3,Yes,Yes,25118.0,Low,66.9,6.0,76.2,18.5,No
STU100280,Jannat Sultana,25.0,Male,Single,3.2,3.08,0,81.1,Yes,Yes,79608.0,Low,62.8,6.0,68.5,5.2,No
STU100281,Tanjim Islam,28.0,Female,Single,3.75,4.0,0,91.5,Yes,No,25132.0,Medium,95.9,8.0,68.0,18.9,No
STU100282,Arafat Ahmed,18.0,Female,Single,2.55,2.66,0,86.0,No,Yes,29541.0,Medium,76.5,9.0,80.1,13.4,No
STU100283,Nabila Karim,23.0,Male,Single,3.22,3.18,0,80.0,Yes,No,21389.0,Medium,64.5,7.0,53.1,8.7,No
STU100284,Tanvir Hasan,23.0,Male,Single,3.53,3.85,0,87.7,Yes,Yes,70993.0,Medium,87.1,9.0,90.3,19.6,No
STU100285,Shuvo Sultana,28.0,Male,Single,2.58,2.78,0,89.5,Yes,Yes,59801.0,Low,53.4,5.0,79.7,12.2,No
STU100286,Tasmia Akter,21.0,Female,Single,3.66,3.64,0,84.9,Yes,Yes,24620.0,Low,62.2,3.0,81.3,14.9,No
STU100287,Mim Akter,28.0,Male,Single,2.37,2.57,2,66.0,No,No,27042.0,High,43.5,3.0,65.9,10.0,Yes
STU100288,Raisa Sultana,28.0,Female,Married,2.96,2.87,0,88.4,Yes,No,69593.0,Medium,77.0,9.0,65.2,11.3,No
STU100289,Arafat Karim,27.0,Female,Married,2.52,3.41,0,93.0,Yes,No,138417.0,Low,74.1,9.0,83.7,18.6,No
STU100290,Sumaiya Karim,20.0,Male,Single,3.31,3.68,0,68.0,No,No,57569.0,Medium,91.6,5.0,77.9,17.8,Yes
STU100291,Mehedi Akter,28.0,Male,Married,2.57,2.44,2,73.9,Yes,No,84621.0,Medium,49.1,4.0,66.6,8.7,No
STU100292,Tanvir Hasan,20.0,Female,Single,2.72,2.95,0,72.5,Yes,No,38918.0,Medium,67.2,5.0,71.9,17.9,No
STU100293,Shuvo Rahman,18.0,Male,Single,2.6,2.77,0,83.8,Yes,Yes,25087.0,Low,86.7,7.0,76.7,10.4,No
STU100294,Mehedi Hasan,20.0,Female,Single,2.46,2.54,0,,Yes,No,41040.0,Medium,66.5,8.0,65.0,6.7,Yes
STU100295,Raisa Ahmed,21.0,Male,Single,2.65,2.81,0,86.0,Yes,No,81769.0,Medium,75.0,8.0,78.8,11.7,No
STU100296,Jannat Hossain,28.0,Male,Single,2.98,2.74,0,86.3,Yes,No,32958.0,Medium,85.8,5.0,72.7,7.4,No
STU100297,Tanjim Sultana,,Male,Single,2.95,2.82,0,74.7,Yes,No,37193.0,High,94.2,5.0,64.8,4.8,Yes
STU100298,Adnan Rahman,22.0,Female,Single,2.9,3.4,0,81.1,Yes,Yes,152982.0,Low,90.9,5.0,95.0,8.3,No
STU100299,Raisa Ahmed,20.0,Male,Single,2.7,2.76,0,85.4,Yes,No,118723.0,Low,79.4,5.0,71.7,14.6,No
STU100300,Tanjim Chowdhury,23.0,Female,Single,2.84,2.63,1,76.7,Yes,No,48690.0,High,91.3,5.0,96.6,8.3,Yes
STU100301,Sadia Khan,28.0,Male,Single,2.29,2.24,2,56.1,Yes,No,86084.0,Low,34.0,5.0,57.0,1.0,No
STU100302,Tanjim Islam,22.0,Female,Single,2.69,2.53,0,86.2,Yes,Yes,23401.0,Medium,96.4,5.0,89.0,9.0,No
STU100303,Tasmia Sultana,20.0,Female,Single,2.9,3.17,0,70.2,Yes,No,64870.0,Medium,76.3,7.0,92.4,9.5,No
STU100304,Adnan Hossain,23.0,Male,Single,3.13,2.96,1,81.6,Yes,No,47723.0,Medium,76.3,4.0,65.5,6.9,Yes
STU100305,Adnan Chowdhury,23.0,Female,Single,3.08,3.09,0,84.6,No,No,56741.0,Medium,64.3,10.0,77.7,10.1,No
STU100306,Mahin Hossain,25.0,Male,Single,2.45,2.25,0,86.6,No,No,21482.0,High,,6.0,63.0,11.3,Yes
STU100307,Rakib Hossain,19.0,Male,Single,3.19,3.85,0,86.7,No,Yes,19186.0,Medium,81.7,8.0,54.9,18.7,No
STU100308,Tanjim Ahmed,18.0,Male,Single,3.06,3.24,0,65.7,Yes,No,33064.0,High,,6.0,66.9,12.0,No
STU100309,Sumaiya Karim,21.0,Female,Single,3.65,3.82,0,89.9,Yes,No,,Medium,88.2,8.0,70.7,18.4,No
STU100310,Raisa Islam,24.0,Female,Single,2.33,2.54,1,78.3,Yes,No,26695.0,Medium,67.8,5.0,59.0,11.3,No
STU100311,Sumaiya Islam,28.0,Female,Single,2.94,2.82,0,90.2,No,No,186597.0,Low,69.7,8.0,59.6,12.5,No
STU100312,Mehedi Chowdhury,27.0,Male,Single,3.46,3.92,0,84.6,Yes,Yes,88591.0,Low,93.1,6.0,59.8,19.5,No
STU100313,Nabila Hasan,20.0,Female,Single,2.87,2.85,0,87.1,Yes,No,54445.0,Low,56.9,5.0,68.2,8.9,No
STU100314,Mahin Sultana,20.0,Male,Single,2.59,3.12,0,91.0,Yes,No,57642.0,Medium,97.6,7.0,78.1,21.8,No
STU100315,Rakib Ahmed,22.0,Female,Single,2.63,2.54,2,65.7,Yes,Yes,56600.0,Low,49.5,3.0,51.6,5.9,Yes
STU100316,Tasmia Hossain,22.0,Male,Single,3.35,3.57,0,89.4,Yes,Yes,40514.0,High,87.1,8.0,87.8,17.4,No
STU100317,Jannat Hossain,27.0,Female,Single,2.3,2.35,1,60.6,No,Yes,53765.0,Medium,52.2,3.0,56.1,4.0,Yes
STU100318,Adnan Islam,20.0,Female,Single,2.85,2.93,0,86.5,Yes,No,75754.0,Medium,76.1,4.0,82.9,14.7,No
STU100319,Hasan Karim,26.0,Female,Single,2.61,2.1,2,70.8,Yes,Yes,39636.0,Medium,56.5,6.0,62.9,9.0,Yes
STU100320,Adnan Karim,21.0,Female,Single,2.64,2.34,0,65.6,Yes,No,99560.0,Medium,100.0,5.0,82.5,12.4,No
STU100321,Adnan Rahman,20.0,Male,Single,3.2,3.65,0,83.6,Yes,No,39362.0,High,62.6,6.0,69.6,18.4,No
STU100322,Fahim Hasan,28.0,Female,Single,2.82,2.44,0,87.2,Yes,Yes,26072.0,Medium,59.8,7.0,74.0,12.4,No
STU100323,Mim Islam,19.0,Male,Single,3.1,3.37,0,86.8,Yes,Yes,51984.0,Medium,67.0,4.0,66.2,17.2,Yes
STU100324,Mehedi Ahmed,27.0,Female,Single,2.44,3.22,0,77.6,Yes,No,40479.0,Medium,80.4,8.0,83.6,13.3,No
STU100325,Sakib Rahman,28.0,Female,Single,3.37,3.54,0,79.4,Yes,Yes,39104.0,Medium,85.9,5.0,89.4,18.0,No
STU100326,Tanvir Hasan,26.0,Female,Married,3.1,3.73,0,96.9,Yes,No,73020.0,Medium,100.0,7.0,81.8,16.4,No
STU100327,Mehedi Hasan,21.0,Male,Single,3.56,3.76,0,83.7,Yes,Yes,36849.0,Medium,86.1,7.0,87.5,17.1,No
STU100328,Nabila Hasan,20.0,Male,Single,2.82,2.9,0,83.2,Yes,No,26934.0,High,90.3,5.0,76.8,10.8,No
STU100329,Shuvo Chowdhury,24.0,Male,Single,3.2,3.31,0,80.8,Yes,Yes,36306.0,Medium,92.5,5.0,92.2,9.3,No
STU100330,Shuvo Khan,25.0,Female,Single,3.35,3.3,0,64.5,Yes,No,29961.0,High,71.7,8.0,58.9,16.4,No
STU100331,Tasmia Khan,28.0,Male,Married,3.19,3.13,0,77.2,Yes,Yes,29776.0,Medium,67.3,3.0,72.0,9.4,No
STU100332,Mehedi Khan,19.0,Male,Single,3.76,3.61,0,97.1,Yes,No,77087.0,Medium,86.6,6.0,82.2,18.4,No
STU100333,Nabila Hasan,24.0,Female,Single,2.25,2.38,0,96.3,Yes,No,25646.0,High,65.3,6.0,74.9,11.9,No
STU100334,Mim Islam,22.0,Female,Single,3.08,,0,80.9,No,No,48032.0,High,85.1,7.0,79.5,15.8,No
STU100335,Mariya Chowdhury,28.0,Male,Single,2.82,3.24,0,87.0,No,No,37485.0,Medium,70.9,8.0,68.6,17.8,Yes
STU100336,Hasan Akter,22.0,Male,Single,2.79,2.85,0,100.0,Yes,Yes,42359.0,Low,84.3,8.0,64.5,10.5,Yes
STU100337,Tanjim Khan,20.0,Female,Single,3.67,3.86,0,99.7,No,No,14680.0,High,72.6,6.0,69.0,14.7,Yes
STU100338,Tanjim Karim,22.0,Male,Single,2.72,2.7,0,68.7,Yes,No,64120.0,High,,6.0,64.1,8.9,No
STU100339,Sakib Ahmed,19.0,Female,Single,3.38,3.81,0,86.1,No,No,38564.0,Medium,95.2,7.0,95.8,16.5,No
STU100340,Raisa Hasan,21.0,Male,Single,2.53,2.04,1,73.6,No,No,76784.0,Medium,64.1,5.0,71.3,4.7,Yes
STU100341,Mim Hasan,23.0,Female,Married,3.46,4.0,0,100.0,Yes,No,56067.0,Medium,62.8,5.0,43.8,15.6,Yes
STU100342,Mahin Karim,18.0,Male,Single,2.99,2.83,0,69.8,Yes,Yes,46215.0,Low,72.0,7.0,93.5,21.3,No
STU100343,Jannat Rahman,27.0,Male,Single,2.87,2.76,1,84.0,Yes,Yes,45184.0,Medium,74.5,5.0,78.2,6.5,No
STU100344,Hasan Ahmed,21.0,Female,Single,2.31,1.94,3,70.9,Yes,Yes,154218.0,Low,81.5,8.0,64.6,10.0,Yes
STU100345,Arafat Hasan,23.0,Female,Single,2.87,2.92,0,78.6,Yes,No,28932.0,High,75.5,7.0,80.9,11.3,Yes
STU100346,Sakib Akter,26.0,Male,Single,2.69,2.49,0,97.2,Yes,Yes,52842.0,Medium,57.2,4.0,51.4,7.1,No
STU100347,Sakib Akter,28.0,Female,Single,3.79,4.0,0,81.8,Yes,Yes,51317.0,Low,67.3,6.0,58.7,19.2,No
STU100348,Sakib Rahman,28.0,Male,Single,3.02,3.23,0,87.1,Yes,Yes,18527.0,Low,77.5,6.0,57.5,15.7,No
STU100349,Sakib Sultana,19.0,Female,Single,2.73,2.52,0,80.0,No,Yes,43566.0,Medium,,5.0,63.6,5.9,No
STU100350,Sumaiya Akter,28.0,Female,Single,2.71,2.45,0,81.0,Yes,No,19106.0,Medium,78.6,7.0,87.2,16.0,No
STU100351,Sakib Hasan,24.0,Male,Single,2.39,2.2,0,86.0,Yes,Yes,43350.0,Medium,87.2,4.0,85.9,4.8,Yes
STU100352,Tanjim Rahman,23.0,Female,Single,3.69,3.4,0,73.1,Yes,No,18434.0,High,48.5,4.0,60.1,13.7,No
STU100353,Tasmia Ahmed,19.0,Male,Single,3.57,,0,87.3,Yes,No,55500.0,High,79.4,6.0,77.6,11.5,No
STU100354,Tasmia Akter,25.0,Male,Single,2.97,2.72,1,94.5,Yes,Yes,22505.0,Medium,88.2,6.0,100.0,7.6,No
STU100355,Fahim Rahman,24.0,Female,Single,3.98,4.0,0,97.2,Yes,No,44707.0,High,100.0,8.0,100.0,23.0,No
STU100356,Tanvir Hasan,28.0,Female,Single,2.99,,0,74.8,Yes,Yes,18416.0,Medium,61.3,5.0,55.9,9.7,Yes
STU100357,Mehedi Akter,22.0,Male,Single,3.49,3.67,0,80.1,No,No,58454.0,Medium,87.6,6.0,64.8,19.2,No
STU100358,Arafat Hossain,22.0,Male,Single,3.25,3.43,0,90.1,No,No,43097.0,Medium,98.1,7.0,86.2,12.9,No
STU100359,Mim Khan,24.0,Male,Single,2.74,2.19,2,65.1,Yes,No,40669.0,High,52.4,4.0,51.0,1.0,Yes
STU100360,Tasmia Ahmed,26.0,Female,Single,3.08,3.3,0,83.1,Yes,Yes,48603.0,Medium,87.5,5.0,92.1,16.6,No
STU100361,Tanvir Karim,28.0,Male,Single,3.17,2.66,0,72.6,No,No,60023.0,Medium,83.5,10.0,69.7,12.9,Yes
STU100362,Nusrat Akter,26.0,Male,Single,2.41,2.16,0,94.0,Yes,Yes,28052.0,Medium,68.9,5.0,84.4,5.7,No
STU100363,Mariya Ahmed,26.0,Male,Single,3.13,3.33,1,84.8,No,No,44581.0,High,77.7,6.0,75.9,14.9,No
STU100364,Raisa Hasan,23.0,Male,Single,3.51,3.55,0,86.9,Yes,Yes,34821.0,High,96.3,9.0,75.5,14.8,No
STU100365,Tanvir Chowdhury,27.0,Male,Married,2.69,2.59,0,64.0,Yes,Yes,92091.0,Low,73.0,7.0,58.1,16.0,No
STU100366,Tanjim Akter,23.0,Male,Single,2.91,2.37,3,60.5,Yes,No,35950.0,Medium,65.0,5.0,60.6,10.6,Yes
STU100367,Arafat Chowdhury,20.0,Male,Single,2.5,2.79,0,79.8,Yes,No,28912.0,Medium,83.6,4.0,71.6,9.7,No
STU100368,Sumaiya Karim,18.0,Male,Single,2.78,2.91,0,80.8,Yes,Yes,19672.0,Medium,95.3,5.0,95.0,12.8,No
STU100369,Nabila Hossain,24.0,Female,Married,2.82,2.56,2,87.4,Yes,Yes,38844.0,Medium,57.4,4.0,55.5,14.2,Yes
STU100370,Mim Akter,21.0,Male,Single,3.71,3.42,0,86.5,No,No,30774.0,Medium,86.4,6.0,44.2,16.8,No
STU100371,Sakib Hossain,18.0,Female,Single,2.86,3.17,0,92.7,Yes,Yes,54895.0,Medium,79.8,7.0,76.0,14.4,No
STU100372,Sumaiya Islam,25.0,Female,Single,2.76,2.85,0,82.4,Yes,Yes,50846.0,Medium,54.1,4.0,42.0,12.5,Yes
STU100373,Tanvir Chowdhury,23.0,Female,Married,2.96,2.55,0,86.1,Yes,No,60267.0,Low,60.0,4.0,54.8,14.8,No
STU100374,Hasan Rahman,23.0,Female,Single,2.23,2.01,2,53.1,Yes,Yes,22514.0,Medium,59.0,7.0,42.2,2.2,Yes
STU100375,Sumaiya Khan,19.0,Male,Married,1.94,2.53,1,63.9,Yes,Yes,12000.0,Medium,67.7,8.0,63.9,12.4,No
STU100376,Sumaiya Karim,18.0,Male,Single,2.38,2.68,0,87.7,Yes,Yes,44976.0,Medium,85.6,7.0,59.4,11.4,No
STU100377,Hasan Hasan,19.0,Male,Single,3.15,3.15,1,93.6,Yes,No,70768.0,High,75.3,6.0,55.3,16.0,Yes
STU100378,Tanjim Chowdhury,21.0,Male,Married,3.0,3.01,0,66.7,Yes,No,36240.0,Medium,72.6,6.0,87.4,10.0,No
STU100379,Tasmia Rahman,19.0,Female,Married,3.39,2.74,0,80.0,Yes,No,120115.0,Low,77.2,5.0,75.8,15.1,No
STU100380,Raisa Sultana,18.0,Female,Single,2.32,2.71,0,66.2,Yes,Yes,42046.0,Medium,63.3,7.0,62.3,5.8,No
STU100381,Adnan Rahman,24.0,Female,Single,2.91,2.77,0,74.2,No,No,30022.0,Medium,75.1,6.0,64.8,4.7,Yes
STU100382,Fahim Akter,28.0,Male,Single,2.28,2.04,2,51.2,No,Yes,56583.0,High,20.3,2.0,25.5,4.3,Yes
STU100383,Nabila Hasan,28.0,Female,Married,3.12,3.35,0,83.7,Yes,No,96181.0,Medium,81.2,6.0,98.8,18.0,No
STU100384,Nusrat Hasan,25.0,Male,Single,2.38,2.19,0,73.9,Yes,No,43946.0,Medium,57.7,7.0,58.8,7.7,No
STU100385,Sakib Khan,23.0,Male,Single,2.89,2.34,1,72.0,No,No,68114.0,Medium,66.6,4.0,42.1,15.1,Yes
STU100386,Jannat Hossain,21.0,Male,Married,3.09,3.22,1,78.1,Yes,Yes,35665.0,High,93.5,6.0,68.7,12.5,No
STU100387,Jannat Hasan,23.0,Female,Single,2.82,2.37,0,82.7,No,No,36111.0,Medium,75.3,10.0,86.4,14.2,Yes
STU100388,Fahim Akter,20.0,Male,Single,1.98,1.96,1,86.1,Yes,No,83254.0,Medium,68.5,5.0,83.1,2.0,No
STU100389,Mahin Hossain,25.0,Female,Single,3.75,3.84,0,77.9,Yes,Yes,16986.0,Medium,100.0,8.0,65.0,18.8,No
STU100390,Mariya Hossain,27.0,Female,Single,2.78,2.69,0,72.0,No,Yes,25272.0,High,64.7,5.0,57.2,14.2,No
STU100391,Sakib Hossain,19.0,Female,Single,2.28,2.19,1,73.7,Yes,Yes,61929.0,Medium,48.9,9.0,39.7,11.2,Yes
STU100392,Tanjim Hossain,22.0,Male,Single,3.34,3.81,0,86.1,No,No,37251.0,High,70.6,8.0,50.4,13.4,No
STU100393,Mim Ahmed,18.0,Female,Single,3.36,3.83,0,85.8,Yes,No,53029.0,Low,100.0,8.0,93.6,12.6,No
STU100394,Mariya Khan,23.0,Female,Single,2.86,2.59,1,63.9,Yes,No,60327.0,Low,74.3,5.0,72.3,9.5,No
STU100395,Rakib Chowdhury,19.0,Male,Single,3.69,3.51,1,79.0,Yes,Yes,21795.0,High,59.8,4.0,58.8,16.2,No
STU100396,Raisa Rahman,21.0,Male,Single,2.67,2.5,1,71.0,Yes,Yes,,Low,75.4,9.0,65.4,3.4,No
STU100397,Tasmia Hossain,23.0,Male,Single,3.08,3.07,0,84.5,Yes,No,84841.0,Medium,83.6,5.0,84.1,16.3,No
STU100398,Nabila Akter,27.0,Male,Single,3.23,3.21,0,75.5,Yes,No,36390.0,High,59.4,6.0,70.0,21.6,No
STU100399,Raisa Khan,28.0,Male,Single,3.68,4.0,0,98.0,Yes,No,31030.0,High,98.6,8.0,88.8,12.2,No
STU100400,Nabila Sultana,25.0,Female,Single,2.13,2.07,1,60.2,No,No,55162.0,High,55.3,8.0,62.9,1.0,Yes
STU100401,Nusrat Akter,25.0,Male,Single,4.0,3.69,0,100.0,Yes,No,77116.0,Low,90.4,5.0,100.0,9.9,No
STU100402,Mahin Hossain,28.0,Male,Single,3.53,3.35,0,77.5,Yes,No,69055.0,High,62.0,6.0,49.3,19.1,No
STU100403,Adnan Rahman,23.0,Female,Single,3.2,3.31,0,97.5,Yes,No,58013.0,Low,100.0,8.0,73.7,13.3,No
STU100404,Shuvo Akter,21.0,Male,Single,2.64,2.56,1,68.8,Yes,No,85061.0,Medium,48.0,5.0,65.1,4.5,No
STU100405,Tanvir Islam,25.0,Female,Single,2.6,2.7,0,87.0,Yes,No,59557.0,High,62.7,6.0,77.9,7.3,No
STU100406,Mariya Chowdhury,25.0,Male,Single,3.13,3.06,0,79.2,Yes,No,33178.0,High,59.9,8.0,100.0,13.4,No
STU100407,Mim Karim,27.0,Female,Single,3.22,3.44,0,86.2,Yes,No,51979.0,Medium,98.7,8.0,77.3,20.6,No
STU100408,Adnan Sultana,18.0,Male,Single,3.16,3.14,0,88.5,Yes,Yes,69234.0,Low,66.4,5.0,77.6,16.9,No
STU100409,Sakib Chowdhury,21.0,Female,Single,3.07,2.71,1,73.7,No,No,28834.0,Medium,60.9,3.0,60.2,12.9,No
STU100410,Sumaiya Karim,21.0,Male,Single,3.19,3.09,0,65.6,Yes,Yes,32934.0,Low,76.7,6.0,82.8,12.0,No
STU100411,Tanvir Sultana,24.0,Female,Single,2.02,2.68,0,73.7,Yes,Yes,50154.0,Medium,43.6,4.0,30.7,8.2,No
STU100412,Raisa Islam,28.0,Male,Single,2.88,3.25,1,76.5,Yes,No,65670.0,Low,61.8,7.0,62.1,7.6,No
STU100413,Raisa Ahmed,24.0,Female,Single,2.38,2.03,1,86.8,Yes,Yes,44428.0,Low,52.7,3.0,56.3,10.7,No
STU100414,Nusrat Islam,28.0,Male,Single,2.98,3.52,0,85.7,Yes,No,51859.0,High,96.3,10.0,73.0,18.4,No
STU100415,Jannat Sultana,25.0,Male,Single,3.59,3.63,0,88.6,Yes,Yes,12000.0,High,83.6,7.0,81.8,16.3,No
STU100416,Shuvo Khan,28.0,Female,Single,2.59,2.44,1,73.5,Yes,No,108448.0,Medium,56.9,,48.3,2.8,Yes
STU100417,Jannat Akter,22.0,Male,Single,2.68,2.6,0,80.7,Yes,No,68941.0,Medium,83.3,8.0,78.4,1.6,No
STU100418,Mim Chowdhury,24.0,Female,Single,2.62,2.63,1,64.9,Yes,No,67151.0,Low,55.5,4.0,54.7,3.3,No
STU100419,Mariya Islam,25.0,Female,Single,2.68,3.0,0,75.8,Yes,No,64065.0,Medium,89.4,7.0,74.8,15.2,No
STU100420,Nusrat Sultana,26.0,Female,Married,3.25,3.31,3,81.4,Yes,Yes,67259.0,Low,99.4,9.0,80.5,10.2,No
STU100421,Fahim Khan,20.0,Male,Single,3.35,3.45,0,83.6,Yes,No,96713.0,Low,97.0,9.0,90.3,21.9,No
STU100422,Arafat Hasan,20.0,Female,Single,3.66,4.0,0,89.1,Yes,No,83270.0,Low,100.0,8.0,80.6,13.9,No
STU100423,Mehedi Hossain,21.0,Female,Single,2.55,2.43,0,77.2,No,No,56947.0,High,74.8,7.0,63.0,9.2,No
STU100424,Mehedi Ahmed,22.0,Female,Single,3.31,3.4,0,91.4,Yes,No,70090.0,Medium,,6.0,78.0,16.2,No
STU100425,Tanjim Khan,27.0,Male,Single,3.38,3.51,0,80.3,Yes,Yes,52426.0,Low,81.1,4.0,81.6,6.7,No
STU100426,Mehedi Islam,18.0,Male,Single,3.74,3.78,0,89.2,Yes,Yes,29612.0,High,100.0,10.0,94.6,21.7,No
STU100427,Sumaiya Ahmed,24.0,Male,Single,2.58,2.73,0,60.5,Yes,Yes,34027.0,Medium,49.7,4.0,53.0,7.9,No
STU100428,Sumaiya Hasan,26.0,Male,Single,2.1,1.89,2,52.6,Yes,No,35712.0,Medium,57.3,3.0,44.5,1.0,Yes
STU100429,Fahim Chowdhury,25.0,Male,Single,2.88,3.17,0,81.1,Yes,No,40981.0,Medium,72.8,9.0,67.6,11.4,No
STU100430,Mim Ahmed,22.0,Male,Single,4.0,3.83,0,78.7,Yes,Yes,39491.0,High,92.5,8.0,83.5,21.8,No
STU100431,Tasmia Rahman,21.0,Female,Single,2.51,,0,88.0,Yes,Yes,23843.0,High,75.9,3.0,48.2,6.5,Yes
STU100432,Rakib Chowdhury,24.0,Female,Single,3.22,3.28,0,74.6,Yes,No,50527.0,High,85.2,5.0,77.2,7.9,Yes
STU100433,Jannat Rahman,22.0,Female,Single,2.0,1.8,2,65.2,No,No,67525.0,Medium,57.1,5.0,43.8,1.0,Yes
STU100434,Raisa Islam,24.0,Male,Single,3.82,4.0,0,97.2,Yes,Yes,34835.0,Medium,96.7,6.0,81.1,17.0,No
STU100435,Hasan Chowdhury,18.0,Male,Single,2.15,2.67,0,83.8,Yes,No,,Medium,75.3,7.0,68.7,13.7,No
STU100436,Fahim Islam,18.0,Female,Single,1.92,1.65,3,57.3,No,Yes,68140.0,Medium,33.4,3.0,33.5,1.6,Yes
STU100437,Hasan Sultana,27.0,Female,Married,3.04,3.28,0,80.8,Yes,No,49941.0,Medium,79.4,6.0,70.3,5.7,No
STU100438,Nabila Khan,20.0,Female,Single,3.05,,0,86.4,Yes,No,73072.0,Low,68.2,6.0,83.5,9.1,No
STU100439,Mehedi Sultana,28.0,Female,Married,3.64,3.44,0,92.8,Yes,No,67424.0,Low,71.0,4.0,67.3,16.7,No
STU100440,Jannat Hasan,19.0,Male,Single,3.38,3.49,0,99.4,Yes,Yes,29124.0,Medium,68.5,4.0,100.0,9.8,No
STU100441,Jannat Hasan,19.0,Female,Single,2.1,2.35,1,81.0,Yes,No,50967.0,High,72.8,7.0,62.2,6.2,No
STU100442,Rakib Chowdhury,24.0,Male,Single,2.93,2.98,0,88.0,No,Yes,62598.0,Medium,65.3,6.0,53.4,5.1,No
STU100443,Tanvir Karim,27.0,Male,Single,2.69,2.58,1,78.7,Yes,No,30680.0,High,72.5,8.0,81.0,8.6,Yes
STU100444,Mariya Sultana,19.0,Female,Single,2.4,2.8,1,78.5,Yes,No,23686.0,Medium,69.2,4.0,54.9,10.9,No
STU100445,Adnan Sultana,28.0,Male,Single,3.2,3.6,0,83.5,No,No,44548.0,Medium,69.1,6.0,63.9,21.7,No
STU100446,Fahim Sultana,21.0,Male,Single,3.47,3.26,0,88.6,Yes,No,14189.0,Medium,61.6,4.0,39.2,12.9,No
STU100447,Nusrat Khan,19.0,Male,Single,2.64,2.66,0,77.2,Yes,Yes,12000.0,Low,74.5,6.0,70.2,11.6,No
STU100448,Jannat Hossain,23.0,Male,Single,2.85,2.38,1,80.3,Yes,Yes,62621.0,Low,50.2,7.0,82.1,7.3,No
STU100449,Hasan Hasan,25.0,Female,Single,2.88,3.13,0,89.5,Yes,Yes,29629.0,High,83.1,8.0,83.6,11.4,No
STU100450,Mahin Rahman,27.0,Male,Single,2.7,3.1,0,87.0,Yes,No,38117.0,Low,85.2,6.0,76.9,13.7,No
STU100451,Arafat Hasan,21.0,Male,Single,2.81,2.92,1,72.8,Yes,No,51383.0,High,54.6,5.0,51.4,16.6,No
STU100452,Jannat Islam,22.0,Male,Married,2.7,2.39,0,76.3,No,Yes,44007.0,Low,49.9,4.0,42.3,5.9,No
STU100453,Jannat Sultana,21.0,Male,Single,3.06,3.54,0,96.1,Yes,No,29513.0,Medium,84.9,5.0,100.0,10.8,No
STU100454,Mahin Hasan,20.0,Male,Single,2.74,3.35,0,69.4,Yes,Yes,132227.0,Low,71.8,5.0,46.6,15.7,No
STU100455,Arafat Khan,22.0,Female,Single,3.19,3.06,1,81.2,No,No,43098.0,Medium,63.5,4.0,74.0,6.1,No
STU100456,Mahin Islam,26.0,Male,Single,2.73,2.87,1,84.8,Yes,No,204970.0,Low,46.7,6.0,54.0,12.4,No
STU100457,Tasmia Chowdhury,25.0,Female,Single,3.29,3.54,0,90.2,No,No,26837.0,Medium,97.1,7.0,88.9,11.1,No
STU100458,Arafat Chowdhury,25.0,Female,Married,2.72,2.96,0,100.0,No,No,36578.0,High,80.4,6.0,96.1,19.2,No
STU100459,Mahin Karim,25.0,Female,Single,3.27,3.29,0,69.8,No,Yes,45613.0,Medium,81.7,6.0,62.9,15.1,Yes
STU100460,Tanjim Chowdhury,25.0,Male,Single,2.62,3.16,0,72.6,Yes,No,46882.0,Medium,73.5,9.0,78.3,10.8,No
STU100461,Sumaiya Hossain,24.0,Male,Single,3.4,2.93,1,,Yes,No,77571.0,High,80.8,4.0,57.0,13.6,Yes
STU100462,Tanvir Akter,25.0,Female,Single,2.2,1.73,3,71.3,Yes,No,12498.0,Medium,41.7,3.0,72.8,3.2,Yes
STU100463,Sumaiya Karim,28.0,Male,Married,3.0,2.99,0,82.5,Yes,No,104227.0,Low,71.8,6.0,69.7,13.7,No
STU100464,Jannat Khan,25.0,Female,Single,2.74,3.27,0,96.0,Yes,No,16047.0,Medium,73.5,6.0,56.3,13.4,No
STU100465,Adnan Hasan,25.0,Female,Single,2.98,3.33,0,79.4,No,Yes,29346.0,High,81.9,8.0,73.9,13.2,No
STU100466,Jannat Ahmed,27.0,Female,Single,2.47,2.02,1,68.7,Yes,No,46302.0,High,50.8,9.0,61.4,10.3,Yes
STU100467,Mehedi Hossain,24.0,Female,Single,2.91,3.77,0,95.0,No,No,56389.0,High,83.3,4.0,98.7,15.5,No
STU100468,Nusrat Islam,18.0,Female,Single,2.5,2.67,0,76.2,No,No,40326.0,High,49.3,3.0,55.0,7.1,Yes
STU100469,Tanjim Hossain,21.0,Male,Single,2.89,2.55,0,86.8,Yes,Yes,34586.0,Medium,66.9,6.0,60.1,11.1,Yes
STU100470,Nabila Hossain,21.0,Female,Single,2.85,2.82,1,83.8,Yes,No,45180.0,Medium,75.0,7.0,82.8,11.7,No
STU100471,Mahin Chowdhury,22.0,Male,Single,3.15,3.44,0,81.8,Yes,No,36158.0,Medium,79.3,5.0,75.8,10.3,No
STU100472,Raisa Hasan,27.0,Male,Single,3.03,3.41,0,87.9,Yes,No,81666.0,High,89.4,7.0,80.5,21.5,No
STU100473,Mehedi Akter,23.0,Female,Single,3.85,3.83,0,84.3,No,No,65831.0,Medium,74.0,5.0,75.6,10.9,No
STU100474,Mehedi Khan,21.0,Female,Married,2.77,2.93,1,70.4,Yes,Yes,57533.0,Low,59.9,6.0,37.8,4.6,No
STU100475,Tanjim Sultana,19.0,Female,Single,2.94,2.9,0,77.7,No,No,78981.0,Low,77.6,6.0,72.8,19.0,Yes
STU100476,Fahim Islam,23.0,Female,Single,4.0,3.98,0,88.2,Yes,No,54497.0,High,89.3,7.0,73.5,17.8,No
STU100477,Nusrat Karim,25.0,Male,Single,2.9,3.12,0,83.9,Yes,Yes,39467.0,Medium,41.8,,46.6,11.4,Yes
STU100478,Sumaiya Ahmed,25.0,Female,Married,3.43,3.86,0,87.9,No,Yes,18576.0,Medium,81.3,8.0,79.4,14.6,No
STU100479,Jannat Hasan,24.0,Female,Single,3.26,2.92,0,65.6,Yes,Yes,125401.0,Low,55.9,3.0,31.6,9.3,Yes
STU100480,Hasan Islam,23.0,Female,Single,4.0,3.93,0,98.4,Yes,No,83453.0,Medium,90.7,7.0,68.6,22.3,No
STU100481,Rakib Sultana,19.0,Male,Single,2.36,2.18,0,60.1,Yes,No,23140.0,Medium,21.1,5.0,43.5,6.9,Yes
STU100482,Tanjim Akter,24.0,Male,Single,2.3,2.0,2,69.7,No,No,67319.0,Medium,53.9,6.0,61.1,6.3,Yes
STU100483,Fahim Ahmed,28.0,Female,Single,2.5,2.18,0,68.8,Yes,No,57985.0,High,69.2,5.0,68.3,2.9,Yes
STU100484,Sakib Islam,22.0,Male,Married,3.08,3.09,0,84.0,Yes,No,26785.0,Medium,70.0,6.0,54.2,11.5,No
STU100485,Nabila Akter,23.0,Male,Single,2.55,2.23,0,73.8,Yes,Yes,96407.0,Low,60.2,5.0,60.0,10.1,No
STU100486,Shuvo Akter,27.0,Female,Single,2.04,1.71,2,68.8,Yes,Yes,49284.0,Low,39.0,4.0,58.9,1.0,Yes
STU100487,Shuvo Sultana,25.0,Male,Single,2.58,2.53,1,79.9,Yes,Yes,23934.0,Medium,84.3,6.0,88.2,6.1,No
STU100488,Nabila Karim,25.0,Male,Single,3.17,2.87,0,90.3,Yes,No,23033.0,Medium,93.0,7.0,76.5,15.8,No
STU100489,Jannat Hasan,20.0,Male,Single,2.59,2.75,1,83.9,Yes,No,56568.0,High,83.1,7.0,59.4,6.2,No
STU100490,Nabila Ahmed,24.0,Male,Single,3.51,3.37,0,85.3,Yes,No,26615.0,Medium,100.0,5.0,100.0,13.2,No
STU100491,Arafat Rahman,18.0,Female,Single,2.49,2.14,3,74.6,Yes,Yes,30036.0,Medium,66.4,5.0,89.7,9.0,Yes
STU100492,Mim Hossain,18.0,Male,Single,3.01,3.7,0,83.1,Yes,No,56838.0,Medium,78.2,5.0,81.0,17.9,No
STU100493,Sumaiya Chowdhury,24.0,Male,Single,2.82,2.18,2,84.6,Yes,No,31291.0,High,60.1,7.0,58.1,8.5,No
STU100494,Nabila Chowdhury,27.0,Female,Single,3.08,3.34,0,79.4,No,Yes,34753.0,Medium,85.5,6.0,64.1,16.5,No
STU100495,Tanjim Hasan,26.0,Female,Single,3.13,3.23,0,79.6,Yes,No,29144.0,Medium,81.5,6.0,79.0,15.7,No
STU100496,Tanvir Hasan,24.0,Female,Single,3.71,3.57,0,70.2,Yes,Yes,65140.0,Medium,60.9,5.0,65.6,14.4,No
STU100497,Rakib Karim,27.0,Male,Single,3.31,3.04,1,73.3,Yes,Yes,88928.0,Low,77.2,5.0,61.4,6.6,No
STU100498,Tanjim Akter,22.0,Male,Married,2.81,3.33,0,82.2,Yes,Yes,17604.0,Medium,86.0,9.0,69.4,13.0,Yes
STU100499,Nabila Karim,25.0,Female,Single,3.28,3.91,0,86.9,Yes,Yes,26190.0,Medium,95.4,7.0,75.6,17.1,No
STU100500,Nusrat Chowdhury,19.0,Male,Married,3.34,3.25,0,99.1,No,No,13080.0,High,88.6,8.0,94.8,8.1,No
STU100501,Hasan Karim,26.0,Female,Single,3.92,3.79,0,93.6,Yes,No,48243.0,Low,89.1,6.0,86.1,14.8,No
STU100502,Tasmia Ahmed,23.0,Male,Single,2.93,3.27,0,92.6,Yes,Yes,50367.0,Medium,90.2,9.0,96.1,13.0,No
STU100503,Tasmia Rahman,26.0,Male,Single,2.96,2.89,0,81.1,Yes,Yes,26691.0,Medium,49.7,6.0,57.0,15.6,No
STU100504,Fahim Karim,19.0,Female,Single,3.59,3.77,0,81.8,No,Yes,35391.0,Medium,91.0,7.0,85.0,9.8,No
STU100505,Sakib Ahmed,20.0,Female,Single,2.1,2.27,2,89.8,No,No,57891.0,Medium,74.0,7.0,63.8,7.2,No
STU100506,Sumaiya Islam,25.0,Female,Single,2.91,2.92,0,80.4,Yes,No,105672.0,Medium,94.6,8.0,68.1,14.5,Yes
STU100507,Tasmia Khan,18.0,Male,Single,3.31,3.36,0,90.7,Yes,Yes,29959.0,Medium,89.7,7.0,86.6,17.8,No
STU100508,Sadia Chowdhury,27.0,Male,Single,3.47,3.58,0,78.1,Yes,No,47792.0,High,70.3,5.0,62.1,19.1,Yes
STU100509,Raisa Hossain,24.0,Female,Single,2.01,1.68,3,51.9,No,No,60759.0,Medium,31.2,4.0,44.6,1.0,Yes
STU100510,Mehedi Hossain,24.0,Female,Single,2.4,2.19,1,86.0,No,No,120920.0,Low,69.3,6.0,47.5,5.2,Yes
STU100511,Mariya Karim,18.0,Male,Single,1.88,1.95,1,74.5,Yes,No,56137.0,Low,61.6,4.0,72.4,7.8,No
STU100512,Rakib Chowdhury,26.0,Male,Single,3.39,3.26,0,82.1,Yes,No,128594.0,Low,66.3,6.0,74.4,11.4,No
STU100513,Hasan Khan,25.0,Male,Single,3.09,3.93,0,87.7,No,No,20367.0,High,90.6,5.0,70.8,18.5,No
STU100514,Sakib Karim,21.0,Female,Single,3.64,,0,78.1,Yes,No,56443.0,Medium,80.3,7.0,77.7,20.5,No
STU100515,Fahim Karim,,Female,Single,3.01,2.49,1,69.9,Yes,No,38806.0,Medium,57.9,4.0,61.0,11.5,No
STU100516,Tanvir Akter,28.0,Female,Single,4.0,3.16,0,87.1,Yes,No,44398.0,High,80.4,9.0,99.6,15.4,Yes
STU100517,Sumaiya Hossain,22.0,Male,Single,2.58,2.82,0,81.0,Yes,No,23066.0,High,73.9,7.0,68.6,16.1,No
STU100518,Hasan Sultana,19.0,Female,Single,2.83,2.88,0,87.8,Yes,No,88154.0,Low,95.0,8.0,86.0,9.8,No
STU100519,Tasmia Akter,26.0,Male,Married,3.19,3.62,0,62.3,Yes,No,61976.0,Medium,52.5,6.0,45.7,12.8,Yes
STU100520,Mehedi Hossain,23.0,Male,Single,2.68,2.49,0,79.5,Yes,No,50602.0,Medium,68.2,7.0,72.7,9.4,No
STU100521,Mariya Chowdhury,20.0,Female,Single,3.19,3.15,0,90.2,Yes,No,17536.0,High,80.4,7.0,88.8,9.7,No
STU100522,Rakib Khan,24.0,Male,Married,2.95,3.03,1,59.4,Yes,No,74368.0,High,42.2,2.0,64.6,14.5,No
STU100523,Mim Karim,26.0,Male,Single,2.92,2.88,0,71.7,Yes,Yes,31220.0,Medium,79.1,6.0,77.0,14.2,No
STU100524,Sumaiya Sultana,20.0,Male,Single,2.94,2.87,0,68.0,Yes,No,29238.0,High,79.5,5.0,78.1,13.6,Yes
STU100525,Mim Islam,19.0,Male,Single,3.32,3.54,0,97.9,Yes,Yes,19638.0,High,68.7,5.0,73.5,8.9,No
STU100526,Mahin Rahman,24.0,Female,Single,2.85,,1,76.4,Yes,No,37465.0,High,74.4,9.0,73.6,4.7,Yes
STU100527,Sakib Islam,24.0,Female,Single,2.5,2.66,0,80.5,No,Yes,33198.0,High,60.8,5.0,67.8,5.2,No
STU100528,Arafat Sultana,21.0,Female,Single,3.03,3.58,0,96.8,No,No,94120.0,Medium,92.2,9.0,60.3,6.4,No
STU100529,Fahim Karim,28.0,Female,Married,2.71,3.21,0,82.7,Yes,Yes,25909.0,Medium,81.1,6.0,85.8,14.1,No
STU100530,Sumaiya Sultana,26.0,Female,Married,2.55,2.01,2,62.2,Yes,Yes,30304.0,Low,51.8,4.0,55.5,1.0,No
STU100531,Mim Hossain,25.0,Male,Single,2.22,2.07,2,70.1,Yes,Yes,32524.0,Medium,26.9,4.0,37.5,1.8,Yes
STU100532,Mariya Sultana,18.0,Male,Single,3.42,3.51,0,89.9,Yes,Yes,28681.0,Medium,64.4,5.0,50.6,19.6,No
STU100533,Shuvo Hasan,18.0,Female,Married,3.3,3.68,0,77.3,No,No,21679.0,High,84.8,9.0,88.5,17.0,No
STU100534,Mehedi Akter,22.0,Male,Single,3.63,3.7,0,100.0,Yes,No,64312.0,Medium,96.7,5.0,100.0,14.4,No
STU100535,Hasan Chowdhury,23.0,Female,Single,3.0,3.39,0,68.0,Yes,No,40915.0,Medium,64.3,7.0,81.9,12.7,No
STU100536,Sumaiya Chowdhury,20.0,Male,Single,3.49,3.28,0,,No,Yes,33449.0,Low,97.4,8.0,78.7,18.8,No
STU100537,Arafat Rahman,26.0,Female,Single,2.58,2.67,0,94.5,Yes,No,31449.0,High,68.5,6.0,48.8,11.1,No
STU100538,Fahim Karim,27.0,Female,Single,2.14,2.25,1,74.1,Yes,Yes,48221.0,Medium,55.8,5.0,43.1,2.6,No
STU100539,Arafat Hossain,23.0,Male,Single,2.66,3.06,0,64.0,Yes,Yes,31576.0,Medium,68.1,6.0,69.4,12.2,Yes
STU100540,Nusrat Chowdhury,21.0,Male,Single,2.91,3.18,0,96.8,Yes,No,43344.0,Medium,85.9,7.0,85.1,13.6,No
STU100541,Sakib Hossain,24.0,Female,Single,3.16,3.37,1,77.6,Yes,No,58517.0,Low,73.4,8.0,80.9,8.0,No
STU100542,Sadia Sultana,25.0,Male,Single,3.58,3.83,0,95.7,Yes,Yes,54384.0,Low,86.8,4.0,82.2,21.2,No
STU100543,Arafat Ahmed,26.0,Male,Single,3.14,2.78,1,81.0,Yes,No,99229.0,Medium,67.5,5.0,56.8,1.0,No
STU100544,Nabila Hasan,28.0,Female,Single,4.0,3.95,0,89.4,Yes,No,77074.0,Medium,92.4,6.0,83.3,18.2,No
STU100545,Raisa Sultana,23.0,Male,Single,3.05,2.75,1,58.5,Yes,No,53971.0,Medium,63.4,3.0,56.3,8.5,No
STU100546,Rakib Hossain,23.0,Female,Single,3.05,2.85,0,84.5,Yes,No,55512.0,Medium,78.1,7.0,80.0,8.7,No
STU100547,Raisa Ahmed,25.0,Male,Single,3.15,3.1,0,89.4,Yes,No,132283.0,Low,79.4,9.0,87.2,9.4,No
STU100548,Shuvo Sultana,22.0,Male,Single,3.17,2.49,0,63.5,No,No,29011.0,Medium,71.4,7.0,66.0,18.8,Yes
STU100549,Mariya Hasan,20.0,Female,Married,3.16,3.12,1,95.1,Yes,No,59156.0,Medium,79.7,6.0,76.1,9.6,No
STU100550,Adnan Islam,20.0,Male,Single,2.45,2.21,2,66.2,No,No,28002.0,High,56.2,6.0,55.2,3.6,Yes
STU100551,Nabila Hossain,23.0,Male,Married,3.38,3.07,0,98.9,Yes,No,71178.0,Medium,87.2,8.0,76.2,14.3,No
STU100552,Mim Islam,19.0,Male,Single,4.0,4.0,0,96.0,No,No,63933.0,Medium,100.0,6.0,79.8,16.9,Yes
STU100553,Adnan Rahman,23.0,Male,Single,2.6,2.49,0,78.1,Yes,No,39316.0,High,78.1,5.0,82.6,6.7,Yes
STU100554,Hasan Karim,23.0,Male,Married,2.98,3.08,0,83.6,No,No,91873.0,Low,76.3,9.0,86.8,9.6,No
STU100555,Mariya Karim,25.0,Male,Single,2.38,2.19,2,78.4,No,No,46515.0,High,63.2,7.0,66.7,4.3,Yes
STU100556,Mariya Rahman,24.0,Male,Single,3.34,3.29,0,98.0,Yes,No,54124.0,Medium,98.6,8.0,90.4,19.3,No
STU100557,Mahin Rahman,25.0,Male,Single,3.34,4.0,0,81.3,Yes,Yes,18504.0,Medium,76.5,8.0,75.8,17.5,No
STU100558,Nusrat Ahmed,26.0,Female,Single,2.32,2.51,1,69.7,Yes,No,155345.0,Low,61.1,7.0,51.1,14.3,No
STU100559,Fahim Akter,23.0,Female,Single,2.41,2.16,1,87.2,No,Yes,25503.0,High,59.4,7.0,78.9,10.8,Yes
STU100560,Fahim Khan,20.0,Male,Single,2.06,2.44,2,63.5,Yes,Yes,22709.0,High,69.6,7.0,63.4,11.8,No
STU100561,Adnan Rahman,27.0,Female,Single,3.71,4.0,0,,Yes,Yes,63331.0,Medium,75.6,5.0,71.8,18.4,No
STU100562,Adnan Hasan,20.0,Female,Single,2.62,2.8,0,74.2,Yes,No,49447.0,Medium,62.8,6.0,76.0,11.2,Yes
STU100563,Sadia Hossain,28.0,Female,Single,2.94,2.71,2,80.3,Yes,No,19367.0,Medium,78.8,8.0,69.1,12.1,No
STU100564,Tanvir Islam,18.0,Female,Single,2.84,3.14,0,61.0,Yes,Yes,28081.0,Medium,72.0,6.0,70.8,16.5,Yes
STU100565,Tanvir Hossain,28.0,Male,Single,3.44,3.27,0,90.8,Yes,No,36029.0,Medium,87.3,7.0,67.3,9.3,No
STU100566,Sakib Karim,22.0,Female,Single,3.3,3.7,0,98.1,Yes,Yes,29900.0,Medium,87.1,6.0,70.0,18.6,No
STU100567,Mehedi Rahman,21.0,Male,Single,3.27,3.2,0,89.5,Yes,Yes,50131.0,Medium,85.4,5.0,76.8,12.3,No
STU100568,Nusrat Ahmed,26.0,Male,Single,2.63,2.55,0,70.9,Yes,No,75089.0,Medium,65.4,5.0,83.2,8.5,No
STU100569,Sumaiya Khan,26.0,Female,Single,3.31,3.46,0,53.8,Yes,No,150762.0,Low,58.4,3.0,50.9,14.6,No
STU100570,Tanvir Chowdhury,22.0,Male,Married,3.42,3.84,0,82.6,Yes,No,19391.0,High,100.0,8.0,73.6,11.4,No
STU100571,Nabila Sultana,27.0,Male,Single,3.29,4.0,0,95.9,Yes,Yes,43392.0,Medium,93.1,6.0,72.7,24.7,No
STU100572,Mim Khan,21.0,Female,Single,2.42,2.43,1,74.2,Yes,No,47143.0,High,65.0,6.0,73.0,6.4,Yes
STU100573,Rakib Rahman,24.0,Female,Single,2.49,2.37,1,81.9,Yes,No,46796.0,High,60.8,6.0,59.1,4.9,Yes
STU100574,Rakib Sultana,23.0,Female,Single,3.78,3.54,0,84.3,No,No,50216.0,High,100.0,8.0,76.5,18.7,Yes
STU100575,Arafat Hasan,21.0,Female,Single,3.87,3.43,0,83.0,No,No,47103.0,Medium,88.0,6.0,88.4,16.8,Yes
STU100576,Sumaiya Islam,27.0,Male,Single,2.97,2.67,1,90.7,Yes,No,85238.0,Low,67.8,5.0,54.7,4.5,No
STU100577,Raisa Hossain,19.0,Male,Single,2.97,3.04,1,73.1,Yes,Yes,55682.0,Medium,72.2,6.0,69.8,17.6,No
STU100578,Rakib Sultana,18.0,Female,Single,3.07,3.39,0,90.9,Yes,No,19587.0,Medium,72.7,6.0,56.4,9.4,No
STU100579,Adnan Ahmed,21.0,Male,Single,3.26,2.99,0,89.0,No,Yes,21803.0,Low,77.0,7.0,91.3,11.5,No
STU100580,Tanjim Khan,21.0,Female,Single,2.35,2.59,0,100.0,Yes,No,74131.0,Medium,71.2,6.0,84.9,3.2,No
STU100581,Mahin Khan,,Male,Single,3.1,2.85,0,95.7,No,No,59016.0,Low,61.8,4.0,66.2,19.2,Yes
STU100582,Shuvo Khan,23.0,Male,Single,2.54,2.31,2,75.5,Yes,No,,High,58.7,5.0,77.4,8.3,No
STU100583,Tasmia Chowdhury,21.0,Male,Single,2.99,2.67,0,85.7,Yes,No,58346.0,Low,68.5,5.0,62.2,8.4,No
STU100584,Jannat Hasan,18.0,Female,Single,2.6,3.0,0,93.4,Yes,Yes,63004.0,Low,97.5,7.0,72.1,13.3,No
STU100585,Tanjim Hossain,18.0,Male,Single,2.71,3.19,0,77.7,Yes,Yes,78466.0,Low,58.7,6.0,82.4,7.6,No
STU100586,Sadia Khan,18.0,Male,Single,3.08,2.86,0,96.8,Yes,No,39626.0,High,74.1,7.0,61.1,15.0,No
STU100587,Raisa Akter,25.0,Male,Single,2.72,2.48,0,77.6,No,No,69750.0,Medium,71.2,6.0,70.0,3.1,Yes
STU100588,Tanjim Sultana,27.0,Male,Single,2.51,2.69,0,85.7,Yes,No,41948.0,High,84.2,5.0,100.0,13.9,No
STU100589,Adnan Hossain,25.0,Male,Single,3.65,4.0,0,93.3,Yes,Yes,20008.0,Medium,86.3,6.0,70.9,14.0,No
STU100590,Sakib Rahman,19.0,Male,Single,2.51,3.0,0,75.2,Yes,No,55703.0,Medium,100.0,7.0,86.5,19.4,No
STU100591,Adnan Hossain,28.0,Male,Single,1.96,1.84,3,60.3,Yes,Yes,90294.0,Low,37.6,5.0,55.4,1.0,No
STU100592,Shuvo Hasan,24.0,Male,Single,3.26,3.2,0,76.4,No,No,69089.0,Medium,64.1,3.0,74.6,12.8,No
STU100593,Mahin Rahman,25.0,Male,Single,2.87,2.5,1,77.0,No,No,87034.0,Low,62.5,4.0,48.4,14.6,No
STU100594,Raisa Ahmed,25.0,Female,Single,2.99,2.87,0,67.2,Yes,No,49580.0,Medium,90.7,8.0,92.9,14.3,Yes
STU100595,Tasmia Ahmed,28.0,Female,Single,3.07,3.1,0,73.9,Yes,Yes,28276.0,High,86.5,7.0,76.0,15.7,No
STU100596,Mariya Akter,27.0,Male,Single,3.57,3.17,0,79.3,No,No,50044.0,Medium,97.5,10.0,94.9,14.3,No
STU100597,Sumaiya Karim,28.0,Male,Single,3.84,3.68,0,86.0,No,Yes,36624.0,Medium,100.0,10.0,69.1,15.5,No
STU100598,Mim Chowdhury,,Male,Single,3.11,3.18,0,96.5,No,No,53890.0,Low,100.0,6.0,100.0,15.9,No
STU100599,Sumaiya Chowdhury,22.0,Female,Single,2.47,2.01,3,74.1,Yes,No,46477.0,High,49.4,3.0,46.3,3.5,Yes
STU100600,Raisa Ahmed,18.0,Male,Single,3.07,3.21,0,82.6,Yes,No,79252.0,Medium,100.0,6.0,93.2,17.2,No
STU100601,Raisa Rahman,26.0,Male,Married,3.27,3.57,0,100.0,Yes,No,21028.0,Medium,94.1,10.0,72.5,22.0,No
STU100602,Hasan Sultana,24.0,Female,Single,3.45,3.62,0,90.0,Yes,No,12443.0,Medium,94.1,6.0,63.2,15.6,No
STU100603,Mim Akter,19.0,Male,Single,3.06,2.91,2,81.4,Yes,No,46987.0,Medium,83.8,9.0,66.9,8.6,No
STU100604,Nusrat Ahmed,23.0,Female,Single,2.75,3.1,0,65.8,Yes,No,37004.0,Medium,99.4,9.0,96.8,10.9,No
STU100605,Tanjim Islam,19.0,Male,Single,2.59,3.01,0,73.6,No,Yes,33822.0,Medium,93.3,4.0,94.3,14.4,No
STU100606,Hasan Islam,18.0,Female,Single,2.95,3.04,1,88.8,Yes,No,30508.0,Medium,59.2,6.0,53.7,14.1,No
STU100607,Nusrat Islam,24.0,Male,Single,2.32,2.37,2,76.8,Yes,No,44117.0,Medium,58.8,5.0,77.4,4.9,Yes
STU100608,Sakib Islam,19.0,Female,Single,3.18,2.99,0,98.1,Yes,No,56459.0,Medium,81.4,8.0,63.8,14.2,No
STU100609,Sumaiya Karim,19.0,Female,Single,3.08,2.96,1,94.1,Yes,No,60893.0,Medium,63.2,7.0,60.0,8.3,No
STU100610,Mahin Khan,28.0,Male,Single,3.08,,0,80.4,Yes,Yes,12000.0,Medium,66.2,7.0,73.6,15.5,No
STU100611,Sakib Sultana,22.0,Male,Single,3.32,3.88,0,99.4,Yes,Yes,42506.0,Medium,86.0,7.0,66.1,14.6,No
STU100612,Nusrat Akter,22.0,Male,Single,3.65,3.53,0,77.4,No,No,16880.0,High,89.2,8.0,44.9,17.6,No
STU100613,Tanjim Islam,24.0,Female,Single,2.97,2.92,0,67.0,Yes,No,73432.0,Medium,79.5,3.0,85.3,10.8,No
STU100614,Fahim Ahmed,18.0,Female,Single,3.03,2.84,1,80.6,Yes,No,63355.0,Low,65.6,4.0,66.6,1.5,No
STU100615,Rakib Hossain,25.0,Male,Single,2.83,2.7,0,86.5,No,Yes,25040.0,Low,50.9,4.0,61.0,9.9,No
STU100616,Tanjim Ahmed,20.0,Female,Single,3.25,2.87,1,81.0,Yes,No,47247.0,High,71.8,6.0,56.2,12.0,No
STU100617,Rakib Chowdhury,21.0,Male,Married,3.0,3.13,0,91.6,No,Yes,14953.0,High,100.0,6.0,87.2,12.8,No
STU100618,Mehedi Rahman,26.0,Male,Single,3.52,3.14,0,77.9,No,No,57221.0,Medium,67.6,6.0,62.0,5.4,No
STU100619,Hasan Akter,21.0,Female,Single,3.51,3.35,0,93.9,No,Yes,57679.0,Medium,100.0,9.0,77.1,17.6,No
STU100620,Nusrat Karim,27.0,Female,Single,3.14,3.12,0,78.3,Yes,No,68279.0,Medium,75.4,3.0,86.1,12.1,No
STU100621,Mariya Akter,22.0,Male,Single,2.96,2.57,0,100.0,Yes,No,63339.0,Medium,89.4,10.0,70.2,10.4,No
STU100622,Sumaiya Sultana,24.0,Female,Single,2.88,2.64,0,86.9,Yes,Yes,33466.0,Low,87.1,5.0,79.1,11.7,No
STU100623,Shuvo Sultana,21.0,Female,Single,3.22,2.88,0,95.2,Yes,Yes,25552.0,Medium,72.5,7.0,72.6,15.2,No
STU100624,Hasan Karim,18.0,Female,Single,3.22,3.55,1,72.2,Yes,No,30682.0,Medium,73.7,5.0,60.4,10.0,No
STU100625,Mehedi Akter,26.0,Female,Single,2.88,3.3,0,80.6,Yes,Yes,42000.0,Medium,86.3,7.0,74.4,10.5,No
STU100626,Sadia Chowdhury,21.0,Female,Single,3.13,2.89,0,80.4,No,Yes,22456.0,High,73.9,3.0,79.1,14.6,Yes
STU100627,Arafat Karim,26.0,Male,Single,2.65,3.48,0,75.4,Yes,Yes,37203.0,Medium,64.0,7.0,81.5,19.6,No
STU100628,Tasmia Karim,23.0,Female,Single,3.2,2.92,0,95.9,Yes,Yes,37208.0,Low,81.2,4.0,75.8,16.3,No
STU100629,Sakib Hasan,18.0,Male,Single,2.69,2.56,1,76.0,Yes,No,83212.0,Medium,70.8,7.0,73.5,8.2,No
STU100630,Nabila Hasan,20.0,Female,Single,3.35,3.5,0,72.4,Yes,No,58296.0,Medium,73.7,8.0,65.5,11.9,No
STU100631,Jannat Ahmed,28.0,Male,Single,2.86,3.03,0,77.8,Yes,Yes,30295.0,Low,59.4,4.0,58.4,16.2,No
STU100632,Rakib Islam,19.0,Female,Single,3.75,3.66,0,77.2,Yes,No,52832.0,Medium,100.0,6.0,76.4,22.4,Yes
STU100633,Tanjim Rahman,26.0,Male,Single,3.02,3.35,0,91.5,Yes,No,56719.0,Medium,89.8,4.0,85.7,13.3,No
STU100634,Mehedi Hossain,18.0,Male,Single,3.11,3.47,0,91.2,Yes,Yes,17328.0,High,98.4,8.0,76.8,19.7,No
STU100635,Tanjim Akter,26.0,Male,Single,2.37,2.37,0,82.8,Yes,Yes,140938.0,Low,70.8,6.0,64.9,13.2,No
STU100636,Fahim Karim,26.0,Female,Single,3.63,3.59,0,95.5,Yes,No,40710.0,High,88.3,6.0,76.8,11.2,No
STU100637,Sumaiya Karim,25.0,Female,Single,2.98,2.8,0,100.0,Yes,No,27418.0,Medium,94.4,7.0,66.9,7.8,No
STU100638,Shuvo Sultana,25.0,Male,Single,3.78,3.47,0,100.0,Yes,No,45502.0,Medium,86.4,5.0,69.8,15.1,No
STU100639,Sakib Khan,28.0,Female,Married,3.02,2.78,0,76.2,Yes,Yes,,Low,67.9,4.0,72.1,4.3,No
STU100640,Mariya Sultana,18.0,Female,Married,2.9,,0,100.0,Yes,Yes,17098.0,Medium,95.2,8.0,77.0,11.7,No
STU100641,Nabila Islam,28.0,Female,Single,2.77,2.77,0,78.4,Yes,Yes,61340.0,Low,87.8,7.0,100.0,11.9,No
STU100642,Jannat Islam,25.0,Male,Single,3.29,3.22,0,84.7,Yes,No,46061.0,Medium,73.4,4.0,83.6,12.1,No
STU100643,Raisa Rahman,27.0,Female,Single,3.23,3.06,0,83.1,Yes,Yes,51952.0,Low,87.0,9.0,92.2,6.1,No
STU100644,Mehedi Hossain,20.0,Female,Single,2.4,2.23,1,78.9,No,Yes,17750.0,Medium,45.8,4.0,39.5,8.0,Yes
STU100645,Jannat Akter,28.0,Female,Single,2.74,2.73,0,63.0,Yes,No,57819.0,Medium,64.4,6.0,59.1,8.3,No
STU100646,Mim Karim,24.0,Female,Single,3.33,3.29,2,78.5,Yes,No,39718.0,Medium,76.2,7.0,62.8,4.9,No
STU100647,Mahin Karim,28.0,Female,Single,2.71,2.71,0,82.3,Yes,No,22586.0,High,65.3,6.0,66.6,11.5,No
STU100648,Hasan Rahman,18.0,Female,Single,2.63,2.5,0,62.8,Yes,No,27281.0,Medium,69.9,,90.8,9.7,No
STU100649,Tanvir Ahmed,18.0,Male,Single,3.09,2.89,2,59.8,Yes,No,106841.0,Low,63.7,7.0,41.1,12.3,No
STU100650,Hasan Chowdhury,27.0,Male,Single,3.04,3.04,0,74.9,Yes,No,35384.0,High,80.5,4.0,74.6,12.6,No
STU100651,Adnan Akter,22.0,Male,Single,2.79,2.99,1,,Yes,No,104241.0,Low,79.5,3.0,65.6,11.9,No
STU100652,Mehedi Ahmed,22.0,Male,Single,3.8,3.64,0,87.5,No,No,26559.0,High,83.8,6.0,78.2,17.2,No
STU100653,Nabila Ahmed,25.0,Female,Single,2.93,2.22,1,71.5,No,Yes,32812.0,Medium,47.5,4.0,55.7,2.9,Yes
STU100654,Shuvo Islam,24.0,Female,Single,2.43,2.02,1,81.7,Yes,No,35801.0,Medium,53.2,2.0,51.4,5.4,Yes
STU100655,Adnan Islam,25.0,Female,Single,2.27,2.59,1,72.3,Yes,Yes,68910.0,Low,58.8,6.0,60.4,11.5,No
STU100656,Sadia Khan,23.0,Male,Single,3.46,3.76,0,84.8,Yes,No,51585.0,Low,100.0,7.0,86.7,22.4,No
STU100657,Mehedi Chowdhury,23.0,Male,Single,2.51,2.7,2,82.6,Yes,No,49366.0,Medium,47.5,6.0,39.1,14.5,Yes
STU100658,Sadia Chowdhury,19.0,Male,Single,3.01,3.17,0,66.2,No,No,79617.0,Low,61.9,5.0,91.4,14.8,No
STU100659,Arafat Karim,23.0,Male,Single,2.61,2.91,2,91.3,Yes,No,62816.0,Medium,59.7,3.0,56.9,4.8,No
STU100660,Sadia Hossain,22.0,Male,Single,2.95,2.85,0,67.1,Yes,No,21297.0,Medium,87.6,6.0,100.0,15.0,No
STU100661,Hasan Chowdhury,20.0,Female,Single,3.16,3.2,0,92.8,Yes,No,76075.0,Medium,84.9,7.0,87.2,13.1,No
STU100662,Mehedi Khan,23.0,Male,Single,2.39,2.15,0,82.8,Yes,Yes,24973.0,Medium,52.7,7.0,60.7,12.4,No
STU100663,Arafat Akter,25.0,Female,Single,2.79,2.74,0,94.0,Yes,Yes,77358.0,Low,77.8,6.0,69.7,7.1,No
STU100664,Mariya Hossain,26.0,Male,Single,2.7,3.27,0,77.7,Yes,Yes,57332.0,Medium,73.6,6.0,75.4,18.7,No
STU100665,Mehedi Rahman,18.0,Female,Single,2.57,2.32,1,73.9,No,No,61510.0,High,55.9,7.0,36.1,13.1,Yes
STU100666,Adnan Hasan,20.0,Female,Single,2.83,2.48,0,67.5,Yes,No,35314.0,Medium,71.7,7.0,52.9,11.5,No
STU100667,Adnan Sultana,20.0,Female,Single,2.72,2.66,0,78.7,Yes,No,24808.0,High,65.2,5.0,57.9,16.1,Yes
STU100668,Shuvo Akter,28.0,Female,Single,3.39,3.27,0,83.3,No,No,41403.0,High,86.7,6.0,62.5,19.6,No
STU100669,Mariya Hasan,25.0,Female,Single,2.68,2.76,0,94.0,Yes,No,52867.0,High,84.8,10.0,78.0,11.7,No
STU100670,Sakib Akter,18.0,Female,Single,3.2,3.44,0,90.4,Yes,No,61691.0,Medium,73.1,4.0,72.7,8.8,No
STU100671,Nabila Ahmed,22.0,Female,Single,3.19,3.07,1,79.3,Yes,Yes,33886.0,Low,65.5,5.0,86.5,7.9,No
STU100672,Tasmia Hossain,20.0,Male,Single,2.32,2.96,0,81.2,Yes,No,31046.0,High,74.3,3.0,76.8,6.3,No
STU100673,Arafat Khan,19.0,Male,Single,2.77,3.14,0,79.0,No,No,37782.0,High,100.0,10.0,88.6,17.8,No
STU100674,Sakib Karim,25.0,Male,Married,2.95,2.72,1,74.6,Yes,No,69830.0,Medium,65.2,5.0,66.2,6.6,Yes
STU100675,Adnan Khan,20.0,Female,Single,3.12,3.1,0,83.5,Yes,Yes,16683.0,High,81.1,8.0,79.4,11.4,No
STU100676,Adnan Chowdhury,24.0,Male,Single,2.89,3.05,0,99.9,Yes,Yes,38570.0,Medium,80.1,7.0,71.3,14.8,No
STU100677,Rakib Islam,28.0,Female,Single,3.47,3.22,0,87.4,Yes,Yes,30721.0,Medium,72.7,7.0,69.6,14.9,No
STU100678,Shuvo Chowdhury,18.0,Female,Single,3.05,2.43,0,68.1,No,No,59149.0,Medium,55.4,4.0,52.3,6.0,Yes
STU100679,Mahin Karim,23.0,Male,Single,3.2,3.78,0,100.0,Yes,No,81128.0,Low,94.4,3.0,62.8,19.3,No
STU100680,Fahim Khan,20.0,Male,Single,2.73,2.4,0,86.5,No,Yes,18361.0,High,76.9,8.0,69.0,16.1,No
STU100681,Rakib Chowdhury,25.0,Female,Single,3.21,3.46,0,94.4,Yes,No,53592.0,High,61.2,5.0,68.7,17.8,No
STU100682,Mehedi Khan,23.0,Male,Single,3.87,4.0,0,88.1,No,No,73191.0,Medium,94.0,8.0,96.3,18.0,Yes
STU100683,Sadia Rahman,19.0,Female,Single,3.24,2.99,0,89.1,Yes,No,26227.0,High,83.7,7.0,73.9,16.2,No
STU100684,Tanvir Khan,23.0,Male,Married,3.5,4.0,0,92.7,Yes,Yes,76649.0,Low,100.0,7.0,75.2,13.5,No
STU100685,Shuvo Ahmed,24.0,Female,Single,2.87,2.89,0,68.9,Yes,Yes,26042.0,Low,82.0,8.0,77.0,11.2,No
STU100686,Mim Chowdhury,22.0,Male,Single,3.42,3.46,0,89.7,Yes,Yes,62337.0,Medium,77.9,4.0,64.9,13.9,No
STU100687,Fahim Sultana,20.0,Female,Single,3.46,2.99,0,70.7,Yes,No,85751.0,Medium,59.6,5.0,48.4,13.0,No
STU100688,Raisa Karim,21.0,Female,Single,3.11,2.48,1,77.5,Yes,Yes,29656.0,Medium,56.8,4.0,46.9,1.0,No
STU100689,Nusrat Karim,21.0,Male,Single,2.97,2.89,1,81.7,Yes,Yes,38911.0,Medium,75.5,6.0,73.0,13.5,No
STU100690,Hasan Karim,23.0,Male,Single,2.33,2.72,0,71.5,Yes,No,83023.0,Medium,64.6,6.0,69.9,2.4,No
STU100691,Mahin Hasan,27.0,Male,Single,2.99,2.43,0,78.5,Yes,Yes,12248.0,Medium,73.7,7.0,79.2,20.6,No
STU100692,Hasan Ahmed,18.0,Female,Single,3.25,3.3,0,89.7,Yes,No,58822.0,Medium,100.0,5.0,89.9,9.1,No
STU100693,Adnan Akter,28.0,Female,Single,2.66,,1,71.8,Yes,No,120980.0,Low,75.9,3.0,84.9,8.6,No
STU100694,Sumaiya Rahman,21.0,Male,Married,2.43,2.8,3,75.5,Yes,Yes,12000.0,Medium,63.5,5.0,76.4,16.2,No
STU100695,Rakib Sultana,27.0,Male,Single,3.05,3.35,0,96.3,No,No,81387.0,Medium,84.7,10.0,86.2,18.2,No
STU100696,Nusrat Karim,21.0,Male,Single,3.1,3.15,0,90.7,Yes,Yes,70839.0,Medium,79.1,9.0,67.8,19.8,No
STU100697,Mim Karim,27.0,Female,Single,2.39,2.37,0,74.1,Yes,No,43688.0,Low,75.1,6.0,77.4,9.8,No
STU100698,Nabila Chowdhury,18.0,Female,Single,3.02,2.8,0,93.5,Yes,Yes,56378.0,Low,77.5,8.0,70.5,17.8,Yes
STU100699,Tasmia Khan,26.0,Male,Single,3.13,2.79,0,87.1,Yes,Yes,51510.0,Medium,81.4,9.0,79.6,15.7,No
STU100700,Mariya Islam,21.0,Female,Single,3.59,3.41,0,83.7,No,Yes,33359.0,Medium,72.5,4.0,71.2,17.6,No
STU100701,Mehedi Rahman,24.0,Female,Single,2.79,2.45,2,66.1,No,No,88863.0,Medium,56.0,5.0,55.6,4.6,No
STU100702,Nabila Chowdhury,20.0,Female,Single,3.94,3.91,0,94.8,Yes,No,44845.0,High,91.7,4.0,85.7,18.9,No
STU100703,Jannat Hasan,27.0,Female,Single,3.02,3.01,1,88.9,Yes,No,55877.0,Medium,79.9,6.0,95.4,10.6,Yes
STU100704,Mehedi Hasan,20.0,Female,Married,2.46,2.38,0,87.2,Yes,No,26539.0,Medium,54.4,4.0,69.4,9.0,No
STU100705,Tasmia Sultana,25.0,Female,Single,2.85,2.88,1,83.6,Yes,Yes,12459.0,Low,77.5,7.0,73.8,4.1,No
STU100706,Fahim Rahman,25.0,Male,Married,2.5,2.36,2,67.8,No,No,23531.0,Medium,56.1,4.0,57.5,9.3,No
STU100707,Nabila Akter,28.0,Female,Single,2.92,3.18,0,88.5,Yes,No,123064.0,Low,61.0,5.0,81.7,15.9,No
STU100708,Mahin Khan,18.0,Male,Single,3.21,3.28,0,76.5,No,No,64134.0,Medium,90.8,9.0,71.9,15.4,No
STU100709,Adnan Akter,27.0,Male,Single,3.12,2.98,0,84.4,Yes,No,35483.0,Medium,63.1,2.0,74.6,12.1,No
STU100710,Arafat Rahman,19.0,Male,Married,2.49,2.14,2,,Yes,Yes,61650.0,Medium,54.8,3.0,87.2,6.1,Yes
STU100711,Shuvo Rahman,25.0,Female,Single,2.44,2.41,3,59.2,No,No,56783.0,Low,24.7,4.0,41.9,3.6,Yes
STU100712,Sumaiya Ahmed,18.0,Male,Single,3.19,3.53,0,81.3,Yes,Yes,16713.0,Medium,90.3,6.0,74.3,21.3,No
STU100713,Hasan Sultana,25.0,Male,Single,3.29,3.47,0,94.3,Yes,No,71815.0,Medium,87.6,7.0,68.3,14.9,No
STU100714,Tasmia Rahman,25.0,Male,Single,2.78,3.01,0,74.2,Yes,No,15756.0,High,90.3,9.0,78.4,17.6,No
STU100715,Tanjim Islam,19.0,Male,Single,1.86,2.08,2,82.4,No,Yes,31844.0,Medium,53.7,6.0,68.6,5.3,Yes
STU100716,Raisa Islam,21.0,Male,Single,2.48,2.84,1,86.5,Yes,Yes,26248.0,High,77.6,8.0,81.7,10.2,No
STU100717,Jannat Chowdhury,23.0,Female,Single,3.44,3.7,0,96.8,Yes,No,50262.0,Medium,98.2,8.0,83.5,26.4,No
STU100718,Adnan Rahman,28.0,Female,Single,2.67,2.71,1,86.9,Yes,Yes,50537.0,Medium,72.7,5.0,79.7,6.1,No
STU100719,Adnan Chowdhury,26.0,Male,Single,2.84,2.72,0,68.1,Yes,No,12000.0,High,62.6,4.0,79.2,7.1,Yes
STU100720,Tanjim Akter,25.0,Female,Single,3.25,3.51,0,76.4,Yes,No,88519.0,Low,68.9,5.0,70.9,15.2,No
STU100721,Shuvo Hossain,25.0,Female,Single,2.86,,0,87.0,Yes,No,46572.0,Medium,56.8,6.0,56.9,1.4,No
STU100722,Jannat Hasan,24.0,Male,Single,3.63,4.0,0,87.2,Yes,No,76419.0,Medium,97.7,8.0,100.0,13.2,No
STU100723,Tanvir Hossain,26.0,Female,Single,2.83,3.04,1,78.7,Yes,No,45828.0,High,62.4,7.0,46.4,14.6,No
STU100724,Mariya Islam,19.0,Female,Single,2.61,3.1,0,89.2,Yes,Yes,49575.0,Medium,71.5,8.0,73.6,17.2,No
STU100725,Raisa Sultana,20.0,Male,Single,3.53,3.2,0,84.9,Yes,Yes,20446.0,High,69.2,4.0,66.3,10.1,Yes
STU100726,Mariya Islam,27.0,Male,Single,3.02,3.37,0,94.7,Yes,Yes,29336.0,Medium,83.6,8.0,85.0,9.9,No
STU100727,Fahim Rahman,25.0,Female,Single,2.51,2.71,0,84.9,Yes,No,39980.0,Medium,77.3,6.0,79.6,11.6,No
STU100728,Tanvir Akter,23.0,Female,Single,3.21,3.03,0,80.5,Yes,No,65988.0,Medium,82.3,5.0,68.4,12.1,No
STU100729,Mehedi Karim,27.0,Male,Single,2.87,2.83,0,79.8,Yes,No,35120.0,High,62.6,8.0,57.6,5.5,No
STU100730,Sadia Sultana,26.0,Female,Single,2.48,2.42,2,73.7,No,No,30298.0,Medium,58.2,5.0,57.4,10.0,No
STU100731,Tanjim Hasan,27.0,Male,Single,3.04,2.93,0,85.0,Yes,No,27379.0,Medium,47.2,6.0,70.6,8.8,No
STU100732,Adnan Hossain,21.0,Female,Single,2.93,2.52,0,85.4,Yes,Yes,54807.0,Low,73.7,9.0,65.6,11.8,No
STU100733,Mehedi Akter,25.0,Male,Married,2.24,2.59,0,80.2,Yes,No,42789.0,Medium,63.8,3.0,63.4,8.4,Yes
STU100734,Nusrat Sultana,27.0,Male,Single,2.52,2.24,1,72.2,Yes,Yes,27692.0,Medium,34.1,4.0,53.1,4.6,No
STU100735,Hasan Khan,20.0,Female,Single,3.84,3.52,0,84.6,No,No,40455.0,High,69.3,5.0,87.7,8.0,No
STU100736,Mehedi Chowdhury,20.0,Male,Single,3.04,3.4,0,81.3,Yes,No,29743.0,High,79.3,6.0,78.5,22.2,No
STU100737,Tanvir Akter,25.0,Male,Single,3.61,3.19,0,97.9,Yes,Yes,26274.0,Medium,76.0,6.0,49.5,14.2,No
STU100738,Tanvir Karim,22.0,Female,Single,3.14,3.05,0,74.5,Yes,Yes,18685.0,Medium,74.2,5.0,55.6,12.7,No
STU100739,Nusrat Hossain,20.0,Female,Single,3.56,3.26,0,72.7,Yes,Yes,21312.0,Low,77.2,7.0,62.3,14.9,Yes
STU100740,Mehedi Islam,27.0,Male,Single,3.25,3.74,0,96.0,No,No,43714.0,Medium,92.8,9.0,69.1,9.8,No
STU100741,Raisa Karim,28.0,Female,Single,2.57,2.92,1,82.7,No,Yes,14762.0,Medium,70.0,7.0,84.1,11.2,Yes
STU100742,Arafat Rahman,18.0,Male,Single,3.27,3.03,0,100.0,Yes,Yes,28311.0,Medium,68.2,7.0,71.5,6.1,Yes
STU100743,Tanjim Akter,20.0,Male,Single,2.57,2.27,0,75.4,Yes,No,64234.0,High,73.0,6.0,83.5,6.6,No
STU100744,Jannat Hossain,26.0,Male,Single,3.42,3.65,0,86.9,Yes,No,77228.0,Low,85.9,6.0,75.9,14.4,No
STU100745,Tanjim Hasan,22.0,Male,Single,3.1,3.23,0,76.4,No,No,55160.0,Medium,59.4,5.0,62.4,14.2,No
STU100746,Arafat Islam,27.0,Female,Single,3.01,2.9,0,82.1,Yes,Yes,70486.0,Low,65.3,6.0,61.2,10.3,No
STU100747,Mehedi Hossain,19.0,Male,Married,2.8,2.67,0,63.7,Yes,Yes,45489.0,Low,76.1,6.0,72.4,5.8,No
STU100748,Hasan Khan,24.0,Female,Single,3.36,3.29,0,67.3,Yes,Yes,25222.0,Medium,57.3,5.0,59.9,18.3,No
STU100749,Nusrat Ahmed,19.0,Male,Single,2.93,3.2,0,78.7,Yes,No,65619.0,Medium,90.2,6.0,87.3,9.5,No
STU100750,Sadia Hossain,21.0,Female,Single,2.14,2.61,0,79.5,Yes,No,58812.0,Medium,95.9,9.0,81.7,13.8,No
STU100751,Nusrat Chowdhury,24.0,Female,Single,2.23,2.78,0,74.9,Yes,No,33438.0,Medium,63.3,5.0,68.5,12.9,No
STU100752,Tasmia Sultana,21.0,Female,Single,2.43,2.21,1,67.5,Yes,Yes,31955.0,Medium,47.6,7.0,58.9,6.5,Yes
STU100753,Mahin Ahmed,24.0,Male,Single,3.35,3.37,0,71.4,No,Yes,43884.0,Medium,85.0,8.0,78.7,15.2,Yes
STU100754,Raisa Ahmed,24.0,Male,Single,3.39,3.79,0,94.0,Yes,No,83919.0,Medium,84.5,8.0,100.0,19.4,No
STU100755,Raisa Chowdhury,18.0,Male,Single,3.15,2.89,1,71.7,Yes,No,36595.0,High,60.5,5.0,55.7,8.7,Yes
STU100756,Tanjim Akter,23.0,Female,Single,3.14,2.94,1,93.4,Yes,Yes,12000.0,Medium,81.6,6.0,68.0,15.2,No
STU100757,Arafat Hasan,26.0,Male,Single,3.65,3.89,0,,Yes,No,57114.0,Medium,81.1,6.0,63.9,15.7,No
STU100758,Nabila Ahmed,19.0,Female,Single,3.15,3.01,0,72.6,Yes,No,24447.0,Medium,69.0,6.0,72.0,14.9,No
STU100759,Sumaiya Ahmed,20.0,Female,Single,3.29,2.84,1,57.0,Yes,No,57481.0,Medium,56.6,6.0,70.2,11.3,Yes
STU100760,Adnan Hossain,27.0,Male,Single,3.0,2.75,0,68.9,Yes,No,56279.0,Medium,67.7,5.0,70.4,11.3,No
STU100761,Rakib Sultana,22.0,Female,Single,2.79,3.09,0,82.1,Yes,No,104886.0,Medium,58.9,8.0,91.5,4.9,No
STU100762,Shuvo Chowdhury,26.0,Female,Single,2.87,2.95,1,57.2,Yes,No,42610.0,Medium,57.3,4.0,55.4,11.9,Yes
STU100763,Hasan Chowdhury,21.0,Female,Married,3.92,3.45,0,78.5,No,No,59114.0,Low,69.1,2.0,54.2,11.4,No
STU100764,Jannat Sultana,18.0,Male,Single,2.51,,1,68.8,Yes,No,48435.0,Medium,47.1,3.0,51.8,7.5,No
STU100765,Mariya Hasan,21.0,Male,Single,3.14,3.69,0,80.8,Yes,Yes,72966.0,Low,100.0,8.0,68.2,20.3,No
STU100766,Sakib Hasan,23.0,Male,Single,2.32,2.3,0,71.1,Yes,Yes,12000.0,Medium,89.8,6.0,87.1,8.5,No
STU100767,Mahin Rahman,22.0,Female,Single,2.73,2.65,0,75.0,No,Yes,31007.0,Medium,57.1,6.0,46.6,3.1,No
STU100768,Tanvir Rahman,18.0,Female,Single,3.35,3.35,0,77.7,Yes,Yes,39287.0,Medium,83.7,7.0,74.3,16.3,No
STU100769,Tasmia Ahmed,21.0,Male,Single,2.19,2.25,1,86.2,No,No,46172.0,High,57.4,5.0,51.1,4.5,Yes
STU100770,Raisa Khan,23.0,Female,Single,3.41,3.29,0,78.8,Yes,No,23080.0,Medium,,,76.5,19.9,No
STU100771,Tasmia Rahman,27.0,Male,Single,3.92,4.0,0,66.3,Yes,No,52967.0,Medium,59.7,7.0,53.1,10.4,No
STU100772,Mehedi Khan,27.0,Female,Single,3.16,3.02,1,64.5,No,No,73105.0,Medium,58.0,3.0,50.9,11.9,Yes
STU100773,Adnan Rahman,21.0,Female,Single,3.57,3.87,0,94.3,Yes,No,30743.0,Medium,88.8,6.0,82.3,16.8,No
STU100774,Raisa Akter,26.0,Female,Single,3.11,3.66,0,91.3,Yes,Yes,26364.0,Medium,63.5,8.0,74.0,14.2,No
STU100775,Mehedi Rahman,22.0,Female,Single,3.32,3.43,0,80.7,Yes,No,55933.0,High,83.8,6.0,61.7,18.6,No
STU100776,Tanvir Chowdhury,25.0,Male,Single,3.2,2.89,0,68.4,Yes,Yes,49119.0,Low,50.8,1.0,74.5,11.1,Yes
STU100777,Mim Khan,26.0,Male,Single,2.77,2.83,1,84.0,Yes,No,51167.0,High,79.6,8.0,69.1,11.0,Yes
STU100778,Shuvo Hossain,27.0,Female,Single,2.73,2.56,1,61.2,Yes,No,20245.0,Medium,50.0,7.0,55.4,5.9,No
STU100779,Rakib Ahmed,22.0,Male,Single,3.53,3.8,0,91.8,Yes,No,202656.0,Low,82.1,4.0,79.4,16.7,No
STU100780,Tanjim Khan,23.0,Male,Single,2.98,3.04,0,78.5,Yes,No,12000.0,High,74.6,6.0,67.6,5.3,No
STU100781,Tasmia Akter,18.0,Female,Single,2.94,2.9,0,85.7,Yes,No,72440.0,Low,72.1,9.0,87.9,10.4,No
STU100782,Tanvir Akter,28.0,Male,Single,2.93,2.62,0,74.4,Yes,Yes,30327.0,Medium,71.9,8.0,68.9,8.1,Yes
STU100783,Raisa Islam,24.0,Female,Single,3.14,2.58,0,91.8,Yes,Yes,237138.0,Low,95.9,10.0,69.6,11.5,No
STU100784,Tasmia Hossain,21.0,Female,Single,2.47,2.22,3,50.2,Yes,No,57298.0,High,57.0,4.0,75.8,5.0,Yes
STU100785,Arafat Sultana,28.0,Female,Single,2.92,3.11,0,88.1,No,No,80917.0,Medium,61.7,5.0,89.3,11.6,No
STU100786,Jannat Chowdhury,19.0,Female,Single,3.14,3.49,0,82.8,Yes,No,59176.0,High,72.3,8.0,62.0,15.3,No
STU100787,Sakib Sultana,22.0,Female,Married,2.42,2.33,0,70.3,Yes,No,12000.0,High,60.1,6.0,73.9,6.4,No
STU100788,Mahin Karim,20.0,Female,Single,3.09,2.81,0,91.8,No,No,47869.0,Medium,60.0,7.0,88.7,1.8,Yes
STU100789,Arafat Khan,23.0,Female,Single,2.6,2.65,0,70.1,No,No,54871.0,Medium,,5.0,73.2,1.0,No
STU100790,Tanjim Karim,25.0,Male,Single,3.14,3.35,1,83.9,Yes,No,58385.0,Medium,93.6,9.0,84.9,13.4,No
STU100791,Mim Islam,24.0,Female,Single,3.97,4.0,0,91.1,Yes,No,86258.0,Low,86.7,6.0,93.4,11.0,No
STU100792,Tanjim Hasan,20.0,Female,Single,2.95,3.0,0,71.0,Yes,No,50989.0,Medium,74.9,5.0,89.1,24.2,No
STU100793,Fahim Khan,25.0,Male,Single,2.51,3.14,0,90.5,Yes,No,70053.0,Medium,68.8,6.0,78.0,11.9,No
STU100794,Mehedi Chowdhury,19.0,Male,Married,3.11,3.49,0,100.0,Yes,No,29614.0,High,88.8,6.0,64.6,23.6,No
STU100795,Mariya Akter,27.0,Female,Single,3.21,2.85,0,95.3,Yes,Yes,17048.0,Low,75.9,4.0,60.1,5.9,No
STU100796,Nusrat Rahman,26.0,Male,Single,2.58,2.14,3,69.7,Yes,Yes,27075.0,Medium,45.8,2.0,45.0,6.7,Yes
STU100797,Rakib Khan,21.0,Female,Single,2.23,1.89,2,65.0,Yes,Yes,29912.0,Medium,41.0,5.0,65.3,1.7,Yes
STU100798,Sakib Chowdhury,18.0,Female,Single,2.58,2.93,1,85.8,Yes,No,27094.0,Medium,84.4,7.0,61.0,5.3,No
STU100799,Fahim Islam,25.0,Male,Single,2.98,2.47,1,83.4,No,Yes,22958.0,Medium,72.4,5.0,66.8,8.5,Yes
STU100800,Rakib Chowdhury,24.0,Female,Single,2.8,2.93,1,79.3,Yes,Yes,26576.0,Medium,77.7,7.0,84.1,7.6,No
STU100801,Jannat Karim,28.0,Male,Single,3.48,3.43,0,64.0,Yes,No,35317.0,Medium,71.7,7.0,61.7,18.0,No
STU100802,Sakib Akter,22.0,Female,Single,3.23,2.86,0,66.9,Yes,No,25675.0,High,67.8,6.0,63.3,9.0,No
STU100803,Mariya Akter,27.0,Male,Single,3.05,3.12,1,84.1,Yes,No,184693.0,Low,65.1,6.0,45.9,7.0,No
STU100804,Adnan Rahman,22.0,Female,Single,2.21,2.16,1,75.2,Yes,No,20838.0,High,52.5,6.0,49.3,9.1,No
STU100805,Sumaiya Hasan,24.0,Male,Single,3.28,3.53,0,82.0,No,No,57318.0,High,76.7,5.0,63.1,22.2,No
STU100806,Mahin Khan,22.0,Male,Single,3.89,3.4,0,87.7,Yes,Yes,33422.0,Medium,74.6,7.0,71.6,13.4,No
STU100807,Sumaiya Karim,25.0,Male,Single,3.39,3.12,0,69.8,Yes,Yes,60456.0,High,68.2,4.0,56.7,12.3,No
STU100808,Nabila Karim,28.0,Male,Single,2.7,2.44,1,72.9,Yes,No,39390.0,High,81.6,7.0,87.1,7.6,No
STU100809,Mehedi Karim,23.0,Female,Single,2.94,3.14,0,80.1,Yes,No,71849.0,Low,83.3,5.0,65.0,9.5,No
STU100810,Jannat Khan,22.0,Male,Single,3.21,3.14,0,65.4,Yes,Yes,36121.0,Medium,74.0,3.0,67.2,12.7,No
STU100811,Arafat Chowdhury,26.0,Male,Single,3.62,3.98,0,90.6,Yes,No,47214.0,Medium,78.8,4.0,66.5,18.1,No
STU100812,Tasmia Akter,28.0,Female,Single,2.68,2.56,1,61.8,Yes,Yes,13363.0,High,47.3,2.0,49.6,1.0,Yes
STU100813,Sumaiya Khan,19.0,Female,Single,2.79,2.86,0,88.7,Yes,No,21127.0,Medium,59.0,6.0,97.6,4.0,Yes
STU100814,Shuvo Islam,18.0,Female,Single,2.98,3.43,0,88.4,No,No,19141.0,Medium,99.1,9.0,76.7,11.8,No
STU100815,Mahin Ahmed,25.0,Female,Single,2.94,2.41,2,65.3,Yes,No,103615.0,Medium,57.5,7.0,64.4,2.3,Yes
STU100816,Arafat Islam,20.0,Male,Single,3.36,3.37,1,72.8,Yes,No,75135.0,Medium,67.5,7.0,52.9,9.6,No
STU100817,Hasan Rahman,28.0,Male,Single,3.12,3.11,1,67.3,Yes,No,50091.0,Medium,68.8,6.0,81.2,19.2,No
STU100818,Sakib Islam,24.0,Female,Single,2.37,2.13,0,70.8,Yes,Yes,79972.0,Low,68.3,4.0,71.8,8.9,No
STU100819,Jannat Islam,27.0,Female,Single,2.7,2.66,1,83.2,Yes,Yes,25766.0,Medium,52.6,6.0,61.3,7.3,No
STU100820,Adnan Khan,28.0,Female,Married,2.72,2.81,0,77.4,Yes,No,101984.0,Medium,75.6,7.0,80.6,11.6,Yes
STU100821,Rakib Islam,25.0,Male,Single,2.0,1.78,2,64.7,Yes,No,47465.0,High,45.8,4.0,67.0,2.4,Yes
STU100822,Mehedi Khan,23.0,Male,Single,3.42,3.43,0,75.5,No,No,39472.0,Medium,74.9,8.0,92.7,13.0,No
STU100823,Rakib Khan,27.0,Male,Single,3.06,2.75,0,75.5,No,No,78635.0,Medium,72.6,5.0,88.7,10.4,No
STU100824,Sadia Hasan,26.0,Female,Single,2.76,2.7,0,77.5,Yes,No,76100.0,Medium,82.7,8.0,65.3,8.6,No
STU100825,Mahin Sultana,24.0,Female,Single,3.41,3.68,0,88.6,Yes,No,20614.0,Medium,100.0,7.0,97.8,15.4,No
STU100826,Arafat Rahman,27.0,Male,Single,3.14,3.43,0,83.8,Yes,No,72287.0,Medium,90.0,8.0,79.9,14.6,No
STU100827,Jannat Rahman,22.0,Male,Single,2.42,2.77,0,84.2,Yes,Yes,40918.0,Medium,51.1,7.0,76.2,9.8,No
STU100828,Mariya Islam,25.0,Female,Single,3.27,3.24,0,89.8,Yes,No,52416.0,High,85.4,,54.2,13.5,No
STU100829,Arafat Hossain,19.0,Female,Single,3.62,3.52,0,99.9,No,No,35878.0,High,87.4,6.0,82.8,11.8,Yes
STU100830,Hasan Sultana,24.0,Male,Single,2.94,3.16,1,82.2,No,No,24612.0,High,86.2,6.0,60.5,16.9,Yes
STU100831,Tasmia Islam,21.0,Female,Single,2.97,3.32,0,88.3,Yes,Yes,21380.0,Medium,85.5,8.0,86.1,13.1,No
STU100832,Tanjim Islam,26.0,Female,Single,3.05,3.07,0,77.9,Yes,Yes,31998.0,Medium,77.5,,67.4,9.1,Yes
STU100833,Mim Ahmed,18.0,Female,Married,2.45,2.91,1,92.1,No,No,57191.0,Medium,74.0,6.0,56.8,21.1,Yes
STU100834,Mim Hossain,24.0,Female,Single,3.06,3.28,0,80.0,No,No,51773.0,Medium,76.4,7.0,51.3,4.2,No
STU100835,Sumaiya Ahmed,23.0,Male,Single,2.6,2.43,1,79.8,Yes,Yes,50319.0,Low,64.7,5.0,56.3,8.1,No
STU100836,Sumaiya Khan,25.0,Male,Married,3.0,2.86,0,76.5,Yes,No,69753.0,Medium,100.0,6.0,89.8,11.8,No
STU100837,Sadia Ahmed,22.0,Female,Single,3.07,3.06,0,81.2,Yes,No,43645.0,Medium,71.3,7.0,76.6,18.0,No
STU100838,Mim Karim,18.0,Male,Single,3.24,2.77,0,80.3,Yes,No,127604.0,Low,63.2,6.0,64.5,15.5,No
STU100839,Raisa Hossain,18.0,Female,Single,3.26,3.09,0,65.1,Yes,Yes,55375.0,Low,70.6,4.0,66.2,14.1,No
STU100840,Adnan Ahmed,26.0,Female,Single,2.58,2.92,0,83.2,Yes,No,26150.0,High,54.4,5.0,68.1,10.9,No
STU100841,Hasan Ahmed,27.0,Female,Single,3.08,3.49,0,85.2,No,No,21554.0,High,64.3,5.0,99.0,9.9,No
STU100842,Tanjim Hasan,23.0,Male,Single,3.43,3.52,0,80.1,No,No,54032.0,Medium,65.8,3.0,73.1,18.7,No
STU100843,Arafat Islam,27.0,Male,Single,2.48,2.62,0,69.9,No,No,39986.0,Medium,55.9,4.0,50.6,7.8,Yes
STU100844,Nabila Islam,22.0,Female,Married,3.79,3.69,0,81.8,No,No,23831.0,High,100.0,8.0,71.2,22.5,No
STU100845,Tanvir Sultana,18.0,Male,Single,2.56,2.37,1,64.4,Yes,No,41264.0,Medium,46.0,3.0,51.3,7.0,Yes
STU100846,Nusrat Ahmed,23.0,Female,Single,3.73,3.9,0,84.7,Yes,No,33236.0,Medium,86.4,6.0,87.9,15.4,No
STU100847,Tasmia Islam,23.0,Female,Single,2.57,2.44,2,65.5,Yes,No,35253.0,High,46.9,5.0,42.3,8.5,Yes
STU100848,Jannat Hossain,20.0,Male,Single,2.97,3.48,0,82.7,Yes,No,94935.0,Medium,82.5,7.0,67.0,14.4,No
STU100849,Shuvo Islam,25.0,Female,Single,2.91,3.04,0,89.1,Yes,No,66787.0,Medium,96.8,8.0,73.4,12.3,Yes
STU100850,Jannat Akter,18.0,Male,Single,2.38,2.52,0,70.0,Yes,No,80068.0,Medium,82.8,7.0,65.5,9.8,No
STU100851,Mehedi Khan,18.0,Male,Single,3.31,3.0,0,76.7,Yes,No,115700.0,Low,66.4,7.0,76.6,14.1,No
STU100852,Tanjim Ahmed,23.0,Female,Single,3.34,2.64,1,77.2,Yes,No,48203.0,Medium,60.9,6.0,56.7,10.4,Yes
STU100853,Tanvir Akter,27.0,Female,Single,3.28,3.41,0,76.5,Yes,Yes,51702.0,Medium,86.2,8.0,87.3,11.2,No
STU100854,Raisa Rahman,18.0,Male,Single,2.89,2.74,0,86.8,Yes,No,53855.0,Low,82.5,8.0,72.3,16.5,No
STU100855,Rakib Khan,23.0,Female,Single,2.68,2.98,1,70.2,No,No,82845.0,Medium,66.4,7.0,47.3,6.3,No
STU100856,Mehedi Ahmed,18.0,Male,Single,3.49,3.22,0,85.0,Yes,No,80355.0,Low,87.2,6.0,100.0,13.8,No
STU100857,Fahim Chowdhury,23.0,Male,Single,3.1,2.94,1,88.1,Yes,Yes,32587.0,Medium,59.3,3.0,56.0,7.9,No
STU100858,Sadia Khan,20.0,Male,Single,2.66,3.0,0,73.1,Yes,No,23992.0,High,59.7,6.0,75.0,13.7,No
STU100859,Mariya Karim,25.0,Female,Single,3.1,3.23,0,76.6,Yes,No,24911.0,High,70.5,8.0,69.0,11.1,No
STU100860,Mahin Islam,23.0,Male,Single,2.25,1.95,2,63.5,Yes,Yes,46299.0,Medium,35.8,3.0,64.7,7.2,Yes
STU100861,Adnan Chowdhury,28.0,Female,Single,3.05,3.06,0,82.6,Yes,Yes,22842.0,Medium,84.2,8.0,91.6,16.8,No
STU100862,Tasmia Ahmed,18.0,Female,Single,3.3,3.87,0,87.8,Yes,No,54960.0,Medium,63.7,8.0,89.7,13.1,No
STU100863,Mim Hasan,22.0,Female,Single,2.92,2.96,3,72.5,Yes,No,13967.0,High,58.1,5.0,56.6,12.1,No
STU100864,Tanvir Sultana,25.0,Male,Single,3.32,3.28,0,88.8,Yes,Yes,125886.0,Low,77.7,4.0,66.8,19.3,No
STU100865,Sumaiya Hasan,20.0,Male,Single,3.37,3.63,0,85.4,No,Yes,21164.0,Medium,88.9,9.0,74.4,17.9,No
STU100866,Rakib Ahmed,23.0,Male,Single,3.12,3.23,0,70.6,Yes,No,31436.0,High,71.3,7.0,81.3,14.4,No
STU100867,Sakib Sultana,22.0,Female,Single,3.8,4.0,0,100.0,Yes,Yes,32752.0,Medium,100.0,8.0,71.3,19.4,No
STU100868,Sadia Karim,23.0,Female,Single,3.61,3.84,0,92.6,Yes,No,100668.0,Low,82.9,8.0,72.4,18.9,No
STU100869,Sumaiya Rahman,27.0,Female,Single,3.28,3.55,0,75.0,Yes,No,44821.0,Medium,69.0,5.0,62.0,13.5,No
STU100870,Mariya Karim,18.0,Female,Single,3.16,3.61,0,85.2,Yes,Yes,25035.0,Medium,75.9,9.0,61.7,12.4,No
STU100871,Tasmia Rahman,24.0,Male,Married,2.88,2.79,0,87.4,Yes,No,43250.0,High,72.8,6.0,70.6,14.4,No
STU100872,Jannat Ahmed,26.0,Female,Single,2.71,2.53,0,70.1,Yes,No,46123.0,High,58.6,2.0,83.9,11.6,No
STU100873,Adnan Chowdhury,19.0,Female,Single,3.36,2.96,0,90.0,No,No,55669.0,Medium,69.2,5.0,75.0,10.8,No
STU100874,Sadia Karim,27.0,Male,Single,2.91,2.85,1,69.1,No,Yes,24645.0,Medium,40.9,1.0,53.6,8.3,Yes
STU100875,Sakib Sultana,22.0,Male,Single,2.54,2.15,3,70.1,Yes,No,73196.0,High,62.8,6.0,48.3,5.4,Yes
STU100876,Mahin Chowdhury,27.0,Female,Single,2.64,2.75,0,56.9,Yes,No,48336.0,Medium,66.6,9.0,85.5,16.6,No
STU100877,Jannat Rahman,21.0,Female,Single,2.7,2.51,0,86.6,Yes,No,100826.0,Low,65.1,4.0,46.2,4.5,No
STU100878,Rakib Rahman,23.0,Male,Single,3.79,4.0,0,73.0,Yes,No,40905.0,Medium,100.0,7.0,88.0,20.0,No
STU100879,Shuvo Islam,23.0,Female,Single,3.38,3.62,0,97.6,Yes,No,43171.0,Medium,72.8,4.0,74.4,16.0,No
STU100880,Sakib Karim,28.0,Male,Single,3.02,2.9,0,70.7,Yes,No,41080.0,Medium,62.7,5.0,60.4,14.6,No
STU100881,Shuvo Ahmed,19.0,Male,Single,3.19,3.48,0,100.0,Yes,No,89575.0,Medium,91.7,7.0,93.3,14.1,No
STU100882,Shuvo Hasan,19.0,Female,Single,3.24,3.28,0,85.2,No,No,65584.0,Medium,76.1,3.0,78.8,12.6,No
STU100883,Hasan Hossain,21.0,Female,Single,2.61,2.08,2,77.8,Yes,No,30100.0,High,55.1,6.0,53.7,8.2,No
STU100884,Mehedi Khan,18.0,Female,Single,2.47,2.18,0,73.7,Yes,Yes,196004.0,Low,54.2,5.0,63.8,3.6,No
STU100885,Sadia Hossain,26.0,Male,Single,3.47,3.26,0,70.3,Yes,Yes,31622.0,Medium,58.4,5.0,60.1,16.2,No
STU100886,Nusrat Akter,24.0,Male,Single,2.39,2.4,1,65.8,Yes,No,33711.0,Medium,48.7,3.0,72.3,4.2,No
STU100887,Rakib Hossain,24.0,Male,Single,2.99,2.86,0,85.1,No,No,76459.0,High,80.9,7.0,81.4,9.4,Yes
STU100888,Fahim Karim,20.0,Male,Single,2.68,2.52,1,100.0,Yes,Yes,41197.0,Medium,76.1,9.0,78.7,10.5,No
STU100889,Mim Hossain,28.0,Male,Single,3.1,3.27,0,97.2,Yes,No,24870.0,High,72.6,7.0,61.6,12.7,No
STU100890,Arafat Chowdhury,20.0,Male,Single,2.89,3.12,0,83.8,Yes,Yes,88628.0,Low,53.3,6.0,59.6,12.3,No
STU100891,Jannat Islam,18.0,Male,Single,3.24,,0,90.9,Yes,No,135371.0,Low,78.9,4.0,62.2,15.4,No
STU100892,Tasmia Hossain,20.0,Male,Single,1.96,1.71,2,67.6,Yes,No,25607.0,High,39.2,8.0,57.6,6.6,Yes
STU100893,Nabila Chowdhury,20.0,Female,Single,3.5,3.88,0,87.0,No,No,88245.0,High,86.5,6.0,68.3,13.9,No
STU100894,Tanvir Islam,21.0,Male,Married,3.33,4.0,0,90.5,Yes,Yes,34289.0,Medium,96.9,8.0,91.7,18.4,No
STU100895,Tanjim Khan,21.0,Male,Single,3.46,3.17,0,78.3,Yes,Yes,14319.0,Medium,97.5,8.0,94.1,14.8,No
STU100896,Tanjim Rahman,20.0,Female,Single,3.4,3.67,0,88.0,Yes,No,,Medium,79.4,7.0,73.6,19.7,Yes
STU100897,Raisa Rahman,27.0,Male,Single,3.14,3.1,1,83.0,Yes,Yes,16077.0,Medium,68.3,7.0,55.9,11.2,No
STU100898,Hasan Islam,25.0,Female,Single,2.71,2.91,0,80.7,No,No,30116.0,High,70.3,8.0,67.5,7.4,No
STU100899,Sadia Sultana,25.0,Male,Single,3.2,2.91,1,74.0,No,No,38683.0,High,78.2,4.0,63.0,10.1,No
STU100900,Sumaiya Khan,18.0,Male,Single,3.13,2.75,2,69.2,Yes,No,44193.0,Medium,63.7,3.0,35.3,5.3,No
STU100901,Tanjim Hasan,24.0,Male,Single,3.39,3.06,1,76.9,Yes,No,82097.0,Medium,70.4,6.0,89.4,10.0,No
STU100902,Mehedi Hossain,28.0,Male,Single,3.28,3.11,0,83.9,Yes,Yes,32115.0,Medium,82.8,7.0,73.2,11.0,No
STU100903,Arafat Hasan,19.0,Female,Single,3.04,2.97,0,77.4,Yes,No,96965.0,Low,54.2,5.0,60.5,8.3,No
STU100904,Shuvo Ahmed,18.0,Female,Single,3.19,3.48,0,90.5,Yes,No,42791.0,Medium,86.2,5.0,66.7,18.0,No
STU100905,Mahin Hossain,20.0,Male,Single,3.23,2.98,0,67.1,Yes,No,,High,85.2,8.0,74.5,7.7,No
STU100906,Shuvo Ahmed,21.0,Male,Single,3.49,3.3,0,86.2,No,No,62397.0,Medium,81.5,9.0,57.5,16.7,Yes
STU100907,Hasan Hossain,23.0,Female,Single,3.78,4.0,0,98.7,Yes,No,121115.0,Medium,94.8,7.0,77.9,24.2,No
STU100908,Sakib Khan,27.0,Male,Single,3.27,3.28,0,100.0,Yes,No,34930.0,Medium,85.6,8.0,71.3,17.0,No
STU100909,Tasmia Khan,22.0,Female,Single,3.24,3.32,0,83.9,Yes,No,25341.0,Medium,98.8,5.0,64.5,14.5,No
STU100910,Sumaiya Chowdhury,21.0,Male,Single,2.9,3.12,0,88.8,Yes,No,32770.0,Medium,100.0,7.0,92.8,17.4,No
STU100911,Tasmia Khan,25.0,Female,Single,2.85,2.69,0,81.4,Yes,Yes,17315.0,Medium,67.1,7.0,73.5,5.4,No
STU100912,Raisa Khan,28.0,Male,Single,2.67,2.67,1,85.5,Yes,No,53242.0,Medium,67.5,6.0,53.2,8.2,No
STU100913,Sumaiya Islam,21.0,Male,Married,1.56,1.46,2,61.5,No,No,19162.0,Medium,32.5,3.0,48.3,1.0,Yes
STU100914,Raisa Sultana,27.0,Female,Married,2.62,2.6,1,80.2,Yes,No,64040.0,Low,77.4,6.0,76.2,10.2,No
STU100915,Mariya Hasan,19.0,Female,Single,2.92,3.18,0,63.9,Yes,Yes,38867.0,Medium,77.2,8.0,63.2,11.4,No
STU100916,Fahim Rahman,20.0,Male,Single,2.86,3.06,0,91.4,No,Yes,65908.0,Medium,54.3,5.0,72.8,7.0,No
STU100917,Nabila Ahmed,23.0,Female,Married,3.21,2.52,0,79.2,Yes,No,38943.0,Medium,72.5,5.0,60.9,6.7,No
STU100918,Jannat Rahman,25.0,Female,Single,2.64,2.94,0,75.2,Yes,No,58779.0,Medium,66.6,6.0,100.0,7.1,No
STU100919,Mehedi Akter,25.0,Male,Single,2.66,2.55,2,74.9,Yes,Yes,26140.0,Medium,60.6,5.0,80.3,2.6,No
STU100920,Sakib Rahman,28.0,Female,Single,2.05,2.17,1,85.0,Yes,No,52463.0,Medium,46.2,6.0,50.5,5.5,No
STU100921,Arafat Khan,26.0,Male,Single,3.21,3.09,0,74.0,No,Yes,31362.0,Medium,66.9,5.0,74.3,15.2,No
STU100922,Sumaiya Ahmed,24.0,Female,Single,2.6,2.58,1,67.6,Yes,No,62925.0,Low,51.3,5.0,57.3,9.9,No
STU100923,Adnan Sultana,19.0,Female,Single,2.68,3.07,0,67.9,Yes,No,41574.0,Low,70.3,4.0,68.6,7.7,No
STU100924,Fahim Rahman,25.0,Male,Single,3.25,3.35,0,76.7,Yes,No,82510.0,Medium,73.6,6.0,65.6,10.7,No
STU100925,Sakib Ahmed,24.0,Male,Single,2.6,2.98,1,70.2,Yes,No,39178.0,High,69.4,8.0,66.0,6.9,No
STU100926,Mehedi Karim,25.0,Male,Single,3.17,3.16,0,81.4,Yes,Yes,29814.0,High,64.3,2.0,67.4,6.4,No
STU100927,Fahim Sultana,20.0,Male,Single,2.46,2.41,0,77.7,Yes,Yes,48482.0,Low,54.9,6.0,54.6,1.0,No
STU100928,Arafat Rahman,24.0,Female,Single,2.99,2.99,0,69.3,Yes,No,163394.0,Low,71.7,5.0,67.4,5.4,No
STU100929,Shuvo Islam,27.0,Male,Single,2.73,2.34,1,76.6,Yes,No,81388.0,Medium,49.4,5.0,49.9,7.5,Yes
STU100930,Nusrat Ahmed,26.0,Male,Single,2.88,2.07,1,73.8,Yes,Yes,28960.0,Low,48.7,4.0,77.0,4.0,No
STU100931,Rakib Sultana,20.0,Female,Single,3.68,3.45,0,87.6,No,No,44913.0,High,84.2,7.0,94.7,15.7,No
STU100932,Tanvir Chowdhury,27.0,Female,Single,2.26,2.57,0,70.6,Yes,Yes,31204.0,Low,84.7,7.0,98.3,11.1,No
STU100933,Mim Hossain,23.0,Male,Single,3.64,4.0,0,100.0,Yes,Yes,27876.0,Medium,81.9,5.0,73.2,25.8,No
STU100934,Mariya Akter,19.0,Female,Single,2.59,1.99,3,70.6,Yes,No,45359.0,Medium,26.4,4.0,36.3,2.7,Yes
STU100935,Sadia Hasan,19.0,Female,Single,3.39,3.78,0,76.1,No,No,39038.0,High,78.2,9.0,73.3,18.4,No
STU100936,Tanvir Khan,22.0,Female,Single,3.48,3.3,0,70.1,Yes,Yes,25384.0,Medium,72.8,6.0,51.1,19.4,No
STU100937,Raisa Khan,22.0,Female,Single,3.19,2.77,0,72.8,No,Yes,31326.0,Low,88.6,6.0,59.3,13.1,No
STU100938,Sadia Islam,24.0,Female,Single,2.45,2.77,2,74.9,No,No,46352.0,Medium,67.4,5.0,50.5,16.3,No
STU100939,Sakib Chowdhury,19.0,Male,Single,3.12,2.97,0,94.8,No,No,32742.0,High,80.8,7.0,72.7,13.3,Yes
STU100940,Tanvir Akter,28.0,Male,Single,4.0,4.0,0,83.9,Yes,No,44622.0,Medium,92.2,6.0,76.1,18.1,No
STU100941,Nabila Rahman,24.0,Female,Single,3.01,2.8,1,63.5,Yes,Yes,30645.0,Low,57.9,6.0,75.9,14.2,No
STU100942,Jannat Chowdhury,22.0,Female,Single,2.95,2.87,2,77.6,No,No,58213.0,Medium,50.2,8.0,57.3,7.9,Yes
STU100943,Sumaiya Hossain,23.0,Female,Single,2.91,2.62,0,74.7,Yes,No,30842.0,Medium,83.7,9.0,86.7,4.7,No
STU100944,Mahin Akter,25.0,Female,Single,3.23,3.28,0,85.2,Yes,Yes,63780.0,Medium,74.7,8.0,85.9,16.2,No
STU100945,Fahim Islam,27.0,Male,Married,2.96,3.2,0,82.1,Yes,No,38313.0,Medium,91.2,8.0,93.4,9.2,No
STU100946,Tanvir Hasan,21.0,Female,Single,3.13,2.61,1,73.4,Yes,No,13825.0,Medium,60.5,7.0,69.9,4.4,No
STU100947,Fahim Rahman,24.0,Female,Single,2.87,3.07,1,88.7,No,No,38919.0,High,85.3,7.0,85.7,15.4,No
STU100948,Rakib Rahman,23.0,Female,Single,2.53,2.41,2,76.6,Yes,Yes,59409.0,Medium,70.3,4.0,56.5,12.4,No
STU100949,Sakib Chowdhury,27.0,Male,Single,4.0,3.74,0,89.9,Yes,Yes,33204.0,Low,80.9,8.0,80.8,12.8,No
STU100950,Mim Chowdhury,19.0,Male,Single,2.96,2.54,0,58.9,Yes,No,40398.0,Medium,60.3,3.0,86.9,10.4,No
STU100951,Arafat Rahman,25.0,Female,Single,4.0,4.0,0,87.7,Yes,No,63443.0,Medium,93.4,6.0,100.0,18.3,No
STU100952,Arafat Hasan,27.0,Male,Single,3.19,3.28,0,92.0,Yes,No,103814.0,Medium,92.8,8.0,88.6,8.1,No
STU100953,Tanjim Islam,26.0,Female,Single,3.27,3.1,0,74.0,Yes,Yes,84875.0,Low,58.7,4.0,66.7,10.7,No
STU100954,Sumaiya Karim,22.0,Male,Single,2.86,3.09,0,80.7,Yes,Yes,47776.0,Low,98.9,10.0,81.1,18.4,No
STU100955,Mariya Sultana,27.0,Female,Single,2.73,2.89,0,80.6,Yes,Yes,61222.0,Low,66.8,5.0,54.6,9.9,No
STU100956,Tanvir Akter,21.0,Female,Single,2.87,3.13,0,85.1,Yes,No,47286.0,High,69.9,4.0,62.4,8.3,No
STU100957,Nabila Akter,23.0,Female,Single,2.63,3.12,0,79.2,Yes,No,19697.0,High,93.0,8.0,100.0,19.6,No
STU100958,Jannat Chowdhury,25.0,Male,Single,2.58,2.65,1,79.9,Yes,No,90294.0,Medium,59.0,4.0,50.6,2.5,No
STU100959,Nusrat Hossain,28.0,Female,Single,3.8,4.0,0,93.4,Yes,No,92803.0,Medium,99.2,7.0,74.4,13.9,No
STU100960,Sakib Hasan,20.0,Female,Single,3.36,3.79,0,80.0,No,No,17899.0,High,73.2,7.0,47.9,17.1,No
STU100961,Sadia Hasan,27.0,Male,Single,3.67,3.91,0,82.2,Yes,Yes,36462.0,Medium,93.2,8.0,73.3,19.6,No
STU100962,Nabila Sultana,28.0,Female,Single,3.51,3.0,0,83.5,Yes,Yes,104653.0,Medium,68.2,7.0,89.8,9.0,No
STU100963,Mahin Karim,28.0,Male,Single,2.73,2.76,1,90.3,No,No,50766.0,High,70.2,6.0,75.3,4.2,No
STU100964,Raisa Hossain,18.0,Male,Single,2.31,2.38,1,83.0,Yes,Yes,25972.0,Low,75.6,4.0,85.4,11.8,No
STU100965,Nusrat Hossain,21.0,Male,Single,2.79,2.86,0,75.7,Yes,No,,Low,55.8,6.0,75.5,6.4,No
STU100966,Hasan Akter,21.0,Female,Single,3.04,3.01,0,74.8,Yes,No,47966.0,Medium,82.9,7.0,96.0,7.7,No
STU100967,Jannat Chowdhury,18.0,Male,Single,3.51,3.71,0,84.2,Yes,No,91762.0,Low,83.4,7.0,82.2,12.3,No
STU100968,Tanjim Khan,26.0,Female,Single,2.98,3.21,0,97.5,Yes,No,47162.0,Medium,92.5,6.0,74.0,14.2,No
STU100969,Arafat Akter,20.0,Male,Single,4.0,3.5,0,85.8,Yes,Yes,13757.0,High,62.4,6.0,84.4,12.9,No
STU100970,Arafat Islam,22.0,Male,Married,2.81,3.21,0,85.3,Yes,No,121568.0,Low,79.1,6.0,97.9,10.9,Yes
STU100971,Tanjim Rahman,23.0,Female,Single,3.27,2.82,0,73.2,Yes,Yes,24473.0,Medium,63.4,6.0,68.7,9.8,Yes
STU100972,Raisa Rahman,25.0,Female,Single,2.73,2.61,0,79.1,Yes,Yes,35382.0,Medium,62.0,3.0,66.5,12.3,No
STU100973,Mahin Akter,23.0,Female,Single,3.18,2.92,0,67.7,Yes,No,87115.0,Medium,56.2,7.0,51.7,12.7,No
STU100974,Nusrat Hasan,,Male,Single,2.94,2.73,0,67.3,Yes,Yes,157758.0,Low,66.4,6.0,66.7,16.0,No
STU100975,Mim Hasan,23.0,Male,Single,2.89,3.21,0,84.4,Yes,No,43399.0,High,60.7,5.0,51.1,11.0,No
STU100976,Tanjim Khan,18.0,Female,Single,2.72,2.76,1,79.1,Yes,No,54784.0,High,50.3,4.0,57.2,11.5,No
STU100977,Nusrat Khan,21.0,Female,Single,3.07,3.27,0,80.4,Yes,No,23443.0,Medium,55.5,7.0,55.2,14.3,No
STU100978,Tasmia Ahmed,23.0,Male,Single,3.38,3.57,0,89.4,Yes,Yes,38645.0,Medium,65.4,4.0,77.0,12.3,No
STU100979,Tanjim Karim,24.0,Male,Single,2.56,1.99,1,59.3,Yes,Yes,82304.0,Low,41.8,3.0,39.8,9.8,No
STU100980,Sakib Hasan,28.0,Female,Single,2.98,2.81,0,77.4,Yes,Yes,53304.0,Low,55.2,3.0,58.2,18.9,Yes
STU100981,Mim Karim,28.0,Male,Single,3.22,3.45,0,79.8,Yes,Yes,116848.0,Low,69.2,6.0,63.8,13.5,No
STU100982,Hasan Khan,27.0,Female,Single,3.31,3.5,0,85.2,No,No,20876.0,Medium,69.9,7.0,38.8,13.8,No
STU100983,Nusrat Akter,20.0,Male,Single,3.84,3.31,0,81.7,Yes,Yes,20404.0,Medium,70.4,6.0,61.6,16.0,No
STU100984,Rakib Chowdhury,26.0,Male,Single,3.26,3.57,0,100.0,No,Yes,30879.0,High,85.3,7.0,68.2,12.6,No
STU100985,Nabila Chowdhury,24.0,Female,Single,2.82,3.0,1,70.5,Yes,Yes,31710.0,Medium,60.5,7.0,43.8,13.3,No
STU100986,Tanvir Hossain,18.0,Male,Single,2.74,2.46,1,74.6,Yes,No,76163.0,Medium,68.3,6.0,74.9,15.0,No
STU100987,Sakib Khan,19.0,Male,Single,2.74,2.86,1,100.0,Yes,Yes,35899.0,Low,64.2,,34.5,12.8,No
STU100988,Mehedi Khan,18.0,Female,Single,2.71,2.65,1,81.7,Yes,No,23544.0,High,76.5,5.0,39.0,7.6,Yes
STU100989,Nusrat Islam,28.0,Male,Single,3.1,3.24,0,83.6,Yes,No,55992.0,Medium,55.1,4.0,65.2,13.8,Yes
STU100990,Sakib Khan,26.0,Male,Single,3.19,2.65,1,83.5,No,Yes,29484.0,Medium,69.3,8.0,69.5,10.2,Yes
STU100991,Fahim Hasan,26.0,Female,Single,3.37,3.27,0,89.8,No,Yes,24660.0,Medium,64.4,7.0,61.7,7.6,Yes
STU100992,Shuvo Hasan,24.0,Male,Single,3.3,3.65,0,77.3,Yes,No,80619.0,Medium,63.8,2.0,73.4,18.0,No
STU100993,Fahim Akter,27.0,Male,Single,3.56,3.72,0,73.8,Yes,Yes,91683.0,Low,83.5,7.0,85.9,14.4,No
STU100994,Mahin Karim,20.0,Male,Married,2.7,2.94,0,82.4,Yes,Yes,77095.0,Low,72.7,7.0,83.2,17.9,No
STU100995,Mehedi Chowdhury,22.0,Female,Single,3.74,3.67,0,83.0,Yes,Yes,28438.0,Medium,100.0,6.0,71.8,22.7,No
STU100996,Tanjim Rahman,21.0,Female,Married,2.72,2.89,0,100.0,No,No,32541.0,High,70.9,5.0,73.6,17.0,Yes
STU100997,Tanjim Rahman,24.0,Female,Single,3.16,3.11,0,92.9,Yes,Yes,60692.0,High,70.8,4.0,66.5,13.8,No
STU100998,Mim Hossain,26.0,Male,Single,2.91,2.63,0,89.1,No,No,67683.0,Medium,57.9,3.0,71.1,12.3,Yes
STU100999,Tanjim Rahman,19.0,Female,Single,2.99,,1,57.0,Yes,No,39658.0,Medium,59.7,5.0,80.8,13.7,No
STU101000,Arafat Hasan,25.0,Female,Single,3.3,3.74,0,82.6,Yes,No,87309.0,Low,96.3,10.0,85.6,24.0,No
STU101001,Adnan Hasan,26.0,Male,Single,2.35,2.69,1,76.4,Yes,No,14608.0,Medium,49.8,4.0,60.2,7.0,Yes
STU101002,Tanjim Islam,27.0,Female,Single,2.63,2.33,0,70.0,Yes,No,32840.0,High,50.6,4.0,62.8,4.8,Yes
STU101003,Rakib Islam,27.0,Female,Single,3.34,3.21,0,78.1,Yes,Yes,152193.0,Low,74.7,5.0,62.1,6.7,No
STU101004,Tanvir Ahmed,26.0,Female,Married,3.0,2.72,0,77.5,No,No,44651.0,Medium,81.9,4.0,71.7,10.2,No
STU101005,Adnan Karim,27.0,Female,Single,2.88,2.94,0,82.6,No,Yes,34603.0,High,70.7,6.0,73.9,11.7,No
STU101006,Mahin Rahman,24.0,Male,Single,2.5,2.79,0,100.0,Yes,No,58411.0,Medium,88.0,8.0,91.1,6.9,No
STU101007,Arafat Chowdhury,26.0,Male,Single,2.89,3.5,0,79.9,Yes,No,26594.0,Medium,81.0,7.0,93.5,16.7,No
STU101008,Mariya Sultana,26.0,Male,Single,3.31,2.88,0,88.6,Yes,No,12484.0,High,81.6,6.0,100.0,16.2,No
STU101009,Sakib Chowdhury,20.0,Male,Single,2.75,3.0,1,92.2,Yes,Yes,234647.0,Low,72.1,7.0,67.2,8.0,No
STU101010,Fahim Hossain,21.0,Male,Married,3.61,3.61,0,77.9,Yes,Yes,28059.0,Medium,67.3,5.0,69.6,16.4,No
STU101011,Hasan Akter,19.0,Female,Single,3.48,3.37,1,100.0,No,No,50855.0,Medium,91.0,,72.5,13.4,No
STU101012,Hasan Hossain,27.0,Male,Single,2.84,2.56,1,77.6,No,No,49512.0,High,,3.0,68.4,9.5,No
STU101013,Jannat Karim,20.0,Male,Single,2.73,3.27,0,61.7,Yes,No,59088.0,Medium,73.8,6.0,69.5,16.0,No
STU101014,Mahin Karim,28.0,Female,Single,1.76,1.27,3,70.1,Yes,No,29084.0,High,26.2,7.0,43.5,1.0,Yes
STU101015,Tasmia Hasan,28.0,Male,Single,2.52,2.37,3,53.4,No,No,12000.0,High,21.9,1.0,27.0,1.3,Yes
STU101016,Nabila Rahman,22.0,Female,Single,2.49,2.6,1,88.9,Yes,Yes,31381.0,Medium,73.9,5.0,39.4,5.2,No
STU101017,Mim Islam,22.0,Female,Married,2.36,2.49,0,86.7,Yes,No,45763.0,High,51.3,6.0,39.3,5.1,No
STU101018,Hasan Rahman,23.0,Male,Single,2.98,3.36,0,75.5,Yes,No,47612.0,High,68.4,4.0,57.0,15.4,No
STU101019,Mehedi Sultana,24.0,Male,Single,3.14,2.88,0,77.5,Yes,Yes,106305.0,Low,76.5,6.0,93.1,12.3,No
STU101020,Sakib Rahman,24.0,Male,Single,3.82,4.0,0,96.2,Yes,No,38491.0,Medium,70.0,4.0,82.5,12.1,No
STU101021,Tasmia Hasan,18.0,Female,Single,3.03,3.01,0,77.1,No,No,50461.0,High,73.8,4.0,73.3,8.9,Yes
STU101022,Fahim Sultana,19.0,Male,Married,2.08,2.1,1,87.4,Yes,Yes,29103.0,High,54.2,3.0,59.8,6.2,Yes
STU101023,Tanjim Ahmed,26.0,Female,Single,2.66,2.53,1,83.4,Yes,No,32386.0,Medium,61.7,5.0,52.3,14.3,No
STU101024,Arafat Hossain,27.0,Female,Single,3.27,3.32,0,71.1,Yes,No,135449.0,Low,51.9,8.0,52.8,9.7,No
STU101025,Sumaiya Hossain,19.0,Male,Married,2.96,2.92,0,79.8,Yes,No,30382.0,High,69.8,6.0,68.1,6.6,Yes
STU101026,Sadia Khan,23.0,Female,Single,3.39,3.28,0,88.9,Yes,Yes,36542.0,Low,93.1,9.0,71.5,11.8,No
STU101027,Hasan Sultana,28.0,Male,Single,2.77,2.61,1,68.9,No,No,81762.0,Medium,58.5,4.0,87.0,8.0,Yes
STU101028,Fahim Ahmed,28.0,Female,Single,3.52,3.63,0,96.9,No,No,128376.0,Low,100.0,8.0,100.0,13.0,No
STU101029,Sumaiya Hossain,18.0,Male,Single,3.11,2.71,0,85.2,No,No,70270.0,Medium,57.7,3.0,84.5,10.2,Yes
STU101030,Sumaiya Khan,20.0,Female,Single,3.12,3.06,0,89.0,Yes,No,70392.0,Medium,100.0,7.0,77.7,16.5,No
STU101031,Raisa Ahmed,19.0,Male,Single,3.07,2.84,0,77.9,Yes,Yes,22601.0,Medium,81.6,6.0,78.5,11.5,No
STU101032,Jannat Khan,20.0,Female,Single,2.66,2.62,0,69.8,Yes,No,59727.0,Medium,85.9,9.0,100.0,10.4,Yes
STU101033,Shuvo Akter,22.0,Male,Single,2.97,2.94,1,89.5,Yes,No,38000.0,Medium,94.0,7.0,64.3,15.8,No
STU101034,Shuvo Rahman,28.0,Male,Single,3.13,3.39,0,100.0,No,Yes,58365.0,Low,92.3,7.0,85.5,18.5,No
STU101035,Mim Rahman,27.0,Female,Single,2.37,2.57,0,87.8,No,No,38593.0,Medium,54.7,7.0,52.7,6.2,Yes
STU101036,Mim Sultana,23.0,Male,Single,3.04,3.12,0,91.0,Yes,Yes,32869.0,Medium,82.4,8.0,78.5,12.6,No
STU101037,Mim Chowdhury,26.0,Female,Single,3.55,3.6,0,87.4,No,Yes,20178.0,High,60.7,6.0,88.4,21.1,No
STU101038,Raisa Ahmed,28.0,Female,Single,3.2,3.14,0,76.7,Yes,No,42980.0,Low,87.4,5.0,91.4,14.8,No
STU101039,Arafat Chowdhury,27.0,Male,Single,3.62,3.55,0,93.1,Yes,Yes,49462.0,Low,100.0,9.0,86.4,21.0,No
STU101040,Fahim Chowdhury,21.0,Male,Married,3.18,2.66,0,73.6,Yes,No,14272.0,Medium,73.6,8.0,76.2,7.8,No
STU101041,Sadia Khan,24.0,Male,Married,2.6,2.82,2,83.5,Yes,Yes,32114.0,Medium,58.8,7.0,21.8,4.7,Yes
STU101042,Arafat Hossain,23.0,Female,Single,3.36,3.44,0,87.9,Yes,Yes,38908.0,Low,94.1,8.0,80.5,13.6,No
STU101043,Sadia Karim,19.0,Male,Single,2.49,2.85,0,67.5,Yes,No,61680.0,Medium,78.7,7.0,70.3,10.2,Yes
STU101044,Shuvo Hossain,27.0,Male,Single,2.91,2.74,0,80.4,Yes,No,32530.0,High,75.4,8.0,70.5,12.1,No
STU101045,Tanjim Hasan,28.0,Male,Single,2.88,3.25,0,72.8,Yes,No,63586.0,Medium,81.1,7.0,69.2,16.2,No
STU101046,Tanjim Islam,28.0,Male,Single,2.69,2.64,1,63.6,No,No,52508.0,Medium,50.8,6.0,59.4,6.2,No
STU101047,Sumaiya Hossain,28.0,Female,Single,4.0,3.83,0,68.7,Yes,No,72586.0,Medium,84.0,8.0,75.6,12.1,No
STU101048,Mariya Karim,25.0,Male,Single,2.97,3.43,0,73.3,Yes,Yes,33622.0,Low,85.1,7.0,78.4,15.3,No
STU101049,Fahim Ahmed,24.0,Female,Single,3.81,3.92,0,78.7,No,No,38527.0,Medium,82.4,8.0,79.2,22.6,No
STU101050,Hasan Khan,24.0,Female,Single,3.15,3.66,0,98.7,Yes,No,61579.0,Medium,83.4,7.0,82.0,23.2,No
STU101051,Tasmia Hossain,25.0,Female,Single,2.63,2.68,1,81.6,Yes,No,25670.0,High,67.5,7.0,57.3,1.3,No
STU101052,Sadia Karim,28.0,Male,Single,2.82,3.06,0,100.0,Yes,No,43381.0,High,84.7,8.0,67.7,15.7,No
STU101053,Shuvo Chowdhury,18.0,Female,Married,2.98,3.29,0,82.6,No,No,77574.0,Medium,79.8,6.0,78.5,19.7,No
STU101054,Sakib Chowdhury,18.0,Female,Single,2.85,2.76,1,65.4,Yes,Yes,31186.0,Medium,66.2,6.0,41.2,7.5,No
STU101055,Mariya Karim,25.0,Male,Single,2.88,2.98,0,81.8,No,No,53898.0,Medium,74.9,4.0,65.3,12.6,No
STU101056,Mariya Islam,21.0,Male,Married,3.26,3.3,0,80.6,Yes,Yes,44957.0,Low,83.3,8.0,80.3,17.2,No
STU101057,Tanvir Hossain,22.0,Male,Single,3.16,3.41,0,89.1,Yes,No,100917.0,Low,91.0,3.0,75.1,18.6,No
STU101058,Shuvo Islam,25.0,Male,Single,3.31,,1,66.1,Yes,No,47070.0,Medium,63.9,8.0,66.8,8.5,No
STU101059,Fahim Sultana,22.0,Male,Single,3.69,3.87,0,89.4,Yes,No,60353.0,Low,87.1,5.0,79.8,22.8,No
STU101060,Raisa Hossain,27.0,Female,Single,2.79,3.06,0,94.6,Yes,No,41050.0,Medium,76.7,6.0,84.6,12.4,No
STU101061,Tanjim Hasan,21.0,Male,Single,3.5,3.3,0,96.6,Yes,Yes,33845.0,Medium,74.2,8.0,75.1,11.1,No
STU101062,Fahim Hasan,23.0,Male,Single,3.63,3.36,0,95.6,Yes,No,50973.0,High,83.4,7.0,84.8,10.5,No
STU101063,Nusrat Karim,22.0,Female,Married,3.58,3.08,0,87.6,Yes,Yes,32935.0,Medium,50.8,4.0,76.2,14.2,No
STU101064,Nusrat Sultana,24.0,Male,Single,2.21,2.83,1,86.1,Yes,Yes,79468.0,Low,74.9,6.0,64.5,6.8,No
STU101065,Tanjim Islam,27.0,Female,Single,3.81,3.59,0,86.4,Yes,No,85919.0,Medium,100.0,9.0,88.7,21.7,No
STU101066,Shuvo Sultana,24.0,Male,Single,2.71,3.14,0,86.9,No,No,46818.0,Medium,71.7,5.0,63.1,16.4,No
STU101067,Tanvir Akter,21.0,Female,Single,2.17,2.11,0,73.7,Yes,No,35302.0,High,77.0,7.0,82.5,1.6,No
STU101068,Arafat Rahman,22.0,Male,Single,3.8,4.0,0,85.1,No,No,51002.0,Medium,89.8,6.0,75.6,20.2,No
STU101069,Rakib Sultana,20.0,Female,Single,3.23,3.41,0,87.6,Yes,No,22326.0,Medium,68.6,7.0,72.2,7.3,No
STU101070,Mehedi Ahmed,21.0,Female,Single,3.25,3.88,0,100.0,Yes,Yes,29675.0,Medium,79.0,7.0,86.5,12.9,No
STU101071,Fahim Hossain,21.0,Male,Single,2.85,3.28,0,86.8,No,Yes,24692.0,High,84.5,6.0,70.4,21.3,No
STU101072,Mim Hasan,20.0,Male,Single,3.08,3.15,0,87.5,Yes,Yes,29920.0,Medium,71.9,5.0,54.1,12.6,No
STU101073,Mim Akter,27.0,Female,Single,2.94,3.03,0,89.2,Yes,Yes,32116.0,Low,100.0,7.0,72.8,11.5,No
STU101074,Nabila Chowdhury,22.0,Male,Single,2.72,2.92,0,84.3,No,No,22186.0,High,72.2,4.0,94.6,7.1,Yes
STU101075,Shuvo Karim,22.0,Female,Single,3.01,3.81,0,86.5,No,No,38872.0,High,70.1,4.0,63.4,21.0,No
STU101076,Sumaiya Sultana,28.0,Female,Single,3.05,3.07,0,89.6,Yes,No,40462.0,Medium,75.3,8.0,88.6,17.3,No
STU101077,Sadia Akter,24.0,Male,Single,2.41,2.02,2,61.5,Yes,No,61664.0,Low,27.5,4.0,24.6,3.3,Yes
STU101078,Arafat Islam,21.0,Male,Single,3.03,3.1,0,93.4,Yes,Yes,47690.0,Low,54.2,4.0,62.1,12.6,No
STU101079,Adnan Rahman,21.0,Male,Single,2.2,2.0,2,79.4,Yes,No,97847.0,Low,53.6,7.0,64.6,5.5,No
STU101080,Shuvo Hossain,26.0,Male,Single,3.86,3.93,0,89.0,Yes,No,62211.0,Low,87.2,8.0,84.9,19.0,No
STU101081,Mariya Hasan,23.0,Female,Single,2.95,3.3,0,78.4,Yes,No,163157.0,Low,83.9,7.0,83.5,17.5,No
STU101082,Arafat Sultana,21.0,Female,Single,2.52,2.67,0,98.6,Yes,Yes,23907.0,Low,,8.0,71.1,8.1,No
STU101083,Arafat Khan,19.0,Male,Married,3.23,3.05,0,76.1,Yes,Yes,77885.0,Low,99.0,9.0,67.5,7.9,No
STU101084,Raisa Rahman,23.0,Male,Single,2.66,2.6,0,76.2,Yes,Yes,18993.0,Medium,70.7,7.0,48.9,15.2,No
STU101085,Shuvo Hasan,19.0,Male,Single,2.99,2.67,1,58.3,Yes,No,80609.0,Medium,74.0,6.0,72.9,5.2,No
STU101086,Mariya Ahmed,22.0,Male,Single,3.2,3.59,0,99.1,Yes,No,55566.0,Medium,91.5,7.0,84.8,18.9,No
STU101087,Nabila Sultana,23.0,Female,Single,2.54,2.79,1,64.4,Yes,No,39737.0,Medium,70.8,3.0,79.8,11.7,Yes
STU101088,Nusrat Islam,21.0,Male,Single,3.88,3.55,0,90.8,Yes,No,50519.0,High,94.3,8.0,67.1,15.2,Yes
STU101089,Adnan Hasan,20.0,Female,Single,3.92,4.0,0,92.7,Yes,No,34352.0,High,100.0,8.0,71.5,16.2,No
STU101090,Nabila Sultana,24.0,Female,Single,2.76,2.7,0,78.9,Yes,Yes,32611.0,Low,66.9,6.0,71.3,11.2,No
STU101091,Rakib Hossain,19.0,Female,Single,2.49,2.58,1,70.8,Yes,No,57244.0,Medium,77.1,3.0,63.8,14.7,No
STU101092,Fahim Khan,28.0,Male,Single,2.76,2.66,0,83.2,Yes,Yes,18462.0,Medium,55.6,2.0,58.8,3.9,Yes
STU101093,Fahim Islam,23.0,Female,Single,2.79,2.91,0,97.0,Yes,No,53940.0,Medium,100.0,4.0,71.0,13.3,No
STU101094,Mahin Rahman,21.0,Female,Single,3.5,3.53,0,83.9,Yes,No,41999.0,Medium,71.2,4.0,75.4,21.9,No
STU101095,Sadia Islam,23.0,Female,Single,2.77,2.35,0,61.9,Yes,Yes,37595.0,Medium,52.5,5.0,58.2,10.6,No
STU101096,Nusrat Akter,21.0,Male,Single,2.48,2.83,1,61.3,Yes,Yes,34329.0,Medium,45.4,5.0,57.6,3.8,No
STU101097,Arafat Karim,21.0,Male,Single,3.05,2.8,0,78.7,No,No,51244.0,Medium,70.0,6.0,80.7,7.6,Yes
STU101098,Mehedi Islam,21.0,Female,Married,2.33,2.6,0,74.7,Yes,No,79373.0,Medium,72.6,6.0,56.9,14.0,No
STU101099,Raisa Ahmed,26.0,Male,Single,3.48,3.41,0,83.7,No,Yes,153271.0,Low,89.8,6.0,84.9,10.1,No
STU101100,Mim Hasan,24.0,Male,Single,3.27,3.29,1,83.9,No,No,83326.0,Medium,78.3,6.0,60.4,11.8,Yes
STU101101,Adnan Islam,20.0,Female,Single,2.73,2.87,0,76.6,Yes,No,71091.0,Low,95.4,7.0,95.7,10.3,No
STU101102,Sumaiya Hossain,20.0,Male,Married,2.78,2.82,0,100.0,Yes,No,29176.0,Medium,77.6,7.0,57.1,11.1,No
STU101103,Sumaiya Khan,23.0,Male,Single,3.11,3.34,0,88.1,Yes,No,32411.0,High,85.3,8.0,73.5,18.1,Yes
STU101104,Tanvir Karim,23.0,Male,Single,2.5,2.29,0,84.4,Yes,No,44888.0,Medium,87.6,7.0,95.5,9.0,No
STU101105,Fahim Karim,21.0,Female,Single,2.65,2.96,0,80.2,Yes,Yes,57445.0,Medium,88.9,4.0,66.3,11.0,No
STU101106,Fahim Ahmed,26.0,Male,Single,2.9,2.59,1,74.4,Yes,No,35082.0,High,58.5,5.0,46.6,9.0,No
STU101107,Hasan Hasan,21.0,Female,Single,2.41,2.13,2,63.7,No,No,86379.0,Medium,38.9,4.0,61.9,3.9,Yes
STU101108,Mariya Hasan,26.0,Male,Single,2.8,2.97,0,82.4,Yes,Yes,31098.0,Medium,77.2,5.0,67.2,8.7,No
STU101109,Sadia Hasan,21.0,Male,Single,2.52,2.83,0,66.9,No,No,22510.0,High,63.8,8.0,87.5,9.0,Yes
STU101110,Tanjim Akter,19.0,Female,Single,3.64,3.73,0,73.4,Yes,No,79573.0,Medium,89.9,6.0,74.8,10.2,No
STU101111,Tanjim Sultana,19.0,Male,Single,2.82,3.27,0,78.5,Yes,No,51242.0,Medium,59.8,5.0,67.7,10.3,No
STU101112,Shuvo Akter,22.0,Female,Single,2.57,2.32,1,65.1,Yes,No,38430.0,Medium,57.3,5.0,80.8,12.3,Yes
STU101113,Adnan Ahmed,21.0,Male,Single,3.3,2.95,2,70.1,Yes,Yes,21172.0,High,49.9,3.0,27.3,11.2,No
STU101114,Sadia Chowdhury,24.0,Male,Single,2.72,2.97,0,78.7,No,No,77344.0,High,73.9,3.0,63.0,10.7,No
STU101115,Mim Khan,28.0,Male,Single,2.5,2.54,0,75.7,Yes,Yes,166496.0,Low,78.9,6.0,77.8,13.7,No
STU101116,Arafat Rahman,22.0,Male,Single,3.4,3.64,0,94.4,Yes,No,59073.0,High,100.0,3.0,100.0,22.6,No
STU101117,Mim Sultana,23.0,Female,Single,2.85,2.55,0,85.3,Yes,Yes,31726.0,Medium,74.3,6.0,76.3,9.9,Yes
STU101118,Fahim Hossain,27.0,Female,Single,3.38,3.25,0,83.7,Yes,No,51283.0,Medium,94.8,7.0,62.1,11.6,No
STU101119,Mehedi Sultana,21.0,Male,Married,2.99,3.52,0,100.0,Yes,No,61326.0,Medium,77.6,5.0,81.6,13.5,No
STU101120,Jannat Sultana,19.0,Female,Single,3.06,3.0,0,77.8,Yes,No,59184.0,Medium,45.4,5.0,81.3,12.3,No
STU101121,Fahim Hossain,27.0,Female,Single,3.25,3.68,0,94.9,No,No,28775.0,High,100.0,6.0,77.4,21.3,No
STU101122,Sumaiya Islam,26.0,Male,Single,2.71,2.95,0,86.1,No,No,34086.0,Medium,80.6,5.0,85.9,12.5,No
STU101123,Sadia Ahmed,27.0,Male,Single,2.64,2.55,1,73.4,Yes,No,29840.0,High,60.4,3.0,71.5,7.3,No
STU101124,Nusrat Rahman,24.0,Female,Single,3.54,3.96,0,88.5,Yes,Yes,55150.0,Low,81.8,4.0,86.0,21.3,No
STU101125,Mahin Khan,21.0,Female,Single,3.26,3.36,0,80.9,Yes,No,43446.0,Medium,84.4,8.0,98.3,10.7,No
STU101126,Nusrat Hossain,20.0,Female,Single,2.97,2.97,0,88.6,Yes,Yes,84767.0,Medium,53.0,4.0,77.3,10.6,No
STU101127,Jannat Sultana,27.0,Female,Single,3.36,3.33,0,95.9,No,Yes,51551.0,Medium,70.1,6.0,65.7,18.0,Yes
STU101128,Sakib Sultana,20.0,Female,Single,3.24,3.37,0,85.3,Yes,No,66580.0,Medium,73.9,5.0,59.9,14.4,No
STU101129,Mim Khan,26.0,Male,Single,3.42,3.09,0,65.9,Yes,No,38820.0,High,76.1,7.0,64.8,12.0,No
STU101130,Adnan Khan,22.0,Male,Single,2.49,2.76,0,85.0,No,Yes,16666.0,Medium,79.3,5.0,77.5,6.1,No
STU101131,Arafat Khan,20.0,Male,Single,2.97,3.1,0,81.2,Yes,Yes,94373.0,Medium,84.8,5.0,88.1,11.6,No
STU101132,Rakib Islam,22.0,Female,Single,3.51,3.34,0,75.2,Yes,Yes,48213.0,Medium,75.9,4.0,71.5,14.5,No
STU101133,Nabila Islam,19.0,Female,Single,3.75,3.37,0,85.7,Yes,No,56480.0,Medium,90.1,7.0,99.6,18.8,No
STU101134,Sadia Hasan,28.0,Female,Single,2.76,2.68,0,76.3,No,No,70522.0,Medium,54.5,,52.7,3.9,Yes
STU101135,Raisa Hossain,21.0,Female,Single,3.07,3.15,0,73.3,Yes,No,51852.0,Medium,68.6,7.0,81.7,9.8,No
STU101136,Fahim Ahmed,27.0,Female,Single,3.01,3.06,0,80.5,Yes,Yes,16210.0,Medium,64.1,7.0,87.5,10.4,No
STU101137,Shuvo Ahmed,19.0,Female,Single,2.44,2.49,0,90.6,Yes,Yes,37084.0,High,78.3,6.0,79.7,11.0,No
STU101138,Rakib Karim,19.0,Male,Single,2.87,3.07,0,83.9,Yes,No,34531.0,Medium,71.0,7.0,65.4,9.1,No
STU101139,Tanvir Ahmed,25.0,Female,Single,2.29,1.94,1,70.8,No,No,35166.0,Medium,62.0,7.0,70.8,3.1,No
STU101140,Rakib Karim,18.0,Female,Married,2.92,2.91,1,82.3,Yes,No,40165.0,High,75.3,5.0,72.9,16.9,Yes
STU101141,Mehedi Chowdhury,24.0,Male,Single,2.53,2.62,0,81.1,Yes,No,46395.0,Medium,69.3,8.0,90.7,10.6,No
STU101142,Mim Sultana,22.0,Female,Single,3.08,3.21,0,81.2,Yes,No,130068.0,Low,68.7,6.0,44.5,11.3,No
STU101143,Sadia Ahmed,28.0,Female,Single,2.86,3.13,0,84.8,Yes,No,60012.0,High,81.6,8.0,63.3,15.5,Yes
STU101144,Mim Karim,25.0,Male,Single,2.85,2.79,2,75.1,No,No,66880.0,Medium,61.3,7.0,64.9,2.8,Yes
STU101145,Mahin Hossain,18.0,Male,Single,3.7,3.72,0,68.4,No,No,34795.0,Medium,89.3,5.0,76.0,15.1,No
STU101146,Nusrat Hossain,28.0,Female,Single,3.03,2.81,1,82.2,Yes,No,101980.0,Low,48.2,6.0,48.0,5.8,No
STU101147,Mim Ahmed,24.0,Female,Married,3.85,3.96,0,90.1,Yes,No,48446.0,High,90.9,7.0,78.9,15.4,No
STU101148,Mariya Karim,22.0,Female,Single,3.2,2.94,0,86.4,Yes,No,44628.0,Low,71.2,5.0,42.2,8.3,No
STU101149,Nabila Khan,21.0,Male,Married,3.37,3.54,0,86.1,Yes,No,16828.0,High,76.0,7.0,91.2,14.3,Yes
STU101150,Adnan Chowdhury,24.0,Male,Single,2.61,2.96,0,78.5,Yes,No,66427.0,Low,91.8,8.0,80.4,12.3,Yes
STU101151,Sumaiya Akter,27.0,Male,Single,2.69,2.83,0,72.0,Yes,Yes,75113.0,Medium,63.5,8.0,62.9,8.5,No
STU101152,Sakib Islam,19.0,Male,Single,3.01,3.39,0,86.6,Yes,No,73929.0,Medium,55.6,8.0,51.3,6.0,No
STU101153,Fahim Islam,18.0,Male,Single,3.55,3.41,0,86.7,Yes,Yes,20797.0,Medium,88.8,8.0,100.0,12.0,No
STU101154,Mehedi Islam,18.0,Female,Single,2.84,2.48,1,87.0,Yes,No,75445.0,Medium,79.8,7.0,53.2,6.7,No
STU101155,Raisa Islam,28.0,Male,Single,2.36,2.31,2,66.1,No,No,37921.0,Medium,59.3,6.0,30.8,1.0,Yes
STU101156,Mehedi Khan,18.0,Male,Single,3.18,2.99,0,91.6,Yes,Yes,22543.0,Medium,55.3,4.0,55.3,16.3,No
STU101157,Tasmia Hossain,22.0,Male,Single,3.03,2.88,0,88.2,Yes,No,147431.0,Low,75.9,8.0,72.2,5.4,No
STU101158,Jannat Islam,27.0,Male,Single,2.75,2.09,2,61.8,Yes,No,103412.0,Low,38.7,3.0,45.6,10.0,No
STU101159,Mahin Hossain,24.0,Female,Married,2.83,2.88,1,65.6,Yes,No,64401.0,Medium,82.8,6.0,63.8,4.1,No
STU101160,Mahin Hossain,19.0,Female,Single,2.61,2.61,0,88.0,Yes,No,60035.0,Medium,68.2,5.0,52.7,4.8,No
STU101161,Mariya Karim,27.0,Female,Single,3.42,3.67,0,91.5,Yes,No,106480.0,Medium,91.0,6.0,87.8,15.2,No
STU101162,Mim Karim,25.0,Male,Single,3.01,3.18,0,90.8,Yes,Yes,34417.0,Medium,84.1,8.0,59.7,17.8,No
STU101163,Mariya Karim,21.0,Male,Single,3.11,3.06,0,83.8,No,No,176290.0,Low,87.3,7.0,73.7,10.2,No
STU101164,Tasmia Hasan,20.0,Male,Single,2.73,3.01,0,72.8,Yes,No,46057.0,Low,90.3,8.0,83.0,22.7,No
STU101165,Shuvo Hossain,27.0,Male,Single,3.6,3.87,0,90.6,Yes,No,77809.0,Medium,87.9,8.0,74.8,12.2,No
STU101166,Fahim Akter,,Female,Single,3.1,2.95,0,87.5,Yes,No,60534.0,Low,63.0,4.0,92.2,12.7,No
STU101167,Shuvo Khan,25.0,Male,Single,2.04,2.1,2,48.7,Yes,Yes,25876.0,Medium,64.6,4.0,73.0,6.3,No
STU101168,Mariya Karim,19.0,Female,Single,3.21,3.66,0,91.6,Yes,No,45499.0,Medium,81.2,9.0,78.0,12.0,No
STU101169,Tasmia Sultana,28.0,Male,Single,2.88,2.98,1,86.3,Yes,No,101791.0,Medium,80.7,5.0,68.9,6.3,Yes
STU101170,Tanvir Ahmed,28.0,Female,Single,2.93,2.68,1,84.8,No,Yes,29415.0,High,64.1,6.0,49.5,9.3,Yes
STU101171,Tasmia Ahmed,20.0,Female,Single,3.45,3.11,3,78.0,Yes,Yes,95052.0,Low,62.6,5.0,88.2,10.0,No
STU101172,Nusrat Khan,20.0,Female,Single,3.04,2.6,0,75.0,No,Yes,64835.0,Low,50.2,5.0,54.6,2.9,Yes
STU101173,Tanjim Rahman,27.0,Female,Married,3.77,3.16,0,82.7,No,Yes,21894.0,Medium,75.9,7.0,64.2,15.3,No
STU101174,Raisa Akter,28.0,Female,Married,3.05,2.9,1,64.9,Yes,No,44995.0,Medium,70.1,4.0,72.1,12.7,No
STU101175,Mim Islam,18.0,Female,Single,2.79,2.74,3,80.4,Yes,Yes,43787.0,Medium,49.3,4.0,40.5,9.9,Yes
STU101176,Raisa Khan,23.0,Male,Single,2.18,1.89,2,74.3,Yes,No,25679.0,High,66.5,8.0,71.2,1.0,No
STU101177,Adnan Hossain,19.0,Male,Married,2.68,2.47,0,74.8,No,Yes,53094.0,Medium,85.3,7.0,82.6,19.6,No
STU101178,Raisa Akter,18.0,Female,Single,2.85,2.57,1,80.9,No,Yes,21339.0,High,67.1,8.0,49.5,7.1,Yes
STU101179,Mim Hasan,19.0,Female,Single,3.66,3.19,0,89.1,No,No,72919.0,Medium,85.2,8.0,90.4,13.0,Yes
STU101180,Hasan Khan,23.0,Male,Single,2.79,2.74,0,70.1,Yes,No,27609.0,Medium,72.8,7.0,82.9,6.5,Yes
STU101181,Sumaiya Akter,21.0,Male,Single,3.74,3.94,0,100.0,Yes,Yes,37891.0,Low,87.9,7.0,81.5,17.8,No
STU101182,Raisa Khan,23.0,Female,Single,2.48,2.33,1,66.1,Yes,No,44931.0,Medium,49.7,9.0,53.4,2.1,No
STU101183,Hasan Islam,26.0,Male,Single,2.65,2.99,0,62.9,Yes,No,103608.0,Low,59.4,4.0,40.8,11.6,No
STU101184,Mim Islam,27.0,Male,Single,3.51,3.55,0,90.0,Yes,Yes,22436.0,Medium,70.7,3.0,70.4,6.5,No
STU101185,Tasmia Chowdhury,27.0,Male,Single,2.73,3.0,0,85.0,No,Yes,34126.0,Medium,69.7,5.0,57.3,14.3,No
STU101186,Rakib Chowdhury,25.0,Female,Single,3.49,3.5,0,82.5,No,No,48980.0,Medium,94.1,7.0,93.7,9.5,No
STU101187,Fahim Chowdhury,18.0,Male,Single,2.63,2.83,0,82.5,Yes,No,43426.0,Medium,68.0,10.0,84.1,12.6,Yes
STU101188,Arafat Sultana,25.0,Female,Married,2.67,2.25,1,65.9,Yes,No,47799.0,Low,63.5,7.0,82.9,4.3,No
STU101189,Arafat Khan,26.0,Male,Single,3.29,3.54,0,71.0,Yes,No,40208.0,Medium,84.1,8.0,88.7,18.4,No
STU101190,Nabila Islam,23.0,Female,Single,2.63,2.64,1,84.9,Yes,Yes,52483.0,Medium,69.6,3.0,96.2,9.5,No
STU101191,Sadia Hossain,27.0,Female,Single,2.88,3.21,0,86.4,Yes,Yes,15309.0,High,83.1,6.0,67.5,14.3,No
STU101192,Sumaiya Akter,22.0,Male,Single,3.18,3.1,0,79.5,Yes,No,98061.0,Medium,61.8,6.0,58.2,17.2,No
STU101193,Tanjim Hasan,23.0,Male,Single,2.89,3.41,1,98.0,Yes,No,43282.0,Low,83.3,7.0,78.9,11.3,No
STU101194,Mim Hasan,23.0,Male,Single,2.75,2.91,1,75.6,Yes,Yes,198007.0,Low,61.2,3.0,61.7,5.3,Yes
STU101195,Mehedi Rahman,26.0,Male,Single,2.46,2.19,1,77.8,Yes,No,37376.0,Medium,75.0,7.0,64.1,10.2,No
STU101196,Raisa Karim,21.0,Female,Married,3.65,3.99,0,81.1,Yes,No,79505.0,Medium,92.7,6.0,98.4,17.4,No
STU101197,Tanvir Akter,19.0,Male,Single,3.74,3.42,0,65.5,Yes,No,29856.0,High,84.5,7.0,64.7,18.4,No
STU101198,Mahin Karim,28.0,Female,Single,3.15,2.81,0,86.0,Yes,Yes,46067.0,Medium,72.9,4.0,83.6,7.3,No
STU101199,Mariya Sultana,28.0,Male,Single,2.9,3.28,0,89.5,Yes,Yes,25912.0,Low,72.7,6.0,76.8,8.6,Yes
STU101200,Hasan Hossain,26.0,Male,Single,2.92,3.02,0,99.4,Yes,No,37758.0,Low,79.2,8.0,59.0,13.8,No
STU101201,Nusrat Khan,19.0,Male,Single,3.37,3.4,1,72.0,Yes,Yes,30086.0,Medium,54.4,4.0,62.7,8.3,No
STU101202,Raisa Akter,27.0,Female,Single,3.46,3.31,0,69.4,Yes,No,59129.0,Medium,64.2,8.0,47.6,9.1,No
STU101203,Shuvo Chowdhury,26.0,Male,Single,2.76,3.01,0,76.5,No,No,111686.0,Low,57.2,3.0,62.2,13.1,No
STU101204,Arafat Khan,19.0,Female,Single,3.48,3.4,0,90.2,Yes,No,57663.0,Medium,80.4,6.0,75.9,12.2,No
STU101205,Raisa Akter,25.0,Male,Single,3.28,3.34,0,65.0,Yes,No,218129.0,Low,84.1,7.0,78.9,15.9,No
STU101206,Tanvir Akter,26.0,Male,Single,3.48,3.14,0,83.8,Yes,No,66379.0,Medium,74.5,5.0,79.8,5.1,No
STU101207,Fahim Hasan,27.0,Female,Single,2.28,2.26,1,68.9,Yes,No,26935.0,High,44.9,4.0,43.1,1.0,No
STU101208,Sadia Chowdhury,26.0,Female,Single,2.81,2.86,0,77.3,Yes,Yes,170879.0,Low,79.2,5.0,57.4,12.4,No
STU101209,Mariya Islam,27.0,Male,Single,2.92,3.08,1,71.8,Yes,No,74272.0,Low,48.0,2.0,52.9,8.1,No
STU101210,Nabila Sultana,26.0,Female,Single,2.79,2.89,0,91.1,Yes,Yes,20924.0,Medium,63.1,6.0,50.2,9.1,No
STU101211,Raisa Khan,19.0,Male,Single,3.86,3.76,0,73.8,Yes,No,44480.0,Medium,85.3,6.0,71.1,11.5,No
STU101212,Sumaiya Khan,21.0,Female,Single,2.82,2.9,0,89.7,No,No,70011.0,High,90.6,9.0,77.3,13.1,Yes
STU101213,Tanjim Khan,24.0,Female,Single,3.21,3.5,0,90.4,Yes,No,61358.0,Low,82.3,5.0,75.1,22.0,No
STU101214,Adnan Hossain,19.0,Female,Single,3.07,2.62,1,71.7,No,No,69892.0,Medium,41.4,4.0,48.0,7.8,Yes
STU101215,Mim Chowdhury,18.0,Female,Single,2.87,2.82,0,94.4,Yes,No,78759.0,Medium,79.2,5.0,74.0,11.0,No
STU101216,Sakib Chowdhury,20.0,Male,Single,2.68,2.74,1,60.0,Yes,Yes,32336.0,Low,83.5,5.0,88.7,12.6,No
STU101217,Tanvir Islam,21.0,Female,Single,3.93,3.65,0,96.2,Yes,Yes,59437.0,Low,100.0,10.0,95.6,10.4,Yes
STU101218,Sakib Akter,25.0,Male,Single,2.9,3.18,1,70.5,Yes,Yes,50618.0,Medium,63.2,4.0,57.1,14.5,No
STU101219,Fahim Karim,23.0,Male,Single,3.39,3.57,0,82.5,Yes,No,39155.0,Low,79.0,6.0,83.1,23.4,No
STU101220,Mehedi Hasan,28.0,Male,Single,3.0,3.3,0,87.2,Yes,Yes,71256.0,Low,87.8,7.0,96.9,10.9,No
STU101221,Nusrat Rahman,19.0,Female,Married,2.79,3.44,0,94.9,Yes,Yes,50160.0,Medium,91.8,6.0,94.1,17.7,No
STU101222,Sadia Hossain,26.0,Female,Single,3.05,3.15,0,74.6,Yes,Yes,83207.0,Low,54.6,6.0,52.6,9.9,No
STU101223,Mahin Hossain,19.0,Male,Single,3.14,3.05,0,87.6,Yes,No,53369.0,High,79.3,5.0,71.0,16.2,No
STU101224,Mim Hasan,22.0,Female,Married,2.79,3.07,0,78.6,Yes,No,37682.0,Medium,91.5,9.0,88.7,15.1,No
STU101225,Shuvo Hossain,21.0,Female,Single,2.66,2.48,1,67.1,Yes,Yes,49149.0,Medium,58.5,4.0,56.8,3.6,No
STU101226,Tasmia Sultana,24.0,Male,Single,3.21,3.35,0,70.0,Yes,Yes,65472.0,Low,72.0,7.0,99.0,19.0,No
STU101227,Sakib Islam,25.0,Male,Single,3.05,3.36,0,81.5,Yes,No,45976.0,Low,100.0,10.0,100.0,17.1,No
STU101228,Tanvir Akter,22.0,Female,Single,2.71,2.96,0,70.1,No,No,35281.0,High,71.3,7.0,63.0,8.9,No
STU101229,Rakib Sultana,27.0,Male,Single,2.58,3.0,3,62.0,Yes,Yes,49128.0,Low,65.5,4.0,59.0,5.1,No
STU101230,Tanvir Chowdhury,22.0,Male,Married,3.16,3.08,0,78.2,Yes,No,98648.0,Low,84.8,3.0,71.9,8.6,No
STU101231,Mahin Akter,19.0,Female,Single,2.14,2.35,0,74.7,Yes,Yes,65002.0,Low,68.1,8.0,88.4,8.5,No
STU101232,Shuvo Sultana,25.0,Female,Single,2.88,2.91,0,,Yes,No,55006.0,Medium,63.1,6.0,62.2,11.6,No
STU101233,Mehedi Rahman,19.0,Female,Single,3.06,3.14,0,83.7,No,No,40561.0,Medium,56.7,7.0,73.6,4.3,No
STU101234,Mahin Hossain,27.0,Female,Single,3.78,3.86,0,100.0,Yes,Yes,50716.0,Medium,83.8,8.0,76.2,16.9,No
STU101235,Hasan Sultana,23.0,Male,Single,3.0,3.17,0,77.3,Yes,No,26667.0,Low,70.5,6.0,78.7,9.8,No
STU101236,Tanjim Rahman,25.0,Male,Single,2.86,2.85,2,66.8,Yes,Yes,40797.0,Medium,73.4,8.0,77.1,6.8,No
STU101237,Mahin Hossain,23.0,Female,Single,3.13,2.7,0,71.2,Yes,No,60255.0,High,75.2,6.0,90.5,9.5,Yes
STU101238,Jannat Sultana,21.0,Male,Single,2.68,2.72,0,54.7,No,No,47833.0,Medium,51.8,7.0,64.1,13.3,No
STU101239,Mariya Rahman,21.0,Female,Single,2.9,3.01,0,76.4,No,No,36706.0,Medium,68.9,5.0,75.4,20.5,Yes
STU101240,Sumaiya Sultana,23.0,Male,Single,3.01,3.0,0,98.0,No,Yes,22967.0,High,72.5,5.0,73.1,8.4,No
STU101241,Fahim Hasan,21.0,Male,Single,3.28,3.41,0,85.9,Yes,Yes,42053.0,Low,68.6,7.0,72.0,13.7,No
STU101242,Shuvo Islam,25.0,Male,Single,2.7,2.66,3,66.6,Yes,Yes,29994.0,Medium,52.1,4.0,63.0,3.8,Yes
STU101243,Tanjim Sultana,26.0,Female,Married,3.0,2.92,0,86.1,Yes,Yes,44338.0,Medium,87.0,8.0,63.9,14.7,No
STU101244,Mim Akter,18.0,Male,Single,2.19,2.61,1,72.0,Yes,No,52528.0,Medium,47.2,4.0,51.0,5.5,No
STU101245,Sadia Ahmed,21.0,Male,Single,3.23,3.91,0,100.0,Yes,No,99604.0,Low,100.0,8.0,77.7,20.9,No
STU101246,Nabila Akter,,Male,Single,2.9,3.16,0,82.2,Yes,Yes,75056.0,Low,80.1,8.0,67.6,12.2,No
STU101247,Mahin Chowdhury,19.0,Female,Single,3.85,3.68,0,100.0,Yes,No,51319.0,Medium,91.9,7.0,96.6,13.4,No
STU101248,Sumaiya Ahmed,23.0,Male,Single,3.16,3.23,0,86.2,Yes,No,142226.0,Low,76.8,6.0,61.7,16.1,No
STU101249,Mim Rahman,20.0,Male,Single,2.61,2.65,0,84.0,No,Yes,56256.0,Medium,73.4,6.0,74.4,14.6,No
STU101250,Nabila Ahmed,24.0,Male,Single,2.51,2.71,1,75.3,Yes,Yes,30366.0,Medium,65.1,7.0,52.4,10.8,No
STU101251,Shuvo Akter,28.0,Female,Single,3.3,3.35,0,93.6,Yes,No,39971.0,High,85.1,,81.4,13.3,No
STU101252,Jannat Rahman,28.0,Male,Married,3.81,3.99,0,100.0,Yes,No,185877.0,Low,87.6,4.0,79.0,20.5,No
STU101253,Sakib Karim,22.0,Male,Single,3.67,4.0,0,94.8,Yes,Yes,30326.0,Low,99.9,9.0,78.1,22.7,No
STU101254,Mim Sultana,21.0,Male,Single,2.45,1.9,1,68.6,Yes,No,38144.0,High,28.4,2.0,57.3,4.6,Yes
STU101255,Tanvir Rahman,22.0,Female,Married,3.09,2.94,0,90.3,No,No,77997.0,Low,87.2,6.0,70.3,11.6,No
STU101256,Nusrat Rahman,25.0,Female,Single,3.51,3.79,0,84.1,Yes,Yes,27702.0,Medium,92.8,7.0,74.9,13.9,No
STU101257,Raisa Rahman,20.0,Male,Single,2.4,2.38,2,83.8,Yes,No,79272.0,Medium,67.1,6.0,43.5,5.5,No
STU101258,Arafat Rahman,24.0,Female,Single,3.47,3.64,0,82.6,Yes,No,85386.0,Medium,88.6,7.0,77.1,17.1,No
STU101259,Tanvir Chowdhury,23.0,Female,Single,2.68,2.63,0,78.4,No,No,52746.0,High,73.4,7.0,57.4,12.3,No
STU101260,Mahin Rahman,18.0,Male,Single,2.9,3.37,0,92.8,Yes,Yes,112300.0,Low,93.0,6.0,93.0,16.6,No
STU101261,Mehedi Karim,24.0,Female,Single,3.12,3.47,0,67.4,Yes,Yes,41094.0,Low,80.8,7.0,99.0,12.3,No
STU101262,Rakib Sultana,24.0,Female,Single,3.48,3.57,0,89.4,Yes,No,75473.0,Medium,80.7,6.0,100.0,18.3,No
STU101263,Mahin Sultana,18.0,Female,Single,3.69,4.0,0,91.4,Yes,No,12275.0,High,83.3,7.0,94.4,19.7,No
STU101264,Adnan Hossain,26.0,Male,Single,2.85,2.95,0,77.4,No,No,65154.0,High,72.8,5.0,61.3,15.3,No
STU101265,Hasan Ahmed,23.0,Male,Single,2.78,2.8,0,77.5,Yes,No,94622.0,Medium,88.7,6.0,79.8,15.5,No
STU101266,Jannat Akter,19.0,Male,Single,2.75,3.2,0,76.0,Yes,Yes,70128.0,Low,85.3,5.0,73.5,17.2,Yes
STU101267,Arafat Rahman,22.0,Female,Single,3.35,2.93,0,72.8,No,No,36642.0,Medium,77.5,6.0,62.3,15.6,Yes
STU101268,Fahim Islam,28.0,Male,Single,3.45,3.5,0,82.3,No,No,19805.0,High,44.6,3.0,54.4,12.2,Yes
STU101269,Hasan Ahmed,21.0,Male,Single,3.4,3.51,0,77.1,Yes,Yes,85102.0,Medium,60.6,7.0,65.6,28.9,No
STU101270,Jannat Khan,24.0,Male,Single,3.12,,0,87.0,No,Yes,28537.0,Medium,82.0,7.0,73.1,12.1,Yes
STU101271,Tanjim Khan,25.0,Male,Married,3.17,2.94,0,75.1,Yes,No,30697.0,Medium,86.8,5.0,84.3,16.5,Yes
STU101272,Adnan Hasan,28.0,Female,Single,2.9,2.87,0,88.2,Yes,Yes,38970.0,Low,70.5,3.0,68.6,18.0,No
STU101273,Mehedi Islam,28.0,Male,Single,2.94,2.49,2,63.4,No,No,65119.0,Medium,55.7,6.0,50.5,7.6,Yes
STU101274,Mehedi Karim,18.0,Male,Single,3.38,3.85,0,77.2,Yes,No,87822.0,Low,78.7,7.0,78.4,17.1,No
STU101275,Mariya Khan,22.0,Female,Single,3.12,3.6,0,84.8,Yes,No,138112.0,Low,70.0,4.0,80.6,18.7,No
STU101276,Jannat Islam,20.0,Male,Single,2.79,2.81,0,70.1,Yes,Yes,49330.0,Medium,63.6,5.0,71.2,2.3,No
STU101277,Shuvo Akter,18.0,Female,Married,3.49,3.4,0,84.0,Yes,No,54024.0,Low,82.8,8.0,76.5,14.5,No
STU101278,Mariya Sultana,20.0,Male,Single,2.73,2.28,0,69.2,Yes,No,58964.0,Medium,83.3,3.0,80.3,10.8,No
STU101279,Jannat Akter,23.0,Male,Single,3.07,2.87,0,69.6,Yes,No,35380.0,Medium,68.0,4.0,93.1,15.2,No
STU101280,Tanjim Akter,24.0,Female,Single,2.44,2.89,0,69.9,Yes,No,67796.0,Medium,70.1,5.0,60.4,8.7,No
STU101281,Raisa Hossain,25.0,Female,Single,2.57,2.58,1,86.2,No,Yes,33410.0,High,85.6,8.0,79.3,13.2,No
STU101282,Adnan Karim,28.0,Male,Single,3.01,2.85,1,84.1,Yes,No,85276.0,Medium,78.0,6.0,79.4,10.7,No
STU101283,Mim Khan,21.0,Female,Single,2.69,2.7,1,64.8,Yes,Yes,27036.0,Medium,69.2,7.0,57.8,18.2,No
STU101284,Fahim Islam,20.0,Female,Single,2.9,2.74,0,72.7,Yes,Yes,75279.0,Medium,76.9,5.0,71.7,14.6,No
STU101285,Sakib Khan,22.0,Female,Single,3.55,3.07,1,93.0,Yes,No,75958.0,Medium,70.9,7.0,69.8,21.9,No
STU101286,Rakib Sultana,26.0,Male,Single,2.94,2.85,0,80.6,Yes,Yes,,Medium,74.3,6.0,59.2,9.9,No
STU101287,Sadia Khan,23.0,Male,Single,3.4,3.09,0,79.6,Yes,Yes,55951.0,Low,81.2,5.0,73.1,9.3,No
STU101288,Mim Hasan,26.0,Female,Married,2.65,2.78,0,81.2,Yes,No,109952.0,Medium,67.6,5.0,50.5,8.0,No
STU101289,Nabila Sultana,23.0,Female,Single,3.25,3.53,0,88.6,Yes,No,52916.0,Medium,82.5,7.0,94.9,9.8,No
STU101290,Shuvo Khan,19.0,Male,Single,2.55,2.34,2,70.6,Yes,No,48545.0,Medium,53.2,5.0,32.2,3.6,No
STU101291,Adnan Ahmed,22.0,Female,Single,2.89,2.95,0,74.3,Yes,No,35590.0,Medium,57.7,6.0,58.0,13.7,No
STU101292,Sumaiya Rahman,28.0,Male,Single,3.27,3.26,0,66.2,Yes,No,62004.0,Medium,90.0,8.0,57.3,11.8,Yes
STU101293,Nusrat Akter,26.0,Male,Single,3.01,2.78,0,80.1,Yes,No,38672.0,Medium,67.6,5.0,90.5,11.0,No
STU101294,Nabila Hasan,25.0,Male,Single,3.42,2.74,2,57.3,No,No,60991.0,Medium,48.4,1.0,71.2,7.0,Yes
STU101295,Mariya Rahman,24.0,Female,Single,3.3,2.99,0,77.5,Yes,Yes,71056.0,Low,78.3,5.0,96.8,7.6,No
STU101296,Hasan Akter,18.0,Male,Single,2.86,2.63,2,67.1,Yes,No,54731.0,Medium,77.0,4.0,65.1,18.3,No
STU101297,Mahin Hasan,21.0,Female,Single,3.58,3.63,0,80.5,No,No,86830.0,Medium,75.2,4.0,89.0,14.2,No
STU101298,Mariya Karim,24.0,Female,Single,3.2,3.27,0,88.0,No,No,58654.0,Medium,80.6,6.0,70.4,17.8,No
STU101299,Hasan Ahmed,28.0,Female,Married,2.89,3.26,0,82.2,Yes,No,38433.0,Medium,43.1,5.0,60.8,12.7,No
STU101300,Raisa Ahmed,24.0,Female,Single,3.07,2.76,1,81.3,Yes,Yes,17360.0,Medium,91.3,5.0,83.1,4.3,No
STU101301,Sakib Khan,23.0,Female,Single,3.04,2.79,1,61.2,Yes,No,36407.0,Medium,54.4,6.0,60.6,4.9,No
STU101302,Tasmia Karim,25.0,Female,Married,3.09,2.9,1,85.0,No,No,42954.0,Medium,37.2,5.0,38.3,9.0,Yes
STU101303,Mariya Sultana,28.0,Male,Single,2.94,2.88,1,86.3,Yes,No,64065.0,Medium,84.2,10.0,82.6,9.2,No
STU101304,Tasmia Hasan,23.0,Male,Single,3.17,3.23,0,83.4,Yes,Yes,16809.0,Medium,63.1,7.0,69.7,17.6,No
STU101305,Rakib Hasan,27.0,Male,Single,3.36,3.48,0,100.0,Yes,No,17587.0,High,71.1,7.0,66.6,6.4,No
STU101306,Adnan Rahman,20.0,Male,Single,3.19,2.63,0,85.1,No,No,16511.0,High,58.6,6.0,77.8,13.3,Yes
STU101307,Mariya Akter,21.0,Female,Single,3.18,3.53,0,86.0,Yes,No,44852.0,Medium,76.5,5.0,60.5,13.2,No
STU101308,Sakib Karim,20.0,Male,Married,2.95,3.1,0,95.7,No,No,22707.0,Medium,100.0,7.0,74.5,6.6,No
STU101309,Fahim Islam,18.0,Male,Single,2.6,2.87,1,78.7,Yes,No,60001.0,Low,51.4,6.0,47.3,7.0,No
STU101310,Mehedi Sultana,27.0,Female,Single,2.49,1.78,0,63.9,Yes,Yes,37901.0,Medium,63.7,5.0,54.0,7.2,Yes
STU101311,Raisa Hossain,22.0,Female,Single,2.68,2.93,0,88.7,Yes,Yes,19860.0,High,67.4,6.0,62.4,9.6,No
STU101312,Raisa Chowdhury,18.0,Male,Single,2.81,2.51,0,91.7,Yes,Yes,82831.0,Low,65.6,7.0,72.1,10.7,No
STU101313,Tanjim Hossain,18.0,Female,Single,3.75,3.62,0,73.1,Yes,No,46454.0,Medium,75.4,6.0,63.8,21.9,No
STU101314,Tanvir Karim,19.0,Male,Single,3.56,3.99,0,85.8,Yes,Yes,84734.0,Low,86.9,6.0,87.3,26.8,No
STU101315,Tasmia Karim,21.0,Male,Single,2.73,2.93,1,73.9,Yes,Yes,47972.0,Medium,71.7,5.0,84.3,8.0,No
STU101316,Rakib Rahman,23.0,Female,Single,3.2,3.0,0,70.5,No,No,109970.0,Low,50.4,8.0,80.2,15.0,Yes
STU101317,Rakib Hossain,25.0,Female,Single,2.97,3.21,0,81.1,Yes,Yes,66716.0,Medium,100.0,8.0,67.0,14.2,No
STU101318,Mahin Khan,20.0,Male,Single,3.11,3.21,0,76.7,No,Yes,22138.0,Medium,75.7,5.0,83.4,7.4,No
STU101319,Mariya Akter,18.0,Female,Single,2.75,2.63,1,79.8,No,No,35189.0,Medium,51.1,4.0,61.8,2.1,Yes
STU101320,Mehedi Hasan,20.0,Male,Single,4.0,4.0,0,94.4,Yes,Yes,32864.0,Medium,100.0,8.0,81.4,18.9,No
STU101321,Tanjim Hasan,20.0,Male,Single,3.84,3.73,0,89.1,Yes,Yes,13593.0,Medium,,8.0,76.1,20.7,No
STU101322,Rakib Chowdhury,22.0,Male,Married,2.87,2.98,0,83.8,Yes,No,76967.0,Medium,73.4,6.0,70.9,9.3,No
STU101323,Fahim Islam,28.0,Female,Single,2.73,2.84,0,94.3,Yes,No,60005.0,Medium,88.4,,92.4,11.8,No
STU101324,Hasan Karim,21.0,Female,Single,3.42,3.57,0,100.0,Yes,No,104687.0,Medium,64.8,3.0,78.0,15.2,No
STU101325,Mahin Hossain,21.0,Male,Single,2.46,3.03,0,87.7,Yes,Yes,19325.0,Medium,85.8,4.0,93.3,2.7,No
STU101326,Tanvir Karim,26.0,Male,Single,3.38,3.66,0,82.8,Yes,Yes,25223.0,Medium,86.0,8.0,70.6,18.4,No
STU101327,Sadia Rahman,24.0,Female,Single,3.06,3.36,0,87.4,No,No,27525.0,Medium,74.0,6.0,71.7,17.1,No
STU101328,Arafat Rahman,21.0,Male,Single,2.35,2.2,3,66.9,Yes,No,107265.0,Low,44.8,3.0,62.6,7.4,Yes
STU101329,Mehedi Rahman,20.0,Male,Married,2.93,2.48,1,81.0,Yes,No,103196.0,Medium,56.1,8.0,60.0,9.2,No
STU101330,Mariya Karim,23.0,Female,Single,2.7,2.65,2,65.2,No,Yes,23022.0,Medium,58.4,5.0,73.8,7.9,No
STU101331,Nabila Islam,20.0,Male,Single,3.07,2.93,0,88.1,Yes,No,58020.0,Medium,79.4,4.0,72.6,12.8,No
STU101332,Hasan Hossain,23.0,Female,Single,3.03,3.21,0,84.4,Yes,Yes,,Low,64.2,5.0,83.3,16.8,No
STU101333,Fahim Ahmed,28.0,Male,Single,2.39,2.33,2,69.9,Yes,No,43868.0,High,45.3,5.0,44.3,5.7,No
STU101334,Mim Ahmed,28.0,Female,Single,2.85,3.25,0,83.6,Yes,No,140952.0,Low,54.8,4.0,40.5,15.3,No
STU101335,Raisa Hasan,26.0,Male,Single,3.26,2.74,0,92.0,Yes,No,12098.0,Medium,61.5,5.0,71.1,10.0,No
STU101336,Sakib Karim,23.0,Female,Single,3.34,3.25,0,100.0,Yes,Yes,16055.0,High,74.3,7.0,72.6,18.4,No
STU101337,Tanvir Karim,21.0,Male,Single,2.84,2.95,0,82.7,Yes,No,49960.0,Medium,47.0,5.0,30.6,9.1,No
STU101338,Mariya Islam,22.0,Female,Single,3.21,2.91,0,74.7,Yes,Yes,24134.0,Medium,76.5,7.0,68.8,17.3,No
STU101339,Sakib Sultana,23.0,Female,Single,3.12,3.39,0,85.0,Yes,No,77137.0,Medium,89.6,8.0,91.3,9.8,No
STU101340,Mehedi Hossain,28.0,Male,Single,2.98,3.24,0,86.7,Yes,Yes,19404.0,Medium,100.0,5.0,83.4,16.3,Yes
STU101341,Adnan Hasan,20.0,Male,Single,3.21,3.08,1,81.1,No,No,66310.0,Medium,76.8,7.0,86.8,16.8,Yes
STU101342,Nusrat Karim,25.0,Female,Single,2.58,3.38,0,86.6,Yes,Yes,46382.0,High,71.1,7.0,64.8,15.8,No
STU101343,Nusrat Hasan,21.0,Female,Single,3.0,2.67,0,77.7,Yes,Yes,127675.0,Low,69.7,6.0,65.1,12.0,No
STU101344,Arafat Rahman,25.0,Male,Single,2.28,1.87,2,79.1,No,No,29782.0,Medium,58.1,6.0,39.3,6.2,Yes
STU101345,Sadia Hasan,27.0,Male,Single,2.98,2.83,2,,Yes,No,113390.0,Low,66.3,4.0,82.6,9.7,No
STU101346,Tanjim Khan,27.0,Female,Married,3.64,3.7,0,94.8,Yes,Yes,71649.0,Medium,75.9,9.0,96.8,14.6,No
STU101347,Mariya Khan,20.0,Male,Single,2.86,2.37,2,57.4,No,Yes,27311.0,Medium,67.7,7.0,82.0,9.1,Yes
STU101348,Tasmia Hossain,27.0,Female,Single,3.6,3.78,0,83.2,Yes,No,27863.0,High,93.4,8.0,89.6,19.9,No
STU101349,Tanjim Islam,24.0,Female,Single,2.86,3.6,0,89.4,Yes,No,85071.0,Low,97.6,9.0,69.5,13.8,No
STU101350,Tanjim Hossain,28.0,Female,Single,2.51,2.09,0,74.5,No,No,50176.0,Medium,75.8,7.0,74.2,10.5,No
STU101351,Adnan Chowdhury,26.0,Male,Single,3.3,3.36,0,95.8,No,No,42804.0,Medium,94.6,9.0,63.7,15.0,No
STU101352,Mariya Karim,21.0,Male,Single,3.21,3.5,0,88.4,Yes,No,121669.0,Medium,90.8,3.0,90.1,12.2,No
STU101353,Fahim Islam,25.0,Female,Single,4.0,4.0,1,98.9,Yes,No,71623.0,Low,95.1,3.0,72.6,22.1,No
STU101354,Shuvo Ahmed,20.0,Female,Single,2.56,3.21,0,88.0,Yes,Yes,29014.0,Medium,82.3,6.0,72.6,15.5,No
STU101355,Nabila Karim,24.0,Female,Single,3.16,3.02,0,74.8,Yes,No,33972.0,High,70.8,6.0,59.3,16.2,Yes
STU101356,Arafat Hasan,20.0,Male,Single,3.18,3.77,0,86.4,Yes,No,58169.0,Medium,88.1,7.0,96.4,15.0,No
STU101357,Raisa Akter,24.0,Male,Single,3.48,3.46,0,84.5,Yes,No,52174.0,Medium,71.4,6.0,70.2,20.2,No
STU101358,Jannat Khan,28.0,Male,Married,3.24,3.09,0,94.2,Yes,No,68306.0,Low,91.2,7.0,100.0,13.7,No
STU101359,Mahin Islam,27.0,Female,Single,2.87,3.43,0,83.2,Yes,No,72353.0,High,75.1,6.0,77.4,17.3,No
STU101360,Shuvo Rahman,27.0,Male,Single,2.52,2.41,1,73.0,Yes,No,107526.0,Low,54.8,4.0,79.7,4.1,Yes
STU101361,Mim Ahmed,28.0,Male,Single,3.16,3.48,0,82.2,Yes,Yes,36430.0,Medium,82.0,4.0,87.6,17.7,No
STU101362,Arafat Sultana,28.0,Male,Single,3.17,3.02,1,80.3,Yes,No,169442.0,Low,72.7,6.0,78.0,14.0,No
STU101363,Mahin Sultana,23.0,Male,Married,3.28,2.9,0,87.1,Yes,No,75934.0,Low,77.5,5.0,65.1,11.1,No
STU101364,Adnan Ahmed,19.0,Female,Single,2.87,2.49,0,84.2,Yes,No,52831.0,High,79.7,6.0,57.9,6.1,Yes
STU101365,Nabila Hossain,28.0,Male,Single,3.13,3.34,0,81.9,Yes,No,41711.0,Medium,95.0,5.0,67.6,17.9,No
STU101366,Rakib Akter,20.0,Male,Single,2.31,1.99,2,49.9,Yes,No,56110.0,Medium,34.6,4.0,45.3,7.2,No
STU101367,Jannat Khan,23.0,Male,Single,2.54,2.47,0,80.3,Yes,Yes,16969.0,Medium,65.5,6.0,60.1,4.4,No
STU101368,Mim Ahmed,21.0,Male,Married,3.42,3.23,0,84.7,Yes,No,42715.0,Low,76.6,4.0,81.4,13.7,No
STU101369,Mariya Hasan,23.0,Male,Single,3.08,2.82,1,78.9,Yes,Yes,93530.0,Low,68.3,6.0,75.8,12.4,No
STU101370,Shuvo Khan,18.0,Male,Single,3.21,2.99,0,82.0,Yes,No,36163.0,High,77.6,4.0,73.7,8.4,No
STU101371,Sumaiya Islam,27.0,Female,Single,2.73,2.79,1,80.1,Yes,Yes,15836.0,Medium,56.9,6.0,42.0,15.4,No
STU101372,Arafat Hasan,18.0,Male,Single,2.67,1.78,2,48.1,No,No,21839.0,Medium,49.0,4.0,70.9,6.9,Yes
STU101373,Fahim Khan,20.0,Male,Single,2.81,3.06,0,83.8,Yes,Yes,38062.0,Medium,80.0,8.0,61.9,15.7,No
STU101374,Jannat Akter,25.0,Male,Single,3.11,2.72,0,70.8,No,No,54150.0,High,60.6,4.0,78.7,11.5,Yes
STU101375,Fahim Akter,25.0,Female,Single,3.31,2.96,0,92.3,Yes,Yes,28435.0,Low,84.4,5.0,98.3,10.3,No
STU101376,Hasan Akter,28.0,Female,Married,2.89,2.45,1,75.7,Yes,Yes,21300.0,Medium,57.7,5.0,60.5,6.5,No
STU101377,Sadia Ahmed,21.0,Female,Single,2.25,2.33,0,70.2,No,Yes,30181.0,Medium,64.1,6.0,54.3,2.2,No
STU101378,Jannat Hossain,23.0,Female,Single,3.18,3.62,0,76.3,Yes,No,130302.0,Low,72.1,7.0,66.9,12.6,No
STU101379,Fahim Akter,25.0,Female,Single,3.12,3.08,0,74.9,Yes,No,191866.0,Low,83.2,7.0,100.0,15.0,No
STU101380,Jannat Rahman,24.0,Male,Single,3.22,3.35,0,79.0,Yes,No,60192.0,Medium,77.2,5.0,81.4,14.9,No
STU101381,Sumaiya Akter,28.0,Female,Single,3.39,3.55,0,86.7,Yes,No,52253.0,Medium,87.5,7.0,82.4,13.7,No
STU101382,Sumaiya Ahmed,24.0,Male,Single,3.35,3.57,0,75.8,Yes,No,83647.0,Medium,86.8,5.0,76.7,16.6,No
STU101383,Arafat Hasan,21.0,Male,Single,3.61,3.31,0,86.7,Yes,Yes,21255.0,Medium,90.9,9.0,82.6,17.4,No
STU101384,Adnan Ahmed,26.0,Female,Single,3.01,3.49,0,95.0,Yes,Yes,33209.0,High,98.2,9.0,84.7,12.8,No
STU101385,Mim Khan,27.0,Male,Single,2.81,2.71,0,89.6,Yes,Yes,14224.0,Low,84.4,7.0,74.4,17.4,No
STU101386,Sumaiya Chowdhury,23.0,Female,Single,3.47,3.55,0,83.0,No,Yes,58192.0,Medium,85.4,6.0,89.0,15.5,No
STU101387,Rakib Hasan,28.0,Male,Single,3.41,3.36,0,84.7,Yes,Yes,43928.0,Medium,83.6,9.0,92.5,15.4,Yes
STU101388,Sadia Hasan,20.0,Female,Married,2.9,2.76,1,71.1,No,Yes,29175.0,Medium,55.6,7.0,46.7,8.1,Yes
STU101389,Mim Ahmed,22.0,Female,Single,3.5,3.78,0,77.4,Yes,No,131147.0,Medium,92.5,4.0,100.0,18.1,No
STU101390,Tanjim Sultana,22.0,Female,Single,3.03,3.22,0,78.9,Yes,No,89099.0,Medium,58.6,6.0,83.0,4.5,No
STU101391,Tanvir Chowdhury,22.0,Female,Single,3.57,2.92,0,65.1,No,No,44225.0,High,77.6,6.0,76.6,10.7,No
STU101392,Mehedi Hossain,25.0,Female,Single,3.78,3.9,0,71.5,Yes,No,29034.0,Medium,73.7,4.0,100.0,13.4,No
STU101393,Tasmia Chowdhury,26.0,Female,Single,4.0,4.0,0,92.7,Yes,Yes,53393.0,Medium,100.0,10.0,76.1,20.1,No
STU101394,Adnan Khan,26.0,Male,Single,3.03,3.08,0,84.9,Yes,Yes,47679.0,Medium,83.2,5.0,78.6,12.8,No
STU101395,Hasan Ahmed,23.0,Male,Single,3.64,3.48,0,96.8,Yes,Yes,33956.0,Low,89.7,8.0,99.2,11.9,No
STU101396,Mehedi Ahmed,23.0,Female,Single,3.38,3.27,0,97.1,No,Yes,26287.0,Medium,84.7,6.0,77.4,11.5,No
STU101397,Jannat Khan,26.0,Female,Married,3.43,3.26,0,85.7,Yes,Yes,51420.0,Medium,95.0,5.0,73.9,12.9,No
STU101398,Mariya Chowdhury,21.0,Female,Single,3.19,2.85,0,72.3,Yes,No,50942.0,Medium,60.6,5.0,67.5,11.9,Yes
STU101399,Arafat Akter,23.0,Female,Single,3.43,3.37,0,76.5,Yes,No,24867.0,High,85.4,4.0,89.6,17.1,No
STU101400,Sadia Hossain,21.0,Female,Single,2.38,2.32,2,61.2,Yes,Yes,15287.0,Medium,60.0,8.0,60.5,1.7,Yes
STU101401,Arafat Akter,28.0,Male,Single,2.99,3.17,0,85.6,Yes,Yes,37295.0,Low,79.6,7.0,91.3,17.7,No
STU101402,Adnan Rahman,18.0,Male,Single,2.71,2.55,1,68.6,Yes,Yes,20475.0,Medium,60.7,4.0,69.1,9.9,No
STU101403,Raisa Rahman,24.0,Male,Single,2.67,3.27,0,71.5,Yes,Yes,29042.0,Medium,92.7,7.0,59.9,13.3,No
STU101404,Rakib Khan,27.0,Male,Single,2.35,2.07,1,75.4,No,No,33227.0,Medium,46.6,3.0,50.0,3.0,Yes
STU101405,Mehedi Akter,28.0,Female,Single,2.76,2.81,0,88.2,Yes,No,57748.0,Medium,,5.0,68.1,11.4,Yes
STU101406,Tanjim Ahmed,23.0,Female,Single,2.92,2.7,1,69.9,Yes,Yes,33036.0,Medium,62.7,3.0,59.0,12.3,Yes
STU101407,Nabila Khan,26.0,Female,Single,3.08,2.92,1,78.1,Yes,Yes,52305.0,Medium,67.5,3.0,55.7,17.0,Yes
STU101408,Mehedi Akter,24.0,Male,Single,2.99,2.91,0,94.4,Yes,Yes,27386.0,Medium,79.4,7.0,82.4,12.9,No
STU101409,Mim Chowdhury,24.0,Male,Single,3.47,3.53,0,94.7,Yes,No,53932.0,Medium,79.7,9.0,97.2,20.7,No
STU101410,Sakib Karim,19.0,Male,Single,2.6,2.84,1,69.4,Yes,No,37655.0,Medium,65.4,4.0,70.2,14.4,No
STU101411,Hasan Hasan,28.0,Male,Single,2.13,1.99,1,84.9,No,No,52827.0,Medium,43.2,3.0,60.1,8.1,No
STU101412,Rakib Ahmed,26.0,Male,Single,3.24,2.79,1,83.8,No,No,91961.0,Low,97.3,7.0,83.6,12.6,No
STU101413,Arafat Ahmed,27.0,Male,Single,2.98,3.39,0,99.7,Yes,No,40572.0,Medium,73.6,5.0,79.5,14.9,Yes
STU101414,Nabila Karim,26.0,Male,Single,2.97,2.68,0,77.8,Yes,No,41370.0,High,76.6,6.0,63.8,14.1,Yes
STU101415,Tanvir Akter,23.0,Male,Single,2.68,2.61,1,68.2,Yes,Yes,57483.0,Low,61.0,6.0,71.2,7.3,Yes
STU101416,Tasmia Akter,20.0,Female,Single,3.41,3.43,0,85.1,Yes,No,60025.0,Low,81.9,6.0,79.4,21.6,No
STU101417,Mehedi Hasan,18.0,Male,Single,2.81,2.78,0,67.5,Yes,Yes,12143.0,Low,60.6,3.0,69.8,13.3,No
STU101418,Nusrat Rahman,21.0,Male,Single,2.6,2.18,0,82.9,Yes,No,23962.0,High,75.8,6.0,84.7,2.7,No
STU101419,Nabila Sultana,20.0,Male,Married,3.75,4.0,0,85.0,Yes,No,51292.0,High,84.7,7.0,64.1,15.5,No
STU101420,Tasmia Khan,18.0,Male,Single,3.31,2.47,2,75.2,Yes,No,111017.0,Low,56.4,4.0,54.2,9.8,No
STU101421,Tanjim Karim,20.0,Female,Single,2.98,3.28,0,100.0,Yes,No,19920.0,High,72.9,7.0,78.2,19.1,No
STU101422,Shuvo Sultana,21.0,Female,Single,1.9,2.25,0,71.6,Yes,Yes,32855.0,Low,80.2,8.0,81.8,14.6,No
STU101423,Nusrat Sultana,25.0,Male,Single,2.89,3.17,0,83.3,No,No,51460.0,Medium,74.9,7.0,58.2,13.5,Yes
STU101424,Arafat Khan,26.0,Female,Single,2.99,2.9,0,77.0,Yes,Yes,26379.0,Medium,65.4,4.0,60.4,11.9,Yes
STU101425,Mim Akter,20.0,Male,Single,3.66,3.7,0,86.3,Yes,No,60616.0,Medium,85.7,9.0,78.5,17.6,Yes
STU101426,Adnan Chowdhury,23.0,Female,Single,2.21,2.01,1,69.0,Yes,No,66767.0,Medium,80.3,8.0,82.3,12.0,Yes
STU101427,Shuvo Akter,27.0,Male,Single,3.7,3.72,0,96.8,No,No,57300.0,Medium,69.8,6.0,79.1,11.8,Yes
STU101428,Jannat Islam,28.0,Male,Single,3.2,3.39,1,90.1,Yes,No,50263.0,High,97.0,7.0,99.3,18.0,No
STU101429,Mariya Ahmed,22.0,Female,Single,2.46,2.13,2,67.0,Yes,Yes,25726.0,Medium,71.3,7.0,75.2,13.2,Yes
STU101430,Sumaiya Karim,23.0,Female,Single,3.41,3.37,0,86.1,Yes,No,38248.0,Medium,80.3,7.0,100.0,17.9,No
STU101431,Rakib Chowdhury,21.0,Female,Married,2.89,2.75,0,77.0,Yes,No,90471.0,Medium,42.9,6.0,53.0,7.4,Yes
STU101432,Mahin Hasan,27.0,Male,Single,2.25,2.6,0,91.6,Yes,No,54958.0,Low,70.5,5.0,85.7,11.2,No
STU101433,Sakib Hossain,23.0,Male,Single,2.8,2.52,0,55.2,Yes,No,12426.0,High,56.0,4.0,45.5,12.8,Yes
STU101434,Rakib Rahman,,Female,Single,3.11,3.3,0,77.4,Yes,No,70632.0,Low,57.0,3.0,69.7,9.9,No
STU101435,Raisa Hasan,26.0,Male,Single,3.03,3.01,0,85.9,Yes,No,56325.0,Medium,54.4,7.0,63.1,8.2,No
STU101436,Tanjim Sultana,27.0,Male,Single,3.29,3.25,0,91.6,Yes,No,37259.0,High,95.8,,82.7,3.8,Yes
STU101437,Jannat Karim,24.0,Male,Married,3.49,3.69,0,98.9,No,No,40129.0,High,96.7,6.0,84.2,22.9,No
STU101438,Nabila Hasan,23.0,Male,Single,2.51,2.39,0,77.1,Yes,No,32114.0,Medium,52.7,5.0,60.2,10.7,Yes
STU101439,Tanjim Hossain,18.0,Male,Single,2.99,3.02,1,73.9,Yes,No,46852.0,Medium,71.5,7.0,72.2,14.1,No
STU101440,Tanjim Khan,19.0,Male,Single,2.73,3.06,0,82.2,Yes,No,45115.0,Medium,59.3,6.0,62.7,9.7,No
STU101441,Nusrat Hossain,18.0,Male,Single,2.44,2.2,2,78.4,Yes,Yes,39288.0,Low,39.8,5.0,58.5,1.0,No
STU101442,Arafat Karim,26.0,Female,Single,2.98,3.06,0,76.9,Yes,No,52008.0,High,67.5,5.0,53.9,8.9,Yes
STU101443,Mim Sultana,27.0,Male,Single,3.19,3.46,0,85.1,Yes,No,41992.0,Medium,72.3,6.0,76.1,10.4,No
STU101444,Tasmia Hossain,27.0,Male,Single,3.22,3.36,0,82.2,Yes,No,78115.0,Medium,75.9,6.0,78.1,19.6,No
STU101445,Sakib Khan,26.0,Female,Single,2.82,3.21,0,94.9,Yes,No,71207.0,Medium,81.5,6.0,74.9,5.3,No
STU101446,Mahin Islam,24.0,Female,Single,2.55,2.51,1,64.6,Yes,Yes,21434.0,High,50.0,8.0,62.7,7.6,No
STU101447,Sakib Ahmed,19.0,Male,Single,2.71,2.91,0,58.6,No,No,55233.0,Medium,73.2,6.0,53.0,11.6,No
STU101448,Arafat Hossain,23.0,Female,Married,2.16,2.49,0,76.8,Yes,No,38620.0,Low,79.4,6.0,74.8,14.6,No
STU101449,Raisa Hossain,28.0,Male,Single,2.46,1.96,0,79.2,No,No,26399.0,Medium,44.1,4.0,51.5,1.0,Yes
STU101450,Hasan Chowdhury,21.0,Female,Single,2.5,2.38,1,69.5,Yes,No,53981.0,Medium,81.7,5.0,83.4,1.7,No
STU101451,Sakib Karim,18.0,Male,Married,3.38,3.49,0,69.4,No,No,56235.0,Low,72.3,7.0,78.3,26.6,No
STU101452,Mahin Karim,18.0,Male,Single,3.38,3.66,0,93.1,Yes,No,205402.0,Low,87.1,4.0,85.6,17.9,No
STU101453,Sumaiya Hasan,22.0,Female,Single,3.96,4.0,0,86.0,No,No,13271.0,Medium,87.1,7.0,88.2,13.3,No
STU101454,Mim Akter,19.0,Female,Single,3.11,3.53,0,88.2,Yes,Yes,34762.0,Medium,88.8,5.0,58.9,18.2,No
STU101455,Sadia Khan,21.0,Male,Married,2.78,2.62,0,76.3,Yes,No,178988.0,Low,72.0,7.0,76.4,4.0,No
STU101456,Fahim Sultana,18.0,Male,Single,3.01,2.63,0,59.2,Yes,Yes,29743.0,Medium,68.9,7.0,85.7,10.4,No
STU101457,Mehedi Chowdhury,21.0,Male,Single,2.92,3.16,1,83.2,Yes,Yes,54976.0,Low,52.7,6.0,60.1,17.9,No
STU101458,Nabila Hasan,28.0,Female,Married,2.72,2.68,0,84.6,Yes,No,50329.0,Medium,96.9,6.0,84.1,7.2,Yes
STU101459,Rakib Khan,23.0,Male,Single,3.14,2.89,0,79.4,Yes,Yes,47177.0,Medium,86.7,5.0,79.8,14.2,No
STU101460,Tanvir Ahmed,27.0,Male,Single,3.09,3.6,0,76.6,Yes,No,32990.0,High,64.1,5.0,65.5,13.2,No
STU101461,Sumaiya Sultana,,Male,Single,2.96,3.19,0,100.0,No,No,34461.0,Medium,79.5,,77.3,9.3,No
STU101462,Tanvir Rahman,18.0,Female,Single,2.87,3.06,0,86.0,Yes,No,53600.0,Medium,48.7,4.0,54.3,6.4,Yes
STU101463,Adnan Chowdhury,24.0,Female,Single,3.28,3.76,0,75.8,Yes,No,40550.0,High,,5.0,90.0,14.4,No
STU101464,Mim Hossain,19.0,Female,Single,2.75,,1,96.8,Yes,Yes,53234.0,Low,69.8,7.0,66.5,12.1,No
STU101465,Nusrat Akter,26.0,Male,Single,2.82,3.24,0,78.4,No,No,58544.0,High,82.9,10.0,87.3,13.1,No
STU101466,Adnan Khan,20.0,Female,Single,3.21,3.34,0,96.7,Yes,No,77327.0,Medium,95.0,8.0,82.4,10.9,No
STU101467,Raisa Islam,25.0,Female,Single,3.46,3.28,0,90.1,Yes,No,80785.0,Low,65.6,5.0,67.0,12.7,No
STU101468,Nabila Ahmed,25.0,Female,Single,3.41,3.41,0,88.5,Yes,No,49453.0,Medium,100.0,9.0,96.2,7.4,No
STU101469,Sadia Chowdhury,20.0,Male,Single,2.88,2.94,1,91.0,Yes,No,24332.0,High,82.3,8.0,77.6,5.2,No
STU101470,Rakib Akter,21.0,Male,Married,2.43,2.76,0,63.7,Yes,Yes,,Low,51.2,6.0,60.9,13.6,No
STU101471,Tanjim Akter,19.0,Female,Single,2.87,2.46,1,79.9,Yes,Yes,54528.0,Low,66.8,7.0,62.8,4.1,No
STU101472,Mahin Chowdhury,21.0,Male,Single,3.03,2.51,2,69.0,Yes,Yes,71728.0,Medium,52.3,8.0,57.3,10.9,Yes
STU101473,Rakib Chowdhury,28.0,Male,Single,2.5,2.26,1,94.8,Yes,Yes,58701.0,Low,52.4,1.0,59.3,15.6,No
STU101474,Sakib Akter,28.0,Female,Single,2.86,2.84,0,63.4,Yes,Yes,40369.0,Medium,61.1,5.0,56.7,11.2,No
STU101475,Jannat Akter,28.0,Female,Married,3.54,3.76,0,90.9,Yes,No,37953.0,Medium,87.5,5.0,85.8,17.7,No
STU101476,Mim Rahman,26.0,Female,Single,3.07,2.93,2,,Yes,Yes,110040.0,Medium,46.5,5.0,59.1,11.3,Yes
STU101477,Shuvo Hossain,19.0,Female,Single,2.76,2.88,1,72.7,Yes,No,48221.0,High,63.9,6.0,77.1,10.3,No
STU101478,Adnan Hasan,20.0,Male,Single,3.01,3.49,0,83.6,Yes,No,44715.0,Medium,87.7,7.0,85.1,20.0,No
STU101479,Sumaiya Hasan,28.0,Male,Single,3.04,2.53,0,74.1,Yes,Yes,29476.0,Medium,79.6,6.0,74.7,12.1,No
STU101480,Nusrat Ahmed,,Male,Single,2.83,2.79,0,71.6,Yes,Yes,39450.0,Medium,75.5,7.0,60.5,12.0,No
STU101481,Jannat Islam,21.0,Male,Single,3.35,,0,81.6,Yes,Yes,78356.0,Low,81.9,7.0,70.9,16.8,No
STU101482,Tasmia Karim,22.0,Male,Single,2.18,1.96,2,66.3,Yes,Yes,47571.0,Low,49.6,4.0,58.5,11.8,Yes
STU101483,Shuvo Hasan,18.0,Male,Single,3.21,2.97,0,87.8,Yes,No,94602.0,Low,81.0,5.0,68.1,6.6,No
STU101484,Mariya Islam,24.0,Female,Single,2.74,2.9,1,72.3,Yes,No,55753.0,Low,70.0,8.0,41.2,18.3,Yes
STU101485,Mehedi Khan,27.0,Female,Single,3.47,3.31,0,63.4,Yes,No,49005.0,Medium,72.1,7.0,82.5,15.2,No
STU101486,Raisa Hossain,24.0,Female,Single,2.43,2.75,0,79.1,Yes,No,36154.0,Medium,70.5,0.0,71.0,8.4,No
STU101487,Hasan Sultana,26.0,Female,Single,3.42,4.0,0,92.6,Yes,No,47737.0,Medium,85.1,5.0,76.8,14.4,No
STU101488,Nabila Ahmed,21.0,Female,Single,2.64,2.67,0,77.1,Yes,Yes,28955.0,High,69.9,5.0,64.1,9.4,Yes
STU101489,Tanvir Chowdhury,23.0,Female,Single,3.14,3.97,0,90.1,Yes,No,65363.0,Medium,86.2,8.0,81.8,21.8,No
STU101490,Fahim Hossain,28.0,Female,Single,2.79,2.65,1,84.5,No,No,44916.0,High,54.3,2.0,58.3,11.4,No
STU101491,Nabila Sultana,19.0,Female,Single,3.51,3.46,0,85.0,Yes,No,40477.0,Medium,91.1,5.0,76.6,15.1,No
STU101492,Jannat Hossain,21.0,Female,Single,2.91,2.63,1,83.4,Yes,Yes,40045.0,Medium,70.6,6.0,81.1,5.4,No
STU101493,Mahin Akter,19.0,Female,Single,2.67,2.54,0,81.1,Yes,No,67391.0,High,62.2,6.0,50.9,2.7,Yes
STU101494,Tasmia Islam,27.0,Female,Single,3.63,3.56,0,78.0,Yes,Yes,32701.0,Low,78.5,5.0,53.4,14.7,No
STU101495,Jannat Rahman,22.0,Male,Single,2.87,3.0,0,92.0,Yes,No,80947.0,Low,80.1,7.0,87.9,13.1,No
STU101496,Hasan Rahman,24.0,Male,Single,3.23,2.86,0,68.8,Yes,No,36398.0,High,78.1,6.0,77.8,17.4,No
STU101497,Mim Chowdhury,18.0,Male,Single,3.42,3.27,0,65.3,Yes,No,65171.0,Medium,68.9,4.0,60.9,5.5,Yes
STU101498,Tanjim Khan,27.0,Male,Single,2.6,2.46,1,75.6,No,No,35602.0,Medium,63.1,6.0,54.2,11.7,Yes
STU101499,Sakib Chowdhury,27.0,Male,Single,3.19,3.46,0,91.1,No,No,33456.0,High,100.0,9.0,86.9,19.1,No
STU101500,Sakib Karim,24.0,Male,Single,3.25,3.29,0,89.1,Yes,No,103792.0,Low,41.8,6.0,58.3,8.9,No
STU101501,Mehedi Karim,27.0,Male,Single,2.3,2.34,1,62.8,Yes,Yes,66306.0,Medium,45.7,3.0,66.0,1.0,No
STU101502,Nusrat Rahman,23.0,Male,Married,3.15,3.17,0,84.7,Yes,No,48226.0,Medium,83.5,7.0,85.0,14.4,No
STU101503,Mim Sultana,23.0,Female,Single,2.84,2.32,2,55.6,Yes,Yes,20378.0,High,61.2,6.0,55.3,12.5,Yes
STU101504,Nusrat Rahman,25.0,Male,Single,3.73,4.0,0,93.1,Yes,No,57261.0,Medium,78.5,9.0,75.1,9.1,Yes
STU101505,Adnan Hossain,25.0,Female,Single,3.39,3.11,0,83.7,Yes,No,79529.0,Medium,66.6,4.0,74.7,20.0,No
STU101506,Tanjim Islam,23.0,Female,Single,3.2,3.46,0,90.6,Yes,No,50319.0,Medium,84.7,7.0,96.8,22.6,No
STU101507,Hasan Akter,20.0,Female,Single,2.08,2.01,2,75.2,Yes,No,45881.0,Medium,33.5,4.0,47.2,3.7,Yes
STU101508,Mim Karim,22.0,Female,Single,3.2,3.02,0,86.9,No,Yes,50355.0,Medium,75.4,4.0,77.0,7.3,No
STU101509,Jannat Hossain,19.0,Male,Single,2.66,2.97,1,66.8,Yes,No,57580.0,Medium,64.1,8.0,58.4,13.8,Yes
STU101510,Sumaiya Hasan,22.0,Male,Single,3.39,3.03,1,74.7,No,Yes,32927.0,High,67.0,4.0,64.5,3.4,Yes
STU101511,Jannat Khan,26.0,Male,Single,2.93,2.6,0,68.5,Yes,No,44819.0,Medium,54.6,4.0,66.4,4.2,Yes
STU101512,Tanjim Rahman,27.0,Male,Single,2.77,2.81,0,,Yes,No,48555.0,Medium,57.9,5.0,64.3,12.9,Yes
STU101513,Raisa Ahmed,18.0,Female,Single,2.8,2.86,0,87.6,Yes,No,76382.0,Medium,54.9,4.0,62.5,11.2,No
STU101514,Mehedi Sultana,27.0,Male,Single,2.83,3.08,0,88.4,No,No,13943.0,Low,63.7,6.0,51.5,8.0,No
STU101515,Fahim Karim,22.0,Male,Married,2.39,2.61,0,70.5,Yes,Yes,77537.0,Medium,62.6,5.0,68.2,12.5,Yes
STU101516,Jannat Chowdhury,,Male,Single,2.45,2.43,1,67.4,Yes,No,19453.0,High,67.1,3.0,81.3,9.6,No
STU101517,Mim Islam,28.0,Male,Married,2.85,2.88,0,80.7,No,No,31527.0,High,76.5,4.0,90.7,9.6,Yes
STU101518,Mim Chowdhury,24.0,Female,Single,3.7,3.66,0,82.3,Yes,No,45064.0,Medium,91.9,8.0,98.3,15.2,No
STU101519,Mehedi Hasan,26.0,Female,Single,3.32,3.75,0,97.9,Yes,No,67176.0,Medium,94.1,6.0,68.8,16.3,No
STU101520,Rakib Rahman,23.0,Male,Single,3.36,3.07,0,79.1,Yes,No,82874.0,Low,92.1,7.0,94.7,3.0,No
STU101521,Hasan Sultana,22.0,Male,Single,3.54,3.55,0,78.8,Yes,Yes,31253.0,Medium,72.0,6.0,81.4,18.2,No
STU101522,Mahin Karim,24.0,Male,Single,3.13,3.36,0,88.7,Yes,No,62920.0,Medium,87.8,5.0,100.0,17.2,No
STU101523,Raisa Hossain,18.0,Male,Married,2.79,3.13,0,74.8,Yes,No,28266.0,High,77.8,4.0,79.9,11.2,No
STU101524,Tasmia Hossain,28.0,Female,Single,2.82,2.61,3,76.3,No,Yes,,Medium,57.6,6.0,58.8,6.9,Yes
STU101525,Sadia Islam,22.0,Male,Single,2.63,2.34,1,73.2,Yes,No,106768.0,Medium,53.9,4.0,61.9,5.4,Yes
STU101526,Mim Sultana,19.0,Female,Single,3.36,2.99,1,87.1,Yes,No,104113.0,Low,64.5,7.0,91.5,15.4,No
STU101527,Nusrat Akter,21.0,Female,Single,2.58,2.48,1,83.8,Yes,No,38048.0,High,61.1,6.0,60.6,5.0,Yes
STU101528,Nabila Karim,24.0,Male,Single,3.94,4.0,0,78.3,Yes,Yes,20776.0,High,70.1,6.0,84.1,19.5,No
STU101529,Fahim Rahman,22.0,Male,Single,2.59,2.45,1,75.2,Yes,Yes,,Medium,47.9,8.0,50.9,5.1,Yes
STU101530,Mariya Rahman,23.0,Female,Single,3.55,3.76,0,87.7,Yes,No,82973.0,Medium,86.3,6.0,79.3,19.2,No
STU101531,Mahin Hossain,19.0,Female,Married,3.55,3.53,0,85.2,Yes,Yes,56671.0,Low,82.7,6.0,76.0,13.6,No
STU101532,Tanvir Ahmed,20.0,Male,Single,3.28,3.46,0,96.1,Yes,Yes,25046.0,Medium,84.8,8.0,69.7,14.1,No
STU101533,Sakib Khan,24.0,Female,Single,3.73,3.77,0,88.0,Yes,Yes,49743.0,Medium,69.3,6.0,82.8,11.1,No
STU101534,Mim Karim,28.0,Female,Single,2.91,2.41,0,64.8,Yes,No,29408.0,Medium,44.7,3.0,74.2,8.8,No
STU101535,Mim Khan,19.0,Male,Single,3.06,2.71,1,72.6,Yes,Yes,19193.0,Medium,57.6,4.0,75.7,7.1,No
STU101536,Shuvo Rahman,23.0,Female,Single,3.1,3.45,0,79.3,Yes,Yes,25223.0,Medium,100.0,6.0,90.1,18.9,No
STU101537,Mahin Hasan,22.0,Male,Single,3.27,2.98,0,78.2,No,No,81449.0,Medium,62.4,6.0,83.1,16.7,No
STU101538,Mariya Ahmed,27.0,Male,Single,2.18,2.44,1,74.4,No,Yes,17907.0,High,70.5,7.0,53.2,8.9,Yes
STU101539,Mariya Karim,18.0,Female,Single,2.95,2.99,1,72.6,Yes,Yes,41773.0,Low,62.5,5.0,79.7,5.1,No
STU101540,Mahin Ahmed,28.0,Female,Single,3.39,3.09,0,88.2,Yes,Yes,24561.0,Medium,64.3,7.0,82.2,9.1,No
STU101541,Sumaiya Hasan,27.0,Male,Single,2.83,3.06,0,96.1,Yes,No,86362.0,Low,81.0,6.0,89.0,16.9,No
STU101542,Nusrat Ahmed,28.0,Male,Single,3.88,3.74,0,89.5,Yes,No,40545.0,Medium,78.0,6.0,82.1,17.8,No
STU101543,Nusrat Karim,21.0,Female,Single,3.06,3.1,0,89.9,Yes,No,79056.0,Low,81.5,7.0,88.2,9.6,Yes
STU101544,Mahin Rahman,28.0,Female,Single,3.23,3.17,0,74.4,No,Yes,30205.0,Medium,76.3,6.0,77.2,18.9,Yes
STU101545,Tanvir Hossain,19.0,Female,Single,3.7,2.89,0,88.8,Yes,Yes,50560.0,Medium,53.2,5.0,66.2,14.2,Yes
STU101546,Hasan Akter,21.0,Female,Single,3.06,3.26,0,96.4,Yes,No,31273.0,Low,90.0,7.0,80.7,18.4,No
STU101547,Tanvir Karim,18.0,Female,Single,3.69,3.92,0,100.0,Yes,Yes,21312.0,Medium,81.4,5.0,75.3,16.0,No
STU101548,Hasan Karim,19.0,Male,Single,3.26,3.11,0,77.7,No,Yes,,Medium,77.8,7.0,64.9,22.6,No
STU101549,Nusrat Akter,25.0,Male,Single,3.26,3.46,0,96.8,No,Yes,35592.0,Medium,87.3,5.0,63.6,15.1,No
STU101550,Sadia Hossain,23.0,Male,Single,2.6,2.34,1,89.5,Yes,No,22012.0,High,81.5,6.0,98.9,11.0,No
STU101551,Jannat Akter,19.0,Female,Single,3.5,3.24,0,78.9,Yes,No,69591.0,Medium,76.9,9.0,66.4,14.3,No
STU101552,Jannat Khan,23.0,Female,Single,2.73,2.8,0,86.7,Yes,Yes,28186.0,Low,77.8,8.0,66.2,3.0,No
STU101553,Tanvir Akter,27.0,Male,Single,2.92,2.71,0,74.5,Yes,Yes,79846.0,Low,53.9,4.0,76.7,7.4,No
STU101554,Nusrat Ahmed,26.0,Male,Single,3.57,3.53,1,71.0,No,No,29624.0,Medium,89.2,6.0,100.0,16.6,No
STU101555,Fahim Ahmed,24.0,Male,Single,2.83,2.55,1,73.5,Yes,No,36933.0,Medium,68.6,5.0,82.3,12.7,No
STU101556,Sadia Sultana,26.0,Male,Single,3.16,2.77,0,75.1,No,Yes,28641.0,Medium,63.3,6.0,73.6,2.3,Yes
STU101557,Rakib Islam,22.0,Male,Single,2.98,3.04,0,81.1,Yes,Yes,44621.0,High,89.1,4.0,71.8,12.0,Yes
STU101558,Arafat Hasan,24.0,Male,Married,2.99,3.06,1,56.2,Yes,Yes,28891.0,Medium,71.5,5.0,86.8,15.9,No
STU101559,Mehedi Karim,28.0,Male,Single,2.93,2.94,0,85.0,No,No,27489.0,High,72.4,8.0,73.4,7.5,Yes
STU101560,Rakib Rahman,24.0,Male,Single,2.53,2.45,2,69.5,Yes,No,101987.0,Low,34.1,3.0,24.7,5.6,No
STU101561,Tanjim Hasan,20.0,Female,Single,3.25,3.03,0,89.0,Yes,No,86317.0,Low,79.9,5.0,72.4,12.3,No
STU101562,Tasmia Hasan,24.0,Male,Single,3.29,2.96,0,77.6,Yes,Yes,132719.0,Low,70.4,4.0,83.2,11.1,No
STU101563,Tasmia Sultana,18.0,Female,Single,2.74,2.4,2,86.8,No,No,42102.0,High,83.9,5.0,63.3,4.0,No
STU101564,Sakib Khan,26.0,Female,Single,2.8,2.62,0,75.0,Yes,No,15998.0,High,73.5,8.0,82.8,12.8,No
STU101565,Rakib Karim,27.0,Female,Single,3.41,3.72,0,88.8,Yes,No,43292.0,Medium,72.9,6.0,61.0,13.6,No
STU101566,Nusrat Ahmed,23.0,Female,Single,2.88,2.95,1,69.8,No,No,29687.0,High,77.8,6.0,62.5,10.1,Yes
STU101567,Mehedi Islam,22.0,Male,Single,3.04,3.15,0,84.1,Yes,Yes,34784.0,Medium,66.7,7.0,78.6,17.7,No
STU101568,Jannat Karim,24.0,Male,Single,2.6,2.23,3,69.2,No,No,43984.0,Medium,48.8,6.0,42.2,2.5,Yes
STU101569,Raisa Hossain,22.0,Female,Single,2.97,3.03,1,74.1,Yes,Yes,115878.0,Low,68.3,6.0,76.5,14.3,No
STU101570,Mahin Karim,27.0,Female,Single,2.61,2.71,0,86.5,Yes,No,47554.0,Medium,63.6,6.0,46.9,5.7,No
STU101571,Sakib Chowdhury,22.0,Female,Single,2.73,3.2,1,75.6,Yes,No,140108.0,Low,49.3,3.0,51.0,16.3,No
STU101572,Tanvir Akter,28.0,Female,Single,2.66,2.65,0,89.4,Yes,Yes,31040.0,Low,81.1,6.0,86.6,7.9,No
STU101573,Mim Ahmed,27.0,Male,Married,3.39,3.27,0,71.8,Yes,No,101591.0,Medium,77.5,6.0,99.0,10.7,No
STU101574,Arafat Sultana,28.0,Male,Single,2.4,2.17,0,74.8,Yes,Yes,49365.0,Low,57.4,3.0,78.2,6.2,No
STU101575,Nusrat Chowdhury,24.0,Female,Single,3.12,3.14,0,100.0,No,No,14372.0,High,69.5,5.0,69.3,12.0,No
STU101576,Tasmia Karim,27.0,Male,Single,2.9,2.84,0,59.2,No,Yes,49632.0,Low,79.8,9.0,88.9,20.9,No
STU101577,Mehedi Khan,24.0,Male,Single,3.63,3.97,0,98.3,Yes,No,66250.0,Medium,83.0,7.0,78.2,15.2,No
STU101578,Raisa Rahman,28.0,Female,Single,3.35,3.62,0,89.8,Yes,No,18477.0,High,75.3,6.0,86.7,15.1,No
STU101579,Sakib Chowdhury,20.0,Male,Single,2.44,2.14,1,69.4,Yes,Yes,38619.0,Medium,48.5,3.0,67.5,4.4,Yes
STU101580,Rakib Chowdhury,20.0,Male,Single,2.75,2.74,0,89.8,Yes,Yes,33879.0,Medium,77.7,9.0,100.0,10.7,No
STU101581,Shuvo Khan,27.0,Female,Single,2.99,3.73,0,91.7,Yes,Yes,76635.0,Low,,8.0,88.8,23.1,No
STU101582,Nusrat Hossain,20.0,Female,Single,2.75,2.31,0,73.8,No,No,35367.0,High,91.0,8.0,76.3,9.9,Yes
STU101583,Sadia Karim,23.0,Male,Single,3.41,3.35,0,78.2,Yes,No,36414.0,Medium,92.2,6.0,86.4,11.6,No
STU101584,Tanjim Akter,23.0,Female,Single,3.08,3.3,0,80.6,Yes,Yes,27841.0,Medium,59.1,2.0,55.7,7.5,No
STU101585,Arafat Akter,20.0,Female,Single,2.91,2.84,0,78.5,Yes,Yes,26650.0,Low,74.1,8.0,61.9,19.2,Yes
STU101586,Shuvo Akter,20.0,Male,Single,3.44,3.34,0,83.2,Yes,Yes,26227.0,Medium,93.0,9.0,81.6,15.9,No
STU101587,Tanjim Khan,25.0,Male,Single,2.47,2.33,2,63.5,Yes,Yes,23338.0,Medium,55.6,5.0,58.5,8.6,Yes
STU101588,Mariya Chowdhury,25.0,Male,Single,2.88,2.56,1,76.8,Yes,No,22651.0,High,50.4,3.0,52.4,9.4,Yes
STU101589,Sadia Ahmed,24.0,Male,Married,3.11,3.06,0,76.6,Yes,No,102331.0,Medium,82.8,7.0,58.0,11.5,Yes
STU101590,Jannat Karim,27.0,Male,Single,2.94,3.24,0,85.2,No,Yes,96851.0,Medium,78.9,6.0,58.4,12.6,No
STU101591,Rakib Ahmed,21.0,Female,Single,1.6,1.22,5,70.0,Yes,No,84587.0,Medium,24.7,6.0,36.3,1.0,Yes
STU101592,Tanjim Chowdhury,21.0,Female,Single,3.15,3.23,0,91.5,No,No,46850.0,Medium,82.9,7.0,61.7,10.7,Yes
STU101593,Adnan Akter,20.0,Female,Single,3.23,3.55,0,86.1,Yes,No,35609.0,Medium,,7.0,87.3,14.9,No
STU101594,Mehedi Chowdhury,22.0,Female,Single,2.54,2.54,0,67.7,Yes,No,59906.0,Low,52.7,4.0,79.5,7.8,No
STU101595,Hasan Akter,20.0,Female,Single,2.02,1.89,0,74.4,Yes,No,101117.0,Low,40.7,4.0,49.3,1.0,Yes
STU101596,Mahin Islam,25.0,Male,Single,2.7,2.9,0,97.3,Yes,No,50965.0,Medium,100.0,6.0,83.8,15.4,No
STU101597,Nusrat Akter,24.0,Male,Single,2.91,2.64,0,70.0,Yes,No,36249.0,Medium,59.0,7.0,73.9,6.4,No
STU101598,Nusrat Hossain,20.0,Female,Single,2.95,3.08,0,62.9,Yes,No,62223.0,Medium,67.3,4.0,65.7,18.0,No
STU101599,Raisa Karim,26.0,Male,Single,2.11,,1,74.4,Yes,No,250000.0,Low,61.7,5.0,53.0,11.0,Yes
STU101600,Raisa Ahmed,22.0,Male,Single,3.09,3.11,0,96.7,Yes,Yes,29133.0,Medium,87.7,7.0,76.2,14.5,No
STU101601,Mahin Hasan,26.0,Female,Single,3.46,3.97,0,100.0,Yes,Yes,25379.0,Low,89.6,5.0,77.4,7.6,No
STU101602,Hasan Hasan,24.0,Female,Single,3.43,3.78,0,100.0,Yes,No,88259.0,High,91.9,6.0,91.1,21.7,No
STU101603,Tanvir Khan,24.0,Male,Single,3.55,3.99,0,78.4,Yes,No,79584.0,Medium,92.5,7.0,73.8,19.0,No
STU101604,Sumaiya Hasan,23.0,Female,Single,2.45,2.21,0,72.1,Yes,No,25378.0,Medium,56.0,5.0,73.6,2.7,Yes
STU101605,Shuvo Rahman,19.0,Male,Single,3.4,3.09,0,86.0,Yes,Yes,53349.0,Medium,67.4,6.0,79.3,16.5,No
STU101606,Mim Akter,26.0,Female,Single,2.58,2.72,1,56.0,Yes,No,37294.0,Medium,51.7,3.0,46.3,1.0,No
STU101607,Mariya Rahman,23.0,Male,Single,3.36,3.45,0,85.4,Yes,Yes,22688.0,Medium,100.0,6.0,99.5,14.9,No
STU101608,Adnan Hasan,25.0,Female,Single,2.67,2.08,1,66.8,No,Yes,23360.0,Medium,62.0,6.0,37.0,12.4,Yes
STU101609,Hasan Islam,18.0,Male,Single,3.16,3.26,0,81.9,No,Yes,32828.0,Medium,68.8,7.0,59.7,15.9,No
STU101610,Mahin Hasan,22.0,Female,Single,3.69,4.0,0,92.4,Yes,No,49117.0,Medium,94.1,9.0,67.4,19.3,No
STU101611,Mim Karim,18.0,Male,Married,3.42,3.99,0,86.9,No,No,66287.0,High,88.9,7.0,96.4,17.9,No
STU101612,Nusrat Khan,27.0,Male,Single,2.58,2.38,2,61.2,No,No,36175.0,High,62.5,6.0,66.0,6.9,Yes
STU101613,Tanjim Sultana,28.0,Male,Single,2.49,2.7,0,86.0,Yes,No,38799.0,Medium,96.7,5.0,81.7,19.0,No
STU101614,Arafat Hossain,25.0,Male,Single,3.35,3.08,0,72.8,Yes,No,61877.0,Medium,67.6,4.0,78.8,2.3,No
STU101615,Sumaiya Islam,25.0,Male,Single,3.59,3.56,0,85.5,Yes,No,38049.0,High,77.8,6.0,74.4,17.3,No
STU101616,Raisa Islam,18.0,Male,Single,3.19,2.95,0,74.1,Yes,Yes,38976.0,Low,72.5,6.0,99.7,11.5,No
STU101617,Mehedi Rahman,26.0,Female,Single,2.77,2.42,0,83.5,Yes,Yes,85545.0,Medium,64.0,5.0,81.4,9.2,No
STU101618,Adnan Rahman,19.0,Female,Single,3.02,3.28,0,70.1,Yes,Yes,36557.0,Medium,66.2,5.0,86.6,5.6,No
STU101619,Nusrat Chowdhury,26.0,Male,Single,3.19,3.28,0,83.4,No,Yes,32092.0,Medium,93.2,5.0,70.4,16.0,No
STU101620,Adnan Sultana,18.0,Female,Single,2.96,3.09,0,85.5,Yes,Yes,32314.0,High,65.0,5.0,91.9,8.3,No
STU101621,Mahin Hasan,27.0,Male,Single,2.59,2.78,0,82.7,Yes,No,41000.0,High,68.6,4.0,62.0,14.8,No
STU101622,Nabila Chowdhury,26.0,Male,Single,3.48,3.54,0,96.0,Yes,No,90571.0,Medium,100.0,9.0,66.7,14.2,No
STU101623,Tasmia Hossain,21.0,Male,Single,3.85,3.53,0,93.7,Yes,Yes,57117.0,Medium,72.5,4.0,66.4,7.0,No
STU101624,Jannat Khan,26.0,Female,Single,3.64,3.71,0,91.7,Yes,No,42011.0,High,82.4,8.0,89.2,10.4,No
STU101625,Adnan Sultana,24.0,Male,Single,2.02,1.96,2,49.7,Yes,No,42389.0,Medium,45.0,4.0,48.7,1.0,Yes
STU101626,Mim Hossain,28.0,Female,Single,3.52,3.46,0,90.9,Yes,No,68796.0,Medium,78.2,7.0,77.3,18.8,No
STU101627,Raisa Hasan,23.0,Male,Single,3.26,2.98,0,92.7,Yes,No,42282.0,Medium,75.2,6.0,61.8,10.3,No
STU101628,Nusrat Islam,22.0,Male,Single,2.7,2.25,3,60.0,No,Yes,41942.0,Low,21.3,2.0,36.3,5.3,Yes
STU101629,Mehedi Rahman,28.0,Male,Single,2.12,1.95,0,84.0,Yes,No,54047.0,High,67.2,5.0,74.5,2.2,Yes
STU101630,Nusrat Hasan,26.0,Female,Single,2.95,3.11,0,91.0,Yes,Yes,30356.0,Low,88.5,8.0,80.0,17.2,No
STU101631,Raisa Sultana,19.0,Female,Single,3.16,3.14,0,76.8,Yes,No,131975.0,Low,68.3,5.0,68.3,15.6,No
STU101632,Sumaiya Chowdhury,28.0,Female,Single,2.5,3.04,0,77.5,Yes,No,127158.0,Medium,80.9,6.0,76.8,14.9,No
STU101633,Nabila Islam,19.0,Female,Single,3.55,3.53,0,77.6,Yes,Yes,47199.0,Medium,76.8,9.0,74.3,13.5,No
STU101634,Mim Karim,28.0,Female,Single,3.54,3.6,0,96.3,No,No,42154.0,Medium,100.0,7.0,100.0,15.4,No
STU101635,Tanvir Chowdhury,26.0,Female,Single,3.21,3.22,0,77.6,Yes,Yes,27666.0,Medium,49.2,5.0,72.8,8.7,No
STU101636,Sakib Karim,20.0,Male,Single,2.38,2.06,3,59.5,Yes,No,46945.0,Medium,41.8,2.0,62.6,5.0,Yes
STU101637,Hasan Sultana,25.0,Female,Single,2.88,2.88,0,78.9,Yes,Yes,26085.0,Medium,90.7,7.0,77.3,13.3,No
STU101638,Fahim Ahmed,28.0,Male,Single,3.33,3.01,0,71.9,Yes,No,41397.0,High,79.3,6.0,60.6,16.8,No
STU101639,Hasan Khan,26.0,Female,Single,3.3,3.28,0,88.6,Yes,No,67748.0,Medium,69.2,5.0,63.1,6.6,No
STU101640,Nusrat Chowdhury,25.0,Female,Single,2.69,2.16,0,72.6,Yes,No,79592.0,Medium,51.7,6.0,54.2,6.7,Yes
STU101641,Hasan Hossain,,Female,Single,2.75,2.73,2,83.7,No,No,100319.0,Medium,53.9,,38.9,10.9,Yes
STU101642,Nabila Rahman,18.0,Male,Single,2.67,2.72,1,84.4,Yes,No,58027.0,Medium,81.3,5.0,76.9,10.4,No
STU101643,Arafat Sultana,21.0,Female,Single,2.87,2.94,1,93.2,Yes,No,,High,96.9,7.0,88.5,9.9,No
STU101644,Raisa Hasan,26.0,Female,Single,2.78,2.35,2,56.7,Yes,No,101151.0,Medium,44.3,5.0,35.8,5.7,Yes
STU101645,Raisa Islam,19.0,Male,Single,2.7,2.84,0,69.3,Yes,Yes,76366.0,Low,82.5,5.0,61.8,14.9,No
STU101646,Mahin Islam,20.0,Male,Single,2.94,3.14,0,83.1,Yes,No,36006.0,Medium,85.1,,73.7,15.8,No
STU101647,Rakib Hossain,27.0,Female,Single,3.02,2.73,1,77.9,Yes,Yes,26037.0,Medium,68.3,6.0,81.8,12.8,No
STU101648,Shuvo Islam,25.0,Female,Single,3.49,3.78,0,85.7,Yes,Yes,50123.0,Low,78.5,8.0,52.9,14.2,No
STU101649,Fahim Khan,23.0,Male,Single,2.2,2.26,2,84.8,Yes,No,92329.0,Medium,56.5,7.0,67.4,5.4,No
STU101650,Mariya Akter,25.0,Male,Single,3.55,3.53,0,82.6,Yes,No,35617.0,Low,92.3,8.0,85.3,21.6,No
STU101651,Arafat Islam,24.0,Male,Married,2.66,2.83,2,78.9,Yes,No,49011.0,Medium,56.5,5.0,22.0,1.2,Yes
STU101652,Mariya Islam,22.0,Male,Single,3.84,4.0,0,93.0,Yes,No,62489.0,Medium,100.0,9.0,80.8,28.4,No
STU101653,Mehedi Ahmed,26.0,Female,Single,3.3,3.26,0,78.6,Yes,Yes,20319.0,Medium,70.1,7.0,62.4,7.9,No
STU101654,Tanjim Sultana,21.0,Female,Single,3.25,3.1,0,87.0,No,No,32057.0,Medium,73.0,7.0,79.3,11.5,No
STU101655,Raisa Hasan,23.0,Female,Single,2.95,3.58,0,86.6,No,No,109959.0,Medium,85.0,8.0,71.9,12.3,Yes
STU101656,Fahim Hasan,19.0,Male,Single,3.93,3.88,0,100.0,Yes,No,15573.0,High,75.7,6.0,68.2,17.8,No
STU101657,Mehedi Chowdhury,19.0,Female,Single,2.99,3.1,0,93.2,Yes,No,87285.0,Low,77.0,4.0,63.8,13.7,No
STU101658,Hasan Sultana,19.0,Male,Single,3.68,3.63,0,64.3,Yes,Yes,86715.0,Low,87.8,8.0,89.3,18.4,No
STU101659,Mim Akter,27.0,Male,Single,2.74,2.26,0,62.2,Yes,No,56902.0,Medium,49.7,4.0,40.6,7.4,No
STU101660,Raisa Islam,24.0,Male,Single,3.32,3.23,0,82.5,Yes,No,48738.0,Medium,88.5,7.0,74.4,12.3,No
STU101661,Mariya Chowdhury,19.0,Male,Married,3.85,4.0,0,97.8,No,No,18249.0,Medium,83.3,7.0,70.3,18.7,No
STU101662,Tasmia Islam,19.0,Male,Single,2.62,2.38,1,75.1,Yes,Yes,58870.0,Low,80.6,8.0,69.1,11.9,No
STU101663,Hasan Rahman,26.0,Male,Single,3.22,3.62,0,90.7,Yes,No,35517.0,High,100.0,7.0,71.5,15.2,No
STU101664,Sadia Islam,24.0,Male,Single,2.68,2.91,1,100.0,No,No,87641.0,Medium,58.7,3.0,58.3,9.7,No
STU101665,Mehedi Islam,28.0,Male,Single,3.19,2.89,1,72.5,No,Yes,54167.0,Medium,54.9,5.0,52.9,9.5,No
STU101666,Tanvir Karim,20.0,Female,Single,3.85,3.49,0,89.9,No,Yes,19199.0,Medium,94.1,9.0,73.6,17.6,No
STU101667,Nabila Rahman,20.0,Male,Single,2.58,2.21,1,74.2,Yes,Yes,29510.0,Low,60.2,3.0,61.0,6.2,No
STU101668,Rakib Hasan,24.0,Female,Single,3.07,2.95,0,89.3,Yes,No,19095.0,High,67.9,6.0,74.4,15.2,No
STU101669,Tasmia Chowdhury,22.0,Male,Married,2.62,2.3,1,81.9,No,No,21623.0,High,54.0,5.0,51.0,2.5,Yes
STU101670,Shuvo Sultana,27.0,Female,Single,2.94,3.31,0,89.5,Yes,Yes,72329.0,Low,77.6,9.0,61.7,12.9,No
STU101671,Hasan Akter,23.0,Female,Single,3.28,2.92,0,94.0,Yes,No,39351.0,High,74.7,7.0,63.7,10.0,Yes
STU101672,Mim Akter,25.0,Female,Single,2.87,2.6,0,90.8,Yes,No,30225.0,High,68.6,4.0,69.2,13.5,No
STU101673,Fahim Rahman,26.0,Female,Single,3.71,4.0,0,93.7,Yes,No,44312.0,Medium,82.9,7.0,68.0,18.6,No
STU101674,Mariya Rahman,,Male,Single,3.22,3.14,0,82.2,Yes,No,36470.0,High,54.5,5.0,56.7,11.5,Yes
STU101675,Nabila Hossain,20.0,Male,Single,2.4,2.53,1,77.9,Yes,No,49053.0,Medium,64.4,6.0,53.5,13.0,Yes
STU101676,Tasmia Hasan,28.0,Male,Single,3.14,3.28,0,69.3,Yes,No,144941.0,Medium,81.9,4.0,68.9,17.8,No
STU101677,Mim Karim,24.0,Male,Single,3.66,3.22,0,79.0,Yes,Yes,44551.0,Low,78.4,5.0,71.4,9.6,No
STU101678,Hasan Hossain,23.0,Male,Married,3.24,3.48,0,,Yes,No,83328.0,Medium,90.1,5.0,83.2,12.1,No
STU101679,Fahim Islam,24.0,Female,Single,3.12,3.3,1,89.4,Yes,No,15747.0,High,,9.0,63.2,16.3,No
STU101680,Tanvir Chowdhury,25.0,Female,Single,2.87,3.06,0,94.6,Yes,No,36566.0,Medium,77.8,6.0,64.5,6.3,No
STU101681,Rakib Hasan,23.0,Female,Single,2.96,2.75,1,83.0,No,No,22632.0,High,69.6,4.0,70.7,10.5,Yes
STU101682,Nusrat Rahman,20.0,Female,Single,3.0,3.09,0,81.6,Yes,No,51320.0,High,72.9,6.0,83.9,14.1,Yes
STU101683,Fahim Ahmed,19.0,Female,Single,1.9,1.85,3,57.1,Yes,No,68762.0,Low,32.1,4.0,19.5,4.8,Yes
STU101684,Sadia Akter,24.0,Female,Single,3.21,,0,91.8,No,No,72875.0,Medium,58.7,6.0,60.8,6.8,No
STU101685,Raisa Islam,28.0,Female,Single,3.45,3.22,0,93.1,Yes,No,41824.0,High,87.9,5.0,81.1,13.2,No
STU101686,Tasmia Karim,18.0,Male,Married,2.66,2.61,1,75.0,Yes,No,87720.0,High,58.7,6.0,46.8,4.0,No
STU101687,Jannat Ahmed,20.0,Male,Single,3.1,3.4,0,85.7,Yes,No,53617.0,Medium,61.9,5.0,70.1,12.1,Yes
STU101688,Arafat Hossain,28.0,Female,Single,3.16,2.58,0,75.5,Yes,Yes,61625.0,Medium,72.1,5.0,50.7,11.8,Yes
STU101689,Jannat Karim,21.0,Female,Single,3.36,3.25,0,87.8,Yes,Yes,34682.0,Medium,50.1,7.0,61.3,8.6,Yes
STU101690,Sadia Ahmed,18.0,Female,Single,3.01,3.2,0,80.1,No,Yes,33597.0,Medium,76.7,8.0,80.1,13.7,No
STU101691,Mehedi Hasan,22.0,Male,Single,3.24,2.92,0,80.6,Yes,No,38066.0,Medium,83.2,7.0,82.9,11.4,No
STU101692,Sumaiya Islam,27.0,Female,Single,2.48,2.6,1,65.2,Yes,Yes,91328.0,Medium,70.4,5.0,60.4,3.3,Yes
STU101693,Fahim Islam,20.0,Male,Single,2.54,2.68,2,75.8,Yes,Yes,34692.0,Medium,40.7,4.0,44.6,5.7,Yes
STU101694,Jannat Hossain,19.0,Male,Single,3.19,3.15,0,98.9,Yes,Yes,19362.0,High,79.9,1.0,86.6,15.9,No
STU101695,Tanjim Akter,20.0,Male,Single,2.9,2.99,0,85.0,Yes,No,40227.0,Medium,76.4,8.0,65.2,15.7,No
STU101696,Mahin Sultana,25.0,Male,Married,2.29,2.78,0,89.6,Yes,Yes,32438.0,Low,72.1,8.0,71.9,19.1,No
STU101697,Sadia Hossain,23.0,Male,Married,3.16,2.95,0,88.5,No,No,79991.0,Medium,97.8,10.0,78.5,13.1,No
STU101698,Mahin Akter,24.0,Male,Married,2.43,,4,61.0,Yes,No,49122.0,Medium,58.3,4.0,52.8,1.0,No
STU101699,Jannat Akter,23.0,Male,Single,4.0,3.87,0,88.9,Yes,No,57973.0,Medium,87.4,7.0,64.2,15.7,No
STU101700,Adnan Karim,23.0,Male,Married,2.02,1.72,2,60.8,Yes,Yes,81711.0,High,58.1,7.0,47.4,1.0,Yes
STU101701,Arafat Islam,20.0,Female,Married,3.02,3.14,0,91.9,Yes,Yes,53423.0,Medium,73.0,4.0,76.2,12.1,No
STU101702,Tanjim Sultana,25.0,Female,Married,2.5,2.36,2,75.1,No,No,26342.0,High,62.2,6.0,56.5,5.6,Yes
STU101703,Arafat Chowdhury,24.0,Male,Single,3.41,3.6,0,95.8,Yes,No,55725.0,Low,83.8,6.0,97.6,21.4,No
STU101704,Arafat Khan,24.0,Male,Single,2.82,2.91,1,79.2,Yes,No,87546.0,Low,,4.0,88.8,6.0,No
STU101705,Arafat Khan,23.0,Female,Single,3.46,3.25,0,67.9,Yes,No,45028.0,Medium,84.3,7.0,98.5,15.1,No
STU101706,Jannat Hossain,22.0,Male,Single,3.35,3.07,0,76.1,Yes,No,47030.0,Medium,80.5,7.0,75.7,8.7,No
STU101707,Tanvir Akter,27.0,Male,Single,2.52,2.1,2,77.8,No,Yes,33939.0,Low,65.2,6.0,50.8,7.4,Yes
STU101708,Mariya Akter,25.0,Female,Single,2.67,2.99,0,80.1,No,No,50418.0,Medium,60.6,4.0,40.8,14.2,No
STU101709,Arafat Karim,22.0,Female,Married,2.84,3.0,0,,Yes,No,58049.0,Low,70.9,8.0,68.0,16.0,No
STU101710,Sumaiya Karim,26.0,Male,Single,2.97,2.85,0,93.5,Yes,No,85564.0,Medium,73.1,7.0,65.4,7.3,No
STU101711,Nusrat Sultana,26.0,Male,Single,2.91,3.09,0,91.1,Yes,No,117851.0,Low,93.0,8.0,82.6,17.1,No
STU101712,Nabila Ahmed,18.0,Male,Married,3.33,3.0,0,90.0,Yes,Yes,59682.0,Medium,76.8,8.0,62.6,9.6,No
STU101713,Fahim Rahman,23.0,Female,Married,3.11,2.84,0,56.5,Yes,Yes,103598.0,Low,62.4,6.0,44.9,12.2,No
STU101714,Nabila Islam,24.0,Male,Single,2.72,2.43,1,72.4,Yes,No,54382.0,Medium,53.9,4.0,51.9,4.3,Yes
STU101715,Adnan Islam,20.0,Male,Single,2.59,2.67,1,76.3,Yes,Yes,63278.0,Medium,63.3,6.0,59.9,9.3,No
STU101716,Mariya Hasan,24.0,Male,Single,2.63,2.45,0,85.7,Yes,No,186097.0,Low,53.2,5.0,36.8,8.9,No
STU101717,Rakib Ahmed,28.0,Female,Single,3.15,2.71,1,77.7,Yes,No,42923.0,Medium,78.6,6.0,63.2,16.4,No
STU101718,Fahim Ahmed,28.0,Female,Single,2.91,2.94,0,68.1,No,Yes,24392.0,Medium,74.6,7.0,58.7,4.5,Yes
STU101719,Mehedi Khan,24.0,Female,Single,3.94,4.0,0,76.7,Yes,No,152336.0,Low,86.5,5.0,94.4,24.3,No
STU101720,Arafat Islam,28.0,Female,Single,3.0,2.96,0,77.3,Yes,No,65427.0,Medium,68.9,2.0,69.6,8.7,No
STU101721,Raisa Sultana,19.0,Male,Single,3.08,3.43,0,100.0,Yes,Yes,23826.0,Medium,77.7,6.0,72.4,11.6,No
STU101722,Nusrat Islam,24.0,Female,Married,2.19,2.43,1,77.0,Yes,No,41566.0,High,68.0,3.0,56.4,4.6,No
STU101723,Tanjim Sultana,18.0,Female,Single,2.4,2.73,0,84.5,No,No,58126.0,High,60.0,5.0,71.1,18.3,Yes
STU101724,Nabila Khan,22.0,Male,Single,2.5,2.73,0,66.6,Yes,Yes,30016.0,Low,57.9,3.0,50.1,10.0,Yes
STU101725,Rakib Karim,26.0,Female,Single,2.76,2.83,0,90.6,Yes,Yes,22917.0,Low,78.9,6.0,97.5,10.0,No
STU101726,Sadia Islam,24.0,Female,Single,2.33,1.96,3,61.8,Yes,No,70785.0,Low,39.3,4.0,64.9,1.0,Yes
STU101727,Fahim Hasan,24.0,Female,Married,2.48,2.38,3,81.6,No,No,16349.0,High,23.3,3.0,56.4,2.7,Yes
STU101728,Mehedi Ahmed,28.0,Male,Single,3.3,3.15,0,72.0,Yes,Yes,33876.0,Medium,79.0,7.0,78.3,5.9,No
STU101729,Mahin Rahman,19.0,Female,Single,2.61,2.35,0,75.9,Yes,No,33420.0,High,62.6,7.0,62.2,7.7,No
STU101730,Sumaiya Hasan,25.0,Female,Single,2.98,2.81,0,75.9,No,Yes,26069.0,High,54.7,4.0,57.5,11.6,Yes
STU101731,Nusrat Rahman,20.0,Male,Single,3.27,2.83,1,83.3,Yes,No,37147.0,Medium,66.8,6.0,57.2,8.8,No
STU101732,Mahin Khan,25.0,Male,Single,3.43,3.69,0,96.3,Yes,No,40354.0,Medium,98.0,8.0,90.7,21.3,No
STU101733,Hasan Hossain,20.0,Male,Single,3.13,2.81,0,74.8,Yes,Yes,12000.0,High,80.4,4.0,67.1,9.1,No
STU101734,Fahim Akter,27.0,Female,Single,3.16,3.4,0,92.5,No,No,52402.0,Medium,84.4,8.0,84.6,13.7,No
STU101735,Nabila Islam,24.0,Female,Single,3.44,3.84,0,100.0,Yes,No,70784.0,Low,90.2,6.0,73.1,13.3,No
STU101736,Sakib Karim,19.0,Male,Single,3.19,2.96,0,90.5,No,No,100956.0,Medium,78.9,5.0,84.2,16.3,No
STU101737,Shuvo Akter,21.0,Male,Single,3.47,3.3,0,79.2,Yes,Yes,43759.0,Low,80.5,6.0,83.6,10.2,Yes
STU101738,Tasmia Khan,,Male,Single,2.04,2.19,1,68.7,Yes,No,13763.0,High,64.4,4.0,61.3,12.3,No
STU101739,Raisa Islam,23.0,Female,Single,2.96,2.83,0,78.7,Yes,No,71312.0,Medium,80.2,5.0,64.7,8.9,No
STU101740,Sadia Chowdhury,28.0,Male,Single,3.03,2.79,2,82.8,Yes,Yes,46826.0,Low,79.5,7.0,51.8,12.5,No
STU101741,Adnan Sultana,26.0,Female,Single,2.95,3.08,0,86.5,Yes,Yes,68097.0,Medium,100.0,6.0,89.6,11.4,No
STU101742,Arafat Karim,22.0,Female,Single,3.06,2.83,1,66.3,Yes,Yes,47787.0,Medium,96.3,9.0,71.1,7.4,No
STU101743,Mim Sultana,26.0,Female,Single,2.82,3.46,0,85.5,Yes,No,61010.0,Medium,81.8,5.0,66.4,15.6,No
STU101744,Sakib Khan,22.0,Male,Single,3.36,3.52,0,100.0,Yes,Yes,27332.0,Medium,82.7,8.0,74.6,10.0,No
STU101745,Arafat Khan,27.0,Male,Married,2.76,2.96,1,87.6,Yes,Yes,23886.0,High,76.1,7.0,56.9,20.4,No
STU101746,Shuvo Karim,25.0,Male,Single,2.9,2.88,0,75.6,No,No,41938.0,High,73.4,4.0,74.1,12.4,No
STU101747,Hasan Akter,18.0,Male,Single,3.65,4.0,0,76.2,Yes,No,44107.0,High,85.6,5.0,73.6,17.8,No
STU101748,Nabila Hossain,24.0,Male,Married,3.59,3.36,0,80.4,Yes,Yes,28916.0,Medium,75.5,7.0,75.6,4.3,No
STU101749,Mim Hasan,21.0,Female,Single,3.07,3.3,0,84.4,Yes,No,29167.0,Medium,92.6,9.0,100.0,15.8,No
STU101750,Sadia Ahmed,22.0,Male,Single,2.71,2.31,1,69.8,No,No,28588.0,High,74.0,6.0,68.2,10.9,No
STU101751,Shuvo Islam,23.0,Male,Single,2.26,2.95,0,72.8,Yes,No,85424.0,Low,79.5,8.0,70.4,9.8,No
STU101752,Mariya Chowdhury,22.0,Male,Single,2.94,3.19,0,88.8,No,Yes,26548.0,Medium,85.9,9.0,88.5,13.4,No
STU101753,Rakib Sultana,18.0,Male,Single,3.23,2.95,0,60.1,No,No,59668.0,Medium,64.0,4.0,75.7,12.6,Yes
STU101754,Mehedi Chowdhury,26.0,Female,Single,2.68,2.83,0,90.8,No,Yes,29109.0,Medium,85.5,9.0,66.5,18.3,No
STU101755,Tasmia Hasan,19.0,Male,Single,3.0,3.32,0,91.4,Yes,No,57825.0,Low,87.4,8.0,94.3,9.9,No
STU101756,Mim Akter,26.0,Male,Single,2.84,2.57,0,82.4,Yes,Yes,95296.0,Low,80.3,5.0,66.6,15.0,No
STU101757,Jannat Sultana,27.0,Female,Married,2.23,2.09,0,80.1,Yes,No,82894.0,Medium,66.3,5.0,57.2,10.0,No
STU101758,Mariya Chowdhury,19.0,Male,Single,3.05,2.75,0,77.5,Yes,No,38275.0,Medium,68.8,8.0,83.2,5.2,Yes
STU101759,Sakib Hasan,26.0,Male,Single,3.2,3.34,0,84.5,Yes,Yes,52264.0,Medium,83.0,9.0,90.7,7.0,No
STU101760,Tasmia Akter,23.0,Male,Single,3.07,3.13,0,96.2,Yes,No,35280.0,Medium,99.4,7.0,82.3,10.6,No
STU101761,Rakib Rahman,28.0,Male,Single,3.73,3.74,0,86.5,Yes,No,75509.0,Medium,75.2,10.0,78.7,14.1,No
STU101762,Tanjim Hossain,26.0,Male,Single,2.86,2.61,1,79.4,Yes,Yes,43163.0,Low,70.1,8.0,57.4,3.7,Yes
STU101763,Mim Sultana,23.0,Male,Married,2.82,2.76,0,84.8,Yes,No,,Medium,67.1,7.0,73.6,11.8,Yes
STU101764,Tanvir Khan,23.0,Female,Single,3.97,3.76,0,89.0,Yes,No,26592.0,High,86.7,8.0,61.5,12.3,No
STU101765,Fahim Ahmed,28.0,Male,Single,2.44,2.58,0,76.7,Yes,Yes,29004.0,Medium,52.3,6.0,72.7,10.6,No
STU101766,Sumaiya Islam,19.0,Female,Married,2.72,2.41,2,55.5,Yes,No,63864.0,Medium,77.8,4.0,65.4,6.3,Yes
STU101767,Tanjim Khan,25.0,Female,Single,3.16,2.92,0,88.7,Yes,No,57196.0,Low,75.1,5.0,59.6,10.8,No
STU101768,Hasan Chowdhury,20.0,Male,Single,3.51,3.75,0,97.7,Yes,No,122817.0,Low,80.7,6.0,75.9,20.8,No
STU101769,Fahim Akter,24.0,Male,Married,3.42,3.29,0,85.0,No,No,39075.0,High,99.8,7.0,69.6,19.6,No
STU101770,Jannat Chowdhury,22.0,Male,Single,2.53,3.06,0,93.7,Yes,Yes,33189.0,Medium,75.4,7.0,77.1,15.3,No
STU101771,Mim Sultana,20.0,Female,Married,3.73,3.79,0,91.7,Yes,Yes,32811.0,Medium,90.3,7.0,82.8,12.3,No
STU101772,Sumaiya Hasan,18.0,Female,Single,3.21,2.66,1,58.7,Yes,No,38444.0,High,52.9,6.0,62.0,3.7,No
STU101773,Mim Sultana,25.0,Female,Single,2.63,2.23,0,66.4,Yes,No,54917.0,Medium,39.7,4.0,48.2,3.6,Yes
STU101774,Sumaiya Rahman,20.0,Male,Single,2.67,2.49,2,67.5,Yes,No,18186.0,Medium,57.8,7.0,40.1,14.4,Yes
STU101775,Mim Islam,19.0,Female,Single,3.03,3.26,0,78.5,Yes,Yes,22839.0,Medium,82.5,7.0,70.4,8.8,No
STU101776,Arafat Chowdhury,18.0,Male,Single,3.97,4.0,0,90.7,No,No,50962.0,Medium,100.0,7.0,67.8,21.3,No
STU101777,Mehedi Akter,21.0,Male,Single,3.1,2.95,2,67.3,Yes,No,55194.0,Medium,69.5,7.0,76.1,4.3,No
STU101778,Sadia Sultana,25.0,Male,Single,3.96,4.0,0,100.0,Yes,Yes,37672.0,Low,94.3,8.0,71.7,20.9,No
STU101779,Adnan Hasan,20.0,Male,Single,3.4,3.49,0,66.6,Yes,No,57806.0,Medium,69.9,,49.8,11.1,No
STU101780,Sumaiya Ahmed,18.0,Male,Single,2.43,2.34,0,76.0,No,Yes,19501.0,Medium,72.4,4.0,72.9,10.6,No
STU101781,Sumaiya Akter,21.0,Female,Single,3.63,3.99,0,83.1,Yes,No,29881.0,Medium,100.0,9.0,100.0,15.1,No
STU101782,Jannat Karim,26.0,Female,Married,2.58,2.33,2,,Yes,No,29522.0,High,38.5,2.0,43.1,2.1,Yes
STU101783,Jannat Karim,18.0,Female,Single,2.72,2.89,0,86.4,No,No,27769.0,Medium,50.1,3.0,62.3,9.4,Yes
STU101784,Tanvir Hasan,28.0,Male,Single,3.12,3.32,0,75.5,Yes,No,71100.0,Medium,96.0,8.0,70.3,12.2,No
STU101785,Adnan Karim,19.0,Female,Single,2.99,3.17,0,83.7,Yes,No,75911.0,Medium,65.7,5.0,67.9,8.1,No
STU101786,Nusrat Islam,26.0,Male,Single,3.4,3.36,0,76.3,Yes,No,13069.0,High,58.2,5.0,42.1,10.8,No
STU101787,Mahin Akter,19.0,Male,Single,3.23,3.49,0,68.8,Yes,Yes,15171.0,Medium,76.2,8.0,53.2,15.5,Yes
STU101788,Tanvir Khan,20.0,Male,Single,2.95,3.5,0,84.0,No,No,48265.0,Medium,73.3,7.0,86.2,2.7,No
STU101789,Rakib Karim,24.0,Male,Single,3.76,3.72,0,90.5,Yes,Yes,32409.0,Medium,66.6,5.0,64.6,16.0,No
STU101790,Hasan Rahman,20.0,Male,Single,2.79,2.81,1,72.1,Yes,No,41788.0,Medium,68.1,7.0,71.7,3.0,Yes
STU101791,Adnan Sultana,26.0,Male,Single,2.55,2.83,1,89.5,Yes,Yes,53712.0,Medium,72.8,4.0,92.3,11.6,No
STU101792,Sumaiya Sultana,23.0,Female,Married,3.21,3.13,0,85.7,Yes,No,119489.0,Medium,85.2,,66.6,22.3,No
STU101793,Tasmia Rahman,20.0,Female,Married,2.99,2.9,1,84.8,No,No,43202.0,Medium,82.5,7.0,80.6,10.6,No
STU101794,Raisa Khan,26.0,Male,Single,3.11,2.76,0,74.2,Yes,No,72101.0,Low,72.4,5.0,57.8,11.6,No
STU101795,Adnan Chowdhury,18.0,Female,Single,3.33,2.81,0,74.8,Yes,No,35449.0,Medium,80.8,8.0,67.2,7.0,No
STU101796,Hasan Hasan,27.0,Female,Married,2.92,2.58,1,72.6,Yes,No,57861.0,High,46.8,5.0,62.1,6.4,No
STU101797,Arafat Akter,20.0,Male,Single,3.84,4.0,0,86.8,Yes,No,66422.0,Medium,64.1,6.0,61.6,9.9,Yes
STU101798,Shuvo Islam,18.0,Female,Single,3.12,2.81,0,76.3,No,No,33885.0,Medium,61.4,6.0,61.5,14.8,Yes
STU101799,Tanvir Khan,19.0,Male,Single,2.8,2.94,0,71.6,Yes,Yes,31004.0,High,68.3,7.0,57.0,6.5,No
STU101800,Jannat Hasan,25.0,Female,Single,3.27,3.71,0,94.8,Yes,No,34605.0,Low,87.9,5.0,73.6,15.9,Yes
STU101801,Mim Rahman,24.0,Female,Single,2.96,3.01,1,65.9,Yes,Yes,72598.0,Low,70.1,3.0,61.9,17.9,No
STU101802,Sakib Islam,19.0,Female,Single,3.05,2.79,0,85.9,Yes,No,67096.0,High,89.3,8.0,85.3,11.3,No
STU101803,Adnan Sultana,19.0,Female,Single,2.5,2.46,1,82.2,Yes,Yes,12000.0,Medium,70.1,5.0,67.5,7.7,No
STU101804,Shuvo Hasan,26.0,Female,Single,2.55,2.67,1,73.8,Yes,Yes,35691.0,Low,66.4,4.0,65.3,10.4,Yes
STU101805,Raisa Sultana,23.0,Female,Single,3.48,3.59,0,100.0,Yes,Yes,57022.0,Low,80.3,7.0,83.6,21.2,No
STU101806,Mahin Akter,22.0,Male,Single,2.44,2.48,2,71.9,Yes,Yes,105959.0,Low,71.0,6.0,79.1,6.4,No
STU101807,Hasan Rahman,27.0,Male,Single,2.94,3.13,0,80.4,Yes,No,42593.0,Medium,80.7,8.0,47.2,19.8,No
STU101808,Raisa Hasan,23.0,Male,Single,3.15,3.45,0,83.4,Yes,No,55293.0,Medium,72.5,6.0,93.1,15.8,No
STU101809,Mim Karim,26.0,Male,Single,3.64,3.49,0,95.7,Yes,No,47600.0,Medium,71.0,6.0,69.7,17.2,No
STU101810,Raisa Karim,28.0,Male,Single,2.78,3.2,0,81.3,Yes,Yes,33756.0,Medium,89.6,6.0,100.0,17.6,No
STU101811,Rakib Ahmed,24.0,Female,Single,3.34,3.44,0,91.2,Yes,Yes,21481.0,Medium,90.3,9.0,87.3,16.2,No
STU101812,Sumaiya Sultana,27.0,Male,Married,2.95,2.28,0,64.1,Yes,Yes,22599.0,Medium,74.8,8.0,77.4,7.5,Yes
STU101813,Arafat Ahmed,27.0,Female,Married,2.02,1.96,2,69.0,No,No,69383.0,Medium,39.1,2.0,41.2,2.2,Yes
STU101814,Sadia Akter,26.0,Female,Single,3.02,2.97,1,87.6,Yes,No,48081.0,Medium,44.3,7.0,45.7,6.0,No
STU101815,Nusrat Ahmed,21.0,Female,Single,2.97,3.29,0,84.0,Yes,No,29998.0,Medium,82.9,6.0,91.0,10.2,No
STU101816,Mim Karim,19.0,Female,Single,3.19,3.02,0,75.3,Yes,Yes,20527.0,Medium,54.1,7.0,62.3,9.1,No
STU101817,Tasmia Hossain,25.0,Male,Single,2.71,2.76,0,77.5,Yes,No,68857.0,Medium,79.5,7.0,88.0,10.0,No
STU101818,Nusrat Islam,21.0,Female,Single,2.76,2.33,1,60.8,Yes,Yes,26036.0,Medium,56.3,7.0,51.0,4.4,No
STU101819,Tanvir Chowdhury,26.0,Male,Single,3.54,3.29,0,92.5,Yes,No,65268.0,Low,100.0,9.0,81.4,11.2,No
STU101820,Raisa Khan,21.0,Male,Single,2.85,3.09,0,93.7,Yes,No,41873.0,Medium,81.5,7.0,37.2,15.6,No
STU101821,Tanjim Islam,25.0,Male,Single,2.14,1.77,3,62.0,Yes,Yes,43959.0,Medium,26.0,5.0,14.7,7.1,Yes
STU101822,Nusrat Akter,26.0,Male,Single,3.22,3.51,0,99.7,Yes,No,117853.0,Low,94.7,6.0,86.9,24.0,No
STU101823,Mahin Hossain,26.0,Female,Single,3.39,3.73,0,94.5,Yes,Yes,14191.0,Medium,89.9,10.0,63.0,19.4,No
STU101824,Sumaiya Hasan,27.0,Male,Single,3.38,3.76,0,88.2,Yes,No,27757.0,High,84.5,6.0,87.5,10.4,No
STU101825,Hasan Hasan,21.0,Male,Single,2.72,3.19,0,95.6,Yes,No,108430.0,Medium,86.3,7.0,76.0,21.2,No
STU101826,Tasmia Ahmed,18.0,Female,Single,3.0,3.23,0,90.3,No,Yes,75250.0,Low,84.3,7.0,72.8,16.3,No
STU101827,Rakib Hasan,20.0,Female,Single,3.24,3.37,0,95.6,No,No,39408.0,High,77.0,7.0,68.6,17.9,No
STU101828,Mahin Karim,26.0,Male,Single,3.43,3.62,0,99.5,No,No,125655.0,Medium,100.0,6.0,94.8,22.4,No
STU101829,Adnan Islam,21.0,Female,Married,3.23,3.25,0,81.8,No,Yes,78157.0,Medium,98.0,7.0,100.0,21.0,No
STU101830,Fahim Sultana,22.0,Female,Single,3.35,3.24,0,90.1,Yes,Yes,33753.0,High,80.8,5.0,50.0,14.1,No
STU101831,Raisa Hasan,24.0,Female,Single,2.67,2.9,2,57.8,Yes,Yes,24939.0,Medium,55.8,3.0,60.8,5.3,No
STU101832,Tasmia Karim,22.0,Male,Single,1.97,2.1,2,58.4,Yes,Yes,97150.0,High,33.1,3.0,50.7,8.4,Yes
STU101833,Sadia Hossain,21.0,Male,Single,3.47,3.74,0,92.4,Yes,No,28769.0,High,95.7,10.0,86.0,3.2,No
STU101834,Fahim Islam,19.0,Male,Single,2.57,2.51,1,78.4,Yes,Yes,51627.0,Medium,49.1,4.0,56.7,3.5,Yes
STU101835,Raisa Chowdhury,19.0,Male,Single,2.92,2.89,0,72.5,No,No,102505.0,Low,68.4,6.0,73.1,18.5,No
STU101836,Jannat Sultana,21.0,Female,Single,3.36,3.43,0,82.0,Yes,No,49697.0,Medium,88.9,8.0,95.8,12.6,No
STU101837,Sadia Karim,27.0,Male,Single,3.01,2.97,0,85.0,No,No,45255.0,Medium,100.0,9.0,87.7,20.4,No
STU101838,Mim Akter,27.0,Female,Single,3.32,,0,90.0,Yes,No,17959.0,High,90.7,7.0,62.9,15.3,No
STU101839,Sakib Ahmed,26.0,Male,Single,4.0,4.0,0,87.9,Yes,No,77879.0,Low,100.0,9.0,86.7,13.7,No
STU101840,Tasmia Chowdhury,25.0,Female,Single,3.25,3.25,0,71.3,Yes,No,16567.0,High,61.5,6.0,54.3,13.5,Yes
STU101841,Mehedi Hasan,20.0,Male,Single,2.67,2.63,0,82.2,Yes,No,94692.0,Medium,64.2,8.0,54.2,12.9,No
STU101842,Sumaiya Chowdhury,26.0,Female,Single,2.35,2.48,0,76.2,No,Yes,17828.0,Medium,60.8,4.0,61.9,6.8,No
STU101843,Fahim Hasan,22.0,Female,Single,3.3,3.18,0,100.0,No,No,28529.0,Medium,82.9,8.0,76.8,15.1,No
STU101844,Tasmia Ahmed,28.0,Female,Single,3.04,2.9,1,90.9,Yes,No,85563.0,Low,56.3,6.0,51.7,11.0,No
STU101845,Nusrat Akter,20.0,Male,Single,2.38,2.39,1,75.3,No,No,99753.0,Medium,57.0,4.0,77.7,8.4,No
STU101846,Nusrat Ahmed,22.0,Male,Single,3.53,3.42,0,67.9,Yes,No,47402.0,Medium,57.0,5.0,61.3,24.8,No
STU101847,Mehedi Sultana,27.0,Female,Single,3.33,3.38,1,100.0,Yes,No,36891.0,Medium,95.8,10.0,97.0,12.2,No
STU101848,Mehedi Khan,21.0,Male,Single,2.99,3.11,0,90.2,Yes,Yes,48957.0,Low,74.9,6.0,65.4,14.3,No
STU101849,Shuvo Hasan,25.0,Male,Single,3.98,3.03,0,77.3,Yes,No,15279.0,Medium,66.0,7.0,88.6,9.3,No
STU101850,Tanjim Hasan,22.0,Male,Married,3.46,2.88,1,86.0,Yes,No,82042.0,Medium,59.5,6.0,50.5,5.3,No
STU101851,Tasmia Islam,27.0,Male,Married,2.55,2.3,1,80.6,Yes,Yes,31991.0,Low,57.9,7.0,69.8,6.3,No
STU101852,Sakib Ahmed,25.0,Male,Married,3.53,3.61,0,81.0,Yes,Yes,39130.0,Medium,86.8,7.0,98.5,9.4,No
STU101853,Tanjim Sultana,26.0,Male,Single,3.11,2.88,1,69.7,Yes,Yes,47155.0,Low,56.0,7.0,57.9,11.4,Yes
STU101854,Tanvir Sultana,21.0,Male,Single,3.85,4.0,0,96.7,Yes,Yes,52419.0,Medium,95.0,7.0,78.0,20.2,No
STU101855,Nusrat Hossain,24.0,Male,Single,3.42,3.69,0,97.2,Yes,No,57525.0,Medium,95.7,8.0,87.1,14.9,No
STU101856,Tasmia Ahmed,19.0,Female,Single,3.22,3.81,0,91.3,Yes,No,88294.0,Medium,87.4,5.0,80.9,16.1,No
STU101857,Mariya Khan,23.0,Male,Single,3.19,3.46,0,88.0,Yes,Yes,90504.0,Medium,69.2,4.0,62.0,19.1,No
STU101858,Sakib Karim,25.0,Male,Single,2.47,1.99,2,80.1,Yes,No,44257.0,High,61.8,6.0,55.0,3.5,No
STU101859,Adnan Hossain,24.0,Female,Single,2.77,2.42,3,67.0,Yes,No,67418.0,Medium,58.0,5.0,69.4,1.7,Yes
STU101860,Mariya Sultana,24.0,Female,Single,3.09,2.94,0,55.5,Yes,No,72619.0,Medium,78.8,4.0,61.4,9.6,No
STU101861,Nabila Khan,25.0,Female,Single,2.38,2.02,1,,Yes,Yes,17301.0,Medium,61.6,6.0,82.2,9.8,No
STU101862,Arafat Akter,24.0,Female,Single,3.21,3.53,0,96.7,No,No,35369.0,High,76.7,7.0,60.9,22.1,No
STU101863,Sakib Karim,22.0,Male,Single,2.67,2.62,0,83.2,Yes,No,27335.0,Medium,72.3,5.0,82.1,10.8,No
STU101864,Shuvo Karim,24.0,Female,Single,2.82,2.88,0,69.6,Yes,Yes,45654.0,Low,71.2,7.0,89.5,12.3,No
STU101865,Mim Islam,27.0,Male,Single,3.32,3.73,0,82.1,Yes,Yes,89771.0,Low,66.6,6.0,60.2,14.4,No
STU101866,Shuvo Hossain,20.0,Female,Single,2.75,3.33,0,83.4,No,No,69067.0,Medium,56.9,4.0,72.1,11.6,No
STU101867,Tanjim Rahman,22.0,Male,Single,3.21,3.13,0,71.1,No,No,70642.0,Medium,80.7,8.0,74.7,9.2,No
STU101868,Sadia Karim,24.0,Female,Single,3.07,2.66,1,71.1,No,No,36218.0,High,60.8,2.0,43.3,8.8,Yes
STU101869,Raisa Sultana,26.0,Male,Single,2.52,2.17,1,84.9,Yes,Yes,36283.0,Low,55.5,3.0,61.7,4.8,No
STU101870,Mariya Karim,19.0,Male,Single,3.4,3.74,0,79.0,Yes,No,32292.0,High,93.2,5.0,77.5,11.1,No
STU101871,Jannat Hasan,21.0,Female,Single,3.42,3.5,0,83.3,Yes,No,27492.0,Medium,95.9,8.0,93.0,17.1,No
STU101872,Sakib Chowdhury,24.0,Male,Married,3.44,3.18,0,89.9,Yes,Yes,61784.0,Low,70.3,7.0,73.1,8.0,No
STU101873,Mariya Hossain,18.0,Male,Single,3.86,4.0,0,75.5,Yes,Yes,33274.0,Medium,100.0,6.0,100.0,6.6,No
STU101874,Sakib Karim,19.0,Male,Single,2.81,2.49,1,87.1,Yes,Yes,22007.0,Medium,51.7,5.0,58.5,6.7,Yes
STU101875,Arafat Hossain,26.0,Male,Single,2.12,1.59,3,56.2,Yes,Yes,52710.0,Medium,41.5,6.0,48.1,1.0,No
STU101876,Sumaiya Karim,27.0,Male,Single,2.7,2.1,2,59.3,Yes,No,46699.0,Medium,45.0,4.0,57.6,1.7,Yes
STU101877,Mehedi Rahman,24.0,Female,Single,3.43,3.0,0,94.5,Yes,Yes,52989.0,Low,95.3,5.0,100.0,16.6,No
STU101878,Mim Karim,27.0,Male,Single,2.96,3.31,0,92.3,Yes,Yes,99721.0,Low,85.7,10.0,89.0,7.8,No
STU101879,Nusrat Khan,24.0,Male,Single,2.37,2.31,0,67.2,No,Yes,45598.0,Medium,55.5,5.0,58.0,13.2,No
STU101880,Tanjim Karim,23.0,Male,Single,2.24,2.23,2,66.4,Yes,Yes,31607.0,Medium,73.3,4.0,64.6,8.3,No
STU101881,Sakib Karim,20.0,Female,Single,3.64,3.7,0,90.1,Yes,Yes,31482.0,High,81.9,6.0,59.5,20.4,No
STU101882,Raisa Akter,27.0,Female,Single,3.27,2.97,0,78.8,Yes,No,26520.0,Medium,76.3,2.0,66.8,8.0,No
STU101883,Sadia Khan,20.0,Female,Single,2.78,2.63,1,87.6,Yes,Yes,29535.0,Medium,47.0,3.0,31.0,15.9,Yes
STU101884,Tanjim Chowdhury,19.0,Female,Single,3.85,3.73,0,95.6,Yes,Yes,22623.0,Medium,67.1,6.0,75.4,13.6,No
STU101885,Mim Ahmed,28.0,Female,Single,4.0,3.72,0,60.7,Yes,No,48035.0,High,65.2,6.0,51.2,13.9,No
STU101886,Nabila Sultana,23.0,Female,Single,3.47,3.32,0,77.1,No,No,31025.0,High,75.4,4.0,70.8,15.0,No
STU101887,Mariya Khan,21.0,Female,Married,3.34,3.3,0,79.6,Yes,No,48292.0,Low,97.8,8.0,77.8,15.6,No
STU101888,Rakib Hossain,22.0,Male,Single,3.24,3.16,0,79.1,Yes,Yes,36853.0,Medium,75.7,6.0,71.5,15.0,No
STU101889,Sakib Ahmed,20.0,Female,Married,3.39,,0,90.1,Yes,Yes,42455.0,Medium,96.5,8.0,96.7,17.0,No
STU101890,Sakib Akter,23.0,Male,Single,3.88,3.74,0,98.1,Yes,No,118028.0,Low,83.6,9.0,81.9,9.2,No
STU101891,Tasmia Khan,28.0,Female,Single,2.56,,0,76.4,Yes,Yes,84442.0,Low,93.3,8.0,73.4,16.6,No
STU101892,Rakib Rahman,20.0,Female,Single,2.85,2.54,2,62.2,Yes,Yes,19299.0,Medium,62.6,5.0,27.9,9.7,No
STU101893,Nabila Chowdhury,25.0,Female,Single,2.98,2.82,0,77.6,Yes,Yes,32181.0,Medium,71.5,5.0,69.3,6.8,No
STU101894,Hasan Hossain,26.0,Female,Single,3.26,3.38,0,65.5,No,Yes,15843.0,Medium,85.9,5.0,84.0,9.6,Yes
STU101895,Sumaiya Ahmed,21.0,Male,Single,3.7,3.89,0,95.4,Yes,No,,Low,90.1,5.0,72.8,19.2,No
STU101896,Sakib Rahman,26.0,Male,Single,3.19,2.82,0,79.5,Yes,Yes,54024.0,Low,73.7,5.0,80.8,12.7,No
STU101897,Tanvir Akter,24.0,Male,Married,3.28,3.25,0,80.3,Yes,Yes,81195.0,Medium,85.0,8.0,78.9,18.6,No
STU101898,Mahin Rahman,20.0,Female,Single,3.3,3.54,0,88.3,No,No,78996.0,Low,90.2,7.0,95.7,20.5,No
STU101899,Hasan Akter,24.0,Female,Single,3.01,2.53,1,67.0,No,No,53598.0,High,44.1,2.0,62.4,14.5,Yes
STU101900,Rakib Hossain,18.0,Female,Single,2.81,2.79,0,77.1,Yes,Yes,26941.0,Low,71.7,5.0,71.6,8.6,No
STU101901,Arafat Chowdhury,20.0,Female,Single,3.03,2.59,0,72.6,Yes,Yes,71605.0,Medium,78.8,8.0,73.8,6.2,No
STU101902,Mehedi Akter,23.0,Female,Single,2.71,2.46,0,60.6,No,Yes,46225.0,Medium,63.7,5.0,44.3,2.9,Yes
STU101903,Hasan Khan,21.0,Female,Single,2.71,2.74,0,,No,No,49950.0,Medium,75.1,4.0,52.9,7.9,No
STU101904,Tasmia Akter,24.0,Female,Single,3.17,3.1,0,100.0,Yes,No,131704.0,Medium,93.5,8.0,69.4,17.9,No
STU101905,Shuvo Rahman,20.0,Female,Single,2.78,2.44,0,77.8,Yes,Yes,26773.0,Low,75.1,6.0,77.1,3.1,Yes
STU101906,Arafat Rahman,18.0,Female,Single,3.83,4.0,0,83.0,Yes,No,140820.0,Medium,76.2,5.0,80.6,11.6,No
STU101907,Jannat Hasan,26.0,Male,Single,3.07,2.97,0,82.2,Yes,No,120995.0,Low,59.1,6.0,58.4,7.8,No
STU101908,Nabila Hossain,23.0,Female,Single,3.61,3.78,0,78.4,Yes,No,46715.0,Medium,100.0,8.0,98.7,18.6,No
STU101909,Adnan Chowdhury,25.0,Male,Single,2.44,2.89,0,75.8,Yes,No,50051.0,Medium,67.9,6.0,89.0,14.1,No
STU101910,Nusrat Khan,20.0,Male,Married,2.45,2.25,1,69.2,Yes,No,30501.0,High,51.9,7.0,66.3,5.9,Yes
STU101911,Adnan Ahmed,25.0,Female,Single,2.95,3.13,0,78.1,Yes,No,49962.0,Medium,74.6,7.0,78.1,9.6,No
STU101912,Hasan Karim,19.0,Male,Single,3.42,3.55,0,83.7,Yes,No,47373.0,Low,99.2,7.0,79.3,19.9,No
STU101913,Adnan Islam,21.0,Female,Single,2.78,2.36,0,83.1,Yes,Yes,30812.0,Medium,67.9,6.0,54.2,6.9,Yes
STU101914,Fahim Hossain,20.0,Male,Single,2.95,3.32,0,80.9,No,No,30372.0,High,78.0,7.0,64.0,2.7,No
STU101915,Sakib Khan,27.0,Male,Single,3.45,3.48,0,83.2,Yes,No,39458.0,Medium,75.0,7.0,91.2,17.5,No
STU101916,Sakib Hossain,18.0,Male,Single,2.83,2.67,0,62.1,Yes,No,44773.0,High,52.2,5.0,58.9,11.8,Yes
STU101917,Nusrat Ahmed,24.0,Male,Single,2.66,2.17,0,63.5,Yes,Yes,17545.0,Medium,37.2,6.0,65.9,9.7,Yes
STU101918,Nusrat Hasan,28.0,Male,Single,3.32,2.94,0,82.2,Yes,No,83648.0,Medium,75.4,5.0,46.3,8.1,No
STU101919,Nusrat Khan,27.0,Male,Single,2.41,2.38,3,78.3,Yes,Yes,34227.0,Medium,42.3,6.0,37.1,6.0,Yes
STU101920,Sakib Akter,,Male,Single,2.83,2.43,3,66.7,Yes,Yes,38144.0,High,46.1,4.0,35.1,10.0,Yes
STU101921,Sadia Ahmed,21.0,Male,Single,3.05,3.24,0,83.3,Yes,No,49617.0,Medium,73.2,6.0,69.2,18.3,No
STU101922,Jannat Sultana,26.0,Male,Single,3.24,3.12,0,70.2,Yes,No,38849.0,High,78.5,8.0,85.9,10.9,No
STU101923,Mariya Hossain,23.0,Female,Married,3.37,2.9,0,73.8,Yes,No,84210.0,Low,37.6,5.0,68.0,4.5,No
STU101924,Mehedi Khan,25.0,Male,Single,3.44,3.24,0,86.1,Yes,Yes,38487.0,Medium,99.3,8.0,81.6,10.0,No
STU101925,Sumaiya Islam,19.0,Female,Single,2.86,2.55,0,89.2,Yes,No,32650.0,Medium,75.8,6.0,85.4,1.0,No
STU101926,Jannat Islam,24.0,Female,Single,3.43,3.06,0,84.3,Yes,No,63285.0,Low,82.6,5.0,77.9,13.1,No
STU101927,Arafat Hasan,23.0,Male,Single,3.23,2.56,0,77.3,Yes,No,68355.0,Medium,56.2,7.0,58.0,2.9,No
STU101928,Sadia Karim,26.0,Female,Single,3.32,3.35,0,87.2,Yes,No,178294.0,Low,79.4,7.0,84.2,18.9,No
STU101929,Sakib Akter,,Female,Single,2.71,2.43,1,65.3,No,Yes,15866.0,Medium,63.8,6.0,57.6,2.0,No
STU101930,Mariya Hossain,18.0,Female,Single,3.3,3.86,0,80.5,Yes,No,46931.0,Medium,93.7,9.0,85.4,18.2,No
STU101931,Tanvir Sultana,25.0,Male,Single,2.93,3.23,0,81.8,Yes,No,65441.0,Medium,86.1,6.0,67.3,6.6,No
STU101932,Tasmia Karim,28.0,Female,Single,3.02,3.51,0,75.7,Yes,Yes,27281.0,Medium,83.0,5.0,60.0,18.2,No
STU101933,Shuvo Rahman,27.0,Female,Single,3.07,3.29,0,90.6,Yes,No,97513.0,Low,77.1,5.0,72.7,20.1,No
STU101934,Sumaiya Islam,20.0,Male,Single,3.95,3.78,0,96.7,Yes,Yes,30882.0,Medium,73.7,4.0,62.0,19.9,No
STU101935,Tasmia Ahmed,19.0,Male,Married,2.59,2.69,1,74.0,No,No,48028.0,Medium,62.2,8.0,79.1,12.7,No
STU101936,Mariya Ahmed,20.0,Male,Single,3.54,3.44,0,92.4,Yes,Yes,81843.0,Low,100.0,7.0,100.0,19.6,No
STU101937,Hasan Rahman,28.0,Female,Single,3.64,3.75,0,100.0,Yes,Yes,24672.0,Medium,74.6,3.0,60.4,20.5,Yes
STU101938,Sakib Hossain,23.0,Male,Single,3.37,3.64,0,90.7,No,No,41825.0,High,67.4,4.0,68.1,13.1,No
STU101939,Jannat Sultana,20.0,Female,Single,2.76,2.94,1,86.6,Yes,No,68645.0,Low,96.3,10.0,100.0,3.1,No
STU101940,Nabila Ahmed,27.0,Male,Single,3.76,3.77,0,87.4,No,Yes,,Medium,87.4,7.0,84.6,17.8,No
STU101941,Shuvo Rahman,22.0,Female,Married,2.85,2.87,0,89.1,Yes,No,64999.0,Medium,57.8,7.0,63.1,9.7,Yes
STU101942,Mehedi Hasan,23.0,Male,Single,3.31,3.38,0,83.9,Yes,No,69852.0,Medium,81.6,5.0,71.0,17.5,No
STU101943,Tanvir Chowdhury,25.0,Male,Single,3.05,3.39,0,78.8,Yes,No,33642.0,High,75.6,8.0,77.0,18.4,No
STU101944,Nusrat Khan,24.0,Female,Single,2.83,2.69,0,85.7,Yes,No,109614.0,Medium,92.5,,89.5,13.6,No
STU101945,Raisa Islam,28.0,Male,Single,3.25,3.17,0,85.3,Yes,No,28344.0,High,96.2,7.0,82.9,5.1,No
STU101946,Tasmia Karim,25.0,Male,Single,3.85,3.69,0,94.6,No,No,94917.0,Medium,93.0,8.0,100.0,10.6,No
STU101947,Nusrat Akter,20.0,Male,Single,3.12,3.16,0,76.6,Yes,Yes,54599.0,Medium,83.6,7.0,87.9,13.3,No
STU101948,Nabila Chowdhury,21.0,Male,Single,3.89,4.0,0,92.9,Yes,Yes,32063.0,Medium,89.4,7.0,95.2,20.8,No
STU101949,Rakib Hossain,23.0,Female,Single,2.92,3.01,0,90.5,Yes,No,28002.0,Medium,100.0,6.0,92.7,10.6,No
STU101950,Arafat Karim,28.0,Female,Single,3.03,3.02,0,78.1,Yes,No,52519.0,Medium,75.7,6.0,74.6,10.8,No
STU101951,Adnan Chowdhury,24.0,Male,Single,2.45,2.77,0,87.4,Yes,Yes,39874.0,Medium,66.5,4.0,77.5,14.3,No
STU101952,Mariya Chowdhury,26.0,Male,Single,2.75,2.51,0,92.2,Yes,No,58866.0,Medium,89.1,9.0,90.9,10.4,No
STU101953,Hasan Hasan,18.0,Male,Single,2.9,2.45,0,72.3,Yes,No,39728.0,Medium,69.0,6.0,63.2,14.4,Yes
STU101954,Fahim Islam,25.0,Female,Single,2.85,2.95,0,84.0,Yes,No,46892.0,Medium,73.9,5.0,69.4,11.6,No
STU101955,Tanjim Akter,25.0,Male,Single,2.57,2.56,0,94.2,No,No,59630.0,High,66.4,8.0,63.1,7.8,Yes
STU101956,Nabila Sultana,23.0,Male,Single,2.66,2.61,0,65.9,Yes,Yes,43473.0,Low,61.4,5.0,84.3,4.0,No
STU101957,Rakib Hasan,21.0,Male,Single,2.87,2.48,2,75.4,No,Yes,39074.0,Medium,74.9,7.0,83.5,3.4,No
STU101958,Sadia Ahmed,,Female,Single,3.53,3.59,0,,Yes,No,54735.0,Medium,86.5,6.0,86.5,13.1,No
STU101959,Shuvo Karim,28.0,Male,Married,2.33,2.87,0,81.1,Yes,No,36784.0,Medium,73.1,6.0,97.9,18.8,No
STU101960,Fahim Hossain,20.0,Female,Single,2.06,1.66,3,82.4,Yes,Yes,65108.0,Low,25.9,4.0,30.1,9.5,Yes
STU101961,Sadia Ahmed,23.0,Male,Single,2.21,2.16,0,79.7,Yes,No,57787.0,Medium,62.5,5.0,73.9,5.8,No
STU101962,Sakib Rahman,25.0,Male,Single,2.62,2.64,2,85.2,Yes,No,66086.0,Low,63.8,6.0,49.1,13.0,No
STU101963,Nusrat Hasan,24.0,Male,Single,3.29,3.15,0,90.7,Yes,No,65870.0,Low,84.5,8.0,65.5,16.3,No
STU101964,Fahim Hossain,28.0,Male,Single,2.84,2.89,0,94.6,Yes,Yes,39230.0,Low,74.0,5.0,58.1,9.5,No
STU101965,Rakib Ahmed,18.0,Male,Single,2.83,2.7,0,81.2,No,No,14986.0,Medium,76.9,4.0,52.9,6.9,No
STU101966,Mahin Sultana,28.0,Male,Single,2.82,2.87,1,66.2,Yes,No,41177.0,Medium,72.8,5.0,67.1,12.3,No
STU101967,Sumaiya Khan,23.0,Male,Married,2.15,2.08,1,76.5,Yes,No,51283.0,Medium,50.5,6.0,55.4,1.0,No
STU101968,Adnan Chowdhury,24.0,Male,Single,3.39,3.23,0,68.6,Yes,No,42144.0,High,95.3,7.0,99.8,24.0,No
STU101969,Mim Ahmed,24.0,Male,Single,3.59,3.57,0,83.5,Yes,Yes,30286.0,Medium,72.0,8.0,71.5,16.1,No
STU101970,Nusrat Rahman,26.0,Female,Single,2.85,2.99,0,77.8,No,No,89019.0,Medium,53.3,6.0,60.9,15.1,No
STU101971,Tanvir Khan,28.0,Male,Married,3.04,2.57,0,75.1,Yes,Yes,28960.0,Medium,75.1,7.0,94.0,9.3,No
STU101972,Mim Islam,28.0,Female,Married,3.05,3.26,0,95.5,No,Yes,30906.0,Medium,85.1,7.0,90.9,19.9,No
STU101973,Mahin Ahmed,27.0,Male,Single,2.52,2.3,1,73.2,No,No,35182.0,Medium,67.2,5.0,65.9,12.3,No
STU101974,Adnan Karim,22.0,Male,Single,2.8,2.99,0,100.0,Yes,No,38283.0,Medium,76.5,6.0,63.0,13.8,No
STU101975,Shuvo Chowdhury,18.0,Male,Single,3.8,3.6,0,86.2,Yes,Yes,32650.0,Medium,99.1,8.0,71.5,9.5,No
STU101976,Nusrat Rahman,19.0,Male,Single,3.0,3.21,0,64.5,Yes,No,44522.0,Medium,81.7,7.0,73.7,8.9,No
STU101977,Mariya Karim,21.0,Male,Single,3.1,3.09,0,77.4,Yes,Yes,47660.0,Medium,100.0,8.0,100.0,16.5,No
STU101978,Rakib Hasan,22.0,Male,Married,2.69,2.41,2,78.9,Yes,No,26506.0,High,54.7,5.0,42.8,11.2,Yes
STU101979,Tanvir Rahman,26.0,Female,Single,2.81,2.67,0,67.3,Yes,Yes,24432.0,Medium,63.0,5.0,42.8,12.7,Yes
STU101980,Mehedi Khan,28.0,Male,Single,3.29,3.65,0,84.0,Yes,No,66850.0,Medium,75.2,8.0,55.4,18.2,No
STU101981,Sadia Chowdhury,18.0,Male,Single,2.62,2.64,0,86.4,No,No,43826.0,High,61.8,4.0,63.8,13.5,Yes
STU101982,Nabila Rahman,20.0,Male,Single,3.73,3.59,0,83.9,Yes,No,78099.0,Medium,86.7,7.0,83.8,17.5,No
STU101983,Tanvir Chowdhury,22.0,Female,Single,2.27,2.61,0,73.9,Yes,No,63995.0,High,53.8,7.0,76.7,11.1,Yes
STU101984,Raisa Sultana,20.0,Female,Single,2.72,2.97,0,93.1,No,No,,Medium,63.4,5.0,81.1,17.7,Yes
STU101985,Sadia Sultana,21.0,Male,Single,2.33,2.08,1,69.6,Yes,Yes,57179.0,Medium,58.3,7.0,52.2,5.6,No
STU101986,Jannat Hossain,20.0,Male,Single,3.6,3.53,1,73.9,Yes,No,67769.0,Medium,91.5,6.0,76.3,21.6,No
STU101987,Rakib Chowdhury,21.0,Male,Single,2.98,2.45,0,85.1,Yes,Yes,28932.0,High,49.4,3.0,68.4,1.0,No
STU101988,Sumaiya Ahmed,18.0,Male,Single,2.87,3.13,0,93.3,Yes,No,19370.0,Medium,86.5,9.0,75.8,12.8,Yes
STU101989,Mehedi Hasan,25.0,Female,Single,3.18,3.18,0,85.1,Yes,Yes,26680.0,Medium,73.0,5.0,61.3,11.1,No
STU101990,Adnan Rahman,21.0,Female,Married,3.63,3.83,0,83.4,Yes,No,61671.0,Low,63.5,6.0,59.1,18.8,No
STU101991,Adnan Hasan,24.0,Male,Single,3.1,2.52,0,70.2,Yes,No,116143.0,Low,59.1,8.0,82.6,5.5,No
STU101992,Raisa Sultana,19.0,Male,Single,3.51,3.43,0,80.5,Yes,No,44131.0,High,91.9,5.0,73.9,12.6,Yes
STU101993,Sumaiya Akter,19.0,Female,Single,2.87,2.92,0,70.0,Yes,No,90652.0,Medium,79.0,7.0,63.0,7.7,No
STU101994,Arafat Ahmed,23.0,Male,Single,2.57,1.93,3,60.0,Yes,No,74358.0,Medium,21.2,4.0,38.9,3.2,Yes
STU101995,Mim Islam,19.0,Male,Single,3.1,3.3,0,89.4,Yes,Yes,30633.0,Medium,82.1,7.0,79.9,15.8,No
STU101996,Raisa Hasan,23.0,Female,Single,2.69,2.59,1,82.3,Yes,Yes,43393.0,Medium,81.8,9.0,53.0,12.8,No
STU101997,Adnan Rahman,28.0,Male,Single,3.31,2.78,0,80.5,No,Yes,64022.0,Medium,91.0,7.0,90.8,10.4,No
STU101998,Sadia Akter,19.0,Male,Married,2.82,2.66,1,79.7,Yes,No,23591.0,High,64.9,6.0,61.4,10.4,No
STU101999,Tanjim Chowdhury,21.0,Male,Single,2.96,3.1,0,80.7,Yes,No,71761.0,Medium,72.6,5.0,92.2,9.8,No
STU102000,Raisa Hossain,24.0,Female,Single,1.99,1.72,4,53.2,No,No,81111.0,Medium,40.6,4.0,35.7,1.5,Yes
STU102001,Mehedi Sultana,25.0,Male,Single,2.94,2.93,1,75.4,Yes,Yes,,Low,76.9,7.0,74.1,16.8,No
STU102002,Mahin Islam,20.0,Female,Married,2.89,2.76,0,90.2,Yes,No,42139.0,Medium,67.6,7.0,78.6,10.0,No
STU102003,Tasmia Hossain,26.0,Female,Single,3.52,2.93,0,60.9,Yes,Yes,58736.0,Low,68.4,7.0,78.0,9.6,No
STU102004,Adnan Chowdhury,19.0,Male,Single,3.39,3.58,0,76.3,Yes,No,77269.0,Medium,77.8,4.0,67.2,14.7,No
STU102005,Mahin Islam,25.0,Male,Single,3.01,3.25,0,79.8,Yes,Yes,20029.0,Medium,86.3,7.0,67.0,15.6,No
STU102006,Rakib Sultana,25.0,Male,Single,2.27,2.61,1,65.9,Yes,Yes,12038.0,Low,55.6,4.0,65.4,10.7,Yes
STU102007,Mariya Hossain,21.0,Male,Single,2.8,,0,84.4,No,No,59738.0,Medium,61.2,3.0,64.4,10.0,No
STU102008,Nabila Ahmed,18.0,Female,Single,3.52,3.67,0,73.6,Yes,Yes,32410.0,Medium,57.0,4.0,78.0,13.7,No
STU102009,Mehedi Islam,18.0,Female,Single,2.91,2.43,0,88.2,Yes,No,49685.0,Medium,75.3,6.0,78.1,13.1,No
STU102010,Mahin Chowdhury,19.0,Male,Single,2.52,2.59,0,96.3,Yes,No,50270.0,Medium,63.8,4.0,73.5,8.1,No
STU102011,Tanjim Karim,26.0,Female,Single,3.52,3.42,0,87.6,Yes,No,88246.0,Low,79.7,6.0,64.3,15.1,No
STU102012,Mariya Ahmed,19.0,Male,Single,2.27,2.25,2,64.4,Yes,No,49428.0,High,52.3,6.0,65.9,4.6,Yes
STU102013,Tanvir Karim,19.0,Female,Single,2.95,2.61,0,87.3,No,Yes,60293.0,Medium,65.5,6.0,81.6,9.3,No
STU102014,Mahin Hossain,23.0,Female,Single,3.25,3.59,0,84.2,Yes,Yes,58108.0,Low,88.1,6.0,82.7,17.2,No
STU102015,Fahim Rahman,24.0,Male,Single,3.06,2.56,0,70.8,Yes,No,69589.0,Low,97.2,9.0,82.5,12.6,No
STU102016,Tasmia Khan,24.0,Male,Single,2.44,2.52,2,,Yes,Yes,32954.0,Medium,79.2,5.0,72.8,6.9,No
STU102017,Nabila Islam,26.0,Female,Single,2.58,2.31,0,62.3,Yes,No,53180.0,Medium,48.4,7.0,47.4,9.9,Yes
STU102018,Shuvo Hossain,23.0,Female,Single,2.69,3.32,0,77.9,Yes,Yes,12477.0,Medium,69.2,6.0,42.4,12.3,Yes
STU102019,Arafat Karim,25.0,Male,Single,3.35,3.56,0,79.6,Yes,No,31787.0,High,71.1,7.0,37.4,13.8,No
STU102020,Arafat Chowdhury,28.0,Male,Married,3.08,3.07,0,81.7,Yes,No,78948.0,Low,57.0,4.0,48.1,14.2,No
STU102021,Sadia Islam,23.0,Female,Married,2.83,2.52,0,63.8,Yes,No,21695.0,High,65.8,5.0,64.0,11.5,Yes
STU102022,Mahin Islam,19.0,Male,Single,3.18,3.45,0,77.3,Yes,No,23044.0,High,85.4,7.0,96.2,15.7,No
STU102023,Raisa Sultana,18.0,Male,Single,2.66,1.68,2,60.8,Yes,Yes,64360.0,Medium,46.7,4.0,52.4,2.5,No
STU102024,Tanvir Rahman,22.0,Male,Single,3.33,3.45,0,89.8,Yes,Yes,32117.0,High,86.2,6.0,86.9,14.5,No
STU102025,Tanjim Hossain,26.0,Male,Single,3.2,3.36,0,84.9,Yes,No,89716.0,Low,58.3,3.0,63.0,12.5,No
STU102026,Arafat Hasan,25.0,Male,Single,2.9,3.03,0,97.0,Yes,No,46894.0,Medium,59.6,4.0,56.7,8.9,No
STU102027,Sadia Ahmed,,Female,Single,2.93,3.18,0,75.3,Yes,Yes,103890.0,Low,83.2,5.0,73.3,25.3,No
STU102028,Mariya Hasan,22.0,Female,Single,2.85,2.68,0,87.4,Yes,No,114722.0,Low,72.5,3.0,63.2,13.3,No
STU102029,Sumaiya Ahmed,22.0,Male,Married,3.45,3.61,0,94.8,No,No,90761.0,Medium,98.3,8.0,73.0,15.2,No
STU102030,Fahim Ahmed,23.0,Male,Single,3.1,2.9,1,79.8,Yes,Yes,33988.0,Medium,58.0,4.0,69.3,11.6,No
STU102031,Rakib Hossain,20.0,Male,Single,2.9,2.65,1,77.5,Yes,Yes,24308.0,Medium,62.2,7.0,60.1,2.0,Yes
STU102032,Fahim Ahmed,22.0,Male,Single,2.56,2.25,1,75.4,Yes,No,90552.0,Medium,54.3,4.0,48.2,4.5,No
STU102033,Tanjim Rahman,19.0,Female,Single,3.27,3.19,0,75.1,Yes,No,44628.0,Medium,94.7,6.0,86.2,19.8,No
STU102034,Nabila Akter,27.0,Male,Single,3.24,3.58,1,92.3,Yes,No,50245.0,Medium,100.0,9.0,94.9,24.3,No
STU102035,Arafat Akter,18.0,Female,Single,2.76,3.28,0,84.9,Yes,Yes,84636.0,Low,67.6,7.0,58.9,10.8,No
STU102036,Rakib Hossain,28.0,Male,Single,2.81,2.73,0,69.0,Yes,No,24281.0,High,69.7,7.0,82.1,12.5,No
STU102037,Shuvo Ahmed,18.0,Female,Single,2.95,2.75,1,87.8,No,No,62198.0,Low,80.6,6.0,75.1,8.4,No
STU102038,Shuvo Hossain,27.0,Male,Single,2.48,2.88,0,80.1,Yes,No,34306.0,Medium,85.5,4.0,90.4,16.6,No
STU102039,Jannat Hasan,24.0,Male,Single,3.03,3.16,0,83.8,Yes,No,69588.0,Medium,68.8,7.0,86.0,6.7,No
STU102040,Sakib Ahmed,19.0,Male,Single,2.26,2.27,1,50.6,Yes,Yes,55653.0,Low,56.5,6.0,44.9,8.0,Yes
STU102041,Raisa Hossain,21.0,Female,Married,2.42,2.09,1,71.0,Yes,No,73081.0,Medium,58.6,5.0,42.3,1.0,No
STU102042,Nabila Akter,22.0,Female,Single,2.77,3.2,0,95.0,Yes,No,35615.0,High,81.5,9.0,68.9,13.3,No
STU102043,Arafat Islam,24.0,Female,Single,2.72,2.75,0,74.3,Yes,Yes,30458.0,High,38.6,5.0,48.7,7.5,No
STU102044,Nabila Akter,19.0,Female,Single,3.2,3.2,0,72.0,Yes,No,45037.0,High,68.0,6.0,72.5,13.1,No
STU102045,Tanvir Rahman,23.0,Female,Single,3.13,3.29,2,82.4,Yes,No,32693.0,High,66.7,7.0,66.5,17.3,Yes
STU102046,Hasan Hasan,18.0,Male,Single,3.62,3.63,0,71.3,No,No,31836.0,High,87.9,6.0,100.0,18.5,No
STU102047,Mahin Chowdhury,24.0,Male,Married,3.04,3.48,0,91.3,Yes,No,30595.0,High,82.0,7.0,51.4,15.5,No
STU102048,Nusrat Hossain,26.0,Female,Single,3.09,3.4,0,83.3,No,No,63749.0,Medium,96.1,5.0,87.1,16.1,No
STU102049,Nusrat Ahmed,22.0,Female,Single,2.48,2.31,2,71.2,Yes,No,131754.0,Medium,37.7,4.0,58.0,5.6,Yes
STU102050,Rakib Akter,22.0,Female,Single,2.48,2.5,1,96.3,Yes,No,69596.0,Medium,86.9,7.0,63.5,13.1,No
STU102051,Nusrat Ahmed,21.0,Male,Single,3.03,2.85,0,83.1,Yes,No,66166.0,Medium,66.6,6.0,63.3,12.7,No
STU102052,Mehedi Rahman,20.0,Male,Single,3.04,3.6,0,74.8,Yes,No,65272.0,High,73.1,6.0,86.7,20.6,No
STU102053,Sakib Khan,26.0,Female,Single,3.13,2.91,1,79.3,Yes,No,27233.0,Medium,65.9,4.0,46.9,6.7,Yes
STU102054,Tanvir Khan,22.0,Female,Single,3.57,3.54,0,93.0,Yes,No,,Medium,66.0,,74.2,13.9,No
STU102055,Nabila Ahmed,25.0,Male,Single,2.5,2.61,0,60.7,No,No,16696.0,High,64.6,4.0,84.0,9.4,No
STU102056,Mehedi Akter,26.0,Female,Married,3.76,3.91,0,89.2,Yes,No,55261.0,Medium,,6.0,61.9,17.5,No
STU102057,Jannat Khan,22.0,Female,Single,2.33,2.53,1,59.7,Yes,No,67363.0,Medium,46.2,4.0,47.7,7.2,Yes
STU102058,Sumaiya Sultana,27.0,Male,Single,3.17,3.41,0,85.5,Yes,No,70387.0,Medium,76.0,6.0,93.5,16.1,No
STU102059,Mariya Islam,26.0,Female,Single,2.44,2.65,1,90.1,Yes,No,64386.0,Medium,77.4,7.0,77.8,6.1,No
STU102060,Shuvo Chowdhury,19.0,Female,Single,3.33,3.2,0,79.7,Yes,Yes,22680.0,Medium,76.2,7.0,76.9,4.3,No
STU102061,Tanjim Karim,26.0,Female,Single,2.33,2.17,3,67.1,Yes,No,31613.0,Medium,60.7,4.0,67.9,6.3,No
STU102062,Jannat Islam,28.0,Female,Single,1.77,1.78,3,65.8,Yes,No,85913.0,Medium,24.5,5.0,23.5,1.0,Yes
STU102063,Hasan Islam,21.0,Male,Single,3.07,2.9,0,84.3,Yes,Yes,55135.0,Medium,60.9,5.0,60.5,6.0,Yes
STU102064,Mim Ahmed,23.0,Male,Single,2.94,2.75,1,78.3,Yes,No,53532.0,Medium,70.2,4.0,65.3,9.1,No
STU102065,Jannat Rahman,23.0,Male,Single,3.5,3.37,0,66.9,Yes,No,33615.0,High,33.8,5.0,53.5,18.1,Yes
STU102066,Tanvir Hossain,23.0,Male,Single,3.04,3.67,0,89.0,Yes,Yes,24541.0,Medium,69.5,6.0,64.3,21.5,No
STU102067,Rakib Ahmed,19.0,Male,Single,2.66,3.13,1,74.3,Yes,No,30105.0,High,47.5,5.0,32.3,9.5,No
STU102068,Tasmia Hasan,24.0,Male,Single,2.76,2.69,2,63.2,Yes,Yes,20953.0,High,58.1,7.0,63.3,2.6,Yes
STU102069,Mehedi Chowdhury,23.0,Male,Single,4.0,3.38,0,86.8,Yes,No,60913.0,High,,8.0,64.2,18.2,No
STU102070,Mehedi Sultana,28.0,Male,Single,2.61,2.43,1,75.7,Yes,Yes,12000.0,High,45.0,3.0,56.2,14.6,Yes
STU102071,Mim Akter,18.0,Male,Single,3.24,3.5,0,70.1,Yes,Yes,30155.0,Medium,79.1,3.0,76.2,22.0,No
STU102072,Sumaiya Chowdhury,19.0,Female,Single,3.18,2.71,1,73.1,Yes,Yes,133215.0,Low,74.4,6.0,62.1,9.9,No
STU102073,Jannat Chowdhury,24.0,Male,Single,3.25,3.43,0,97.5,Yes,No,39997.0,Medium,69.5,5.0,60.1,16.1,No
STU102074,Mahin Khan,18.0,Female,Single,3.21,3.37,0,73.7,Yes,Yes,29419.0,Medium,75.5,6.0,98.8,16.0,No
STU102075,Jannat Karim,18.0,Male,Single,2.88,2.88,0,82.6,Yes,No,153789.0,Low,77.1,4.0,93.6,12.7,No
STU102076,Shuvo Rahman,18.0,Male,Single,2.21,2.2,1,61.7,No,No,36038.0,High,61.8,5.0,62.8,4.0,Yes
STU102077,Raisa Chowdhury,25.0,Female,Single,3.07,2.8,2,89.2,Yes,No,134313.0,Low,48.6,4.0,64.5,3.9,No
STU102078,Mim Khan,21.0,Male,Single,2.99,3.2,0,89.9,Yes,No,38616.0,Medium,68.3,4.0,76.8,16.5,No
STU102079,Hasan Karim,21.0,Male,Single,3.06,3.15,0,75.7,Yes,No,74344.0,Medium,73.3,4.0,81.5,13.8,Yes
STU102080,Sumaiya Islam,19.0,Male,Single,3.25,3.11,0,84.8,Yes,No,158796.0,Low,77.3,6.0,76.2,15.0,No
STU102081,Hasan Ahmed,28.0,Male,Single,2.81,2.58,1,63.3,Yes,No,48852.0,Medium,87.5,9.0,87.3,8.6,No
STU102082,Tasmia Rahman,28.0,Male,Single,2.72,2.36,1,57.6,No,No,37275.0,Medium,65.1,5.0,77.3,5.2,Yes
STU102083,Sumaiya Akter,28.0,Male,Single,3.41,3.52,0,85.3,Yes,No,66683.0,Medium,77.9,3.0,85.8,8.1,No
STU102084,Shuvo Khan,18.0,Male,Single,2.85,2.79,0,73.5,Yes,Yes,26120.0,Low,65.9,8.0,45.2,3.2,No
STU102085,Sadia Chowdhury,27.0,Female,Single,2.78,2.72,1,78.6,Yes,No,90060.0,Low,63.5,3.0,64.6,13.2,No
STU102086,Tanvir Karim,26.0,Female,Single,2.74,2.27,3,52.1,Yes,Yes,31621.0,Medium,29.4,3.0,62.4,10.5,Yes
STU102087,Sumaiya Hossain,24.0,Male,Single,3.27,2.94,1,73.5,No,No,19270.0,High,64.3,5.0,73.1,10.7,No
STU102088,Raisa Karim,21.0,Male,Single,2.91,2.54,1,89.1,Yes,No,42643.0,High,92.6,6.0,66.7,10.6,No
STU102089,Hasan Chowdhury,23.0,Male,Single,4.0,4.0,0,100.0,No,No,35406.0,Medium,63.0,5.0,46.7,13.6,No
STU102090,Hasan Karim,19.0,Male,Single,3.03,3.08,0,97.7,Yes,Yes,12000.0,Medium,82.3,7.0,78.5,8.8,No
STU102091,Sakib Hossain,24.0,Male,Single,2.46,2.37,0,97.3,Yes,No,45385.0,Medium,98.1,7.0,60.7,8.1,No
STU102092,Mehedi Hasan,19.0,Female,Single,2.8,3.14,0,79.4,Yes,No,24742.0,High,97.2,9.0,89.9,20.4,No
STU102093,Mim Akter,27.0,Male,Single,3.29,3.58,0,61.7,No,No,35177.0,High,86.2,10.0,78.8,24.5,No
STU102094,Arafat Hossain,25.0,Female,Single,2.73,3.06,0,92.4,Yes,Yes,24708.0,Medium,80.7,8.0,67.4,8.2,No
STU102095,Mahin Hasan,25.0,Male,Single,2.99,2.92,0,71.3,No,No,64818.0,Medium,81.7,7.0,92.3,15.3,No
STU102096,Nabila Chowdhury,18.0,Female,Single,3.44,3.02,0,100.0,Yes,No,44699.0,Medium,86.1,6.0,76.5,18.4,No
STU102097,Nusrat Sultana,25.0,Female,Single,3.51,4.0,0,90.7,Yes,Yes,20232.0,Low,100.0,9.0,77.3,17.2,No
STU102098,Hasan Hasan,19.0,Female,Married,2.76,2.92,0,96.1,Yes,No,97978.0,Low,88.3,7.0,94.2,13.6,No
STU102099,Raisa Ahmed,23.0,Male,Single,2.88,3.05,0,81.0,No,No,53496.0,High,67.0,5.0,72.2,8.7,Yes
STU102100,Tanvir Sultana,18.0,Female,Single,3.04,3.25,2,71.9,Yes,Yes,34329.0,Medium,90.6,7.0,70.7,17.5,Yes
STU102101,Mariya Akter,22.0,Female,Single,3.6,4.0,0,96.5,Yes,No,29697.0,Medium,90.0,6.0,64.1,20.9,No
STU102102,Mariya Karim,28.0,Female,Single,2.51,2.47,0,82.2,No,No,43587.0,Medium,56.7,6.0,61.5,2.8,Yes
STU102103,Sumaiya Chowdhury,24.0,Male,Single,3.16,3.59,0,76.4,Yes,Yes,22473.0,Low,85.2,5.0,67.7,14.8,No
STU102104,Mahin Khan,27.0,Female,Single,3.02,2.77,0,79.8,Yes,Yes,93068.0,Low,82.4,6.0,86.0,10.0,No
STU102105,Adnan Hossain,18.0,Male,Married,2.6,2.84,0,75.5,Yes,No,84188.0,Low,70.5,7.0,53.2,17.0,No
STU102106,Tanjim Akter,19.0,Female,Single,3.56,4.0,0,91.8,Yes,No,37675.0,Medium,93.1,9.0,96.9,19.5,No
STU102107,Sumaiya Hasan,24.0,Female,Single,3.45,3.43,0,85.1,Yes,No,36343.0,Medium,100.0,7.0,100.0,15.2,No
STU102108,Fahim Chowdhury,23.0,Male,Single,3.69,3.12,0,84.2,Yes,Yes,27693.0,Medium,75.5,7.0,71.5,17.0,No
STU102109,Sadia Karim,20.0,Male,Single,3.53,3.7,0,87.7,Yes,No,52254.0,Low,95.4,9.0,93.9,10.4,No
STU102110,Adnan Ahmed,27.0,Male,Single,3.0,2.94,0,78.3,Yes,No,52488.0,High,87.9,7.0,93.1,6.8,No
STU102111,Adnan Hossain,19.0,Female,Single,3.28,3.53,0,89.5,Yes,No,66749.0,Medium,75.7,8.0,64.8,21.3,No
STU102112,Arafat Chowdhury,27.0,Male,Single,3.15,3.01,0,75.2,Yes,No,52805.0,Medium,73.0,6.0,78.4,10.5,No
STU102113,Mim Karim,21.0,Male,Single,2.59,3.31,0,99.3,Yes,No,27592.0,High,100.0,6.0,96.5,12.7,Yes
STU102114,Adnan Sultana,20.0,Male,Single,2.41,2.44,1,74.4,Yes,Yes,30236.0,Medium,75.8,5.0,62.1,7.4,No
STU102115,Tanjim Khan,24.0,Female,Single,3.17,3.4,0,,Yes,No,48805.0,Medium,77.8,6.0,87.2,22.5,No
STU102116,Hasan Chowdhury,25.0,Male,Single,3.04,2.74,1,72.1,Yes,Yes,30756.0,Low,62.0,7.0,69.8,13.6,No
STU102117,Nabila Khan,19.0,Female,Single,2.85,2.5,0,74.1,Yes,No,96166.0,Medium,23.6,1.0,57.4,1.0,No
STU102118,Nusrat Ahmed,27.0,Male,Married,2.96,2.57,1,83.9,Yes,Yes,44601.0,Medium,80.3,6.0,81.3,10.3,No
STU102119,Shuvo Rahman,24.0,Female,Single,3.8,3.41,0,92.1,Yes,No,20394.0,Medium,90.7,9.0,97.0,12.4,No
STU102120,Nusrat Hasan,25.0,Female,Single,2.02,2.22,0,74.7,Yes,Yes,42809.0,Medium,42.7,4.0,59.4,11.2,Yes
STU102121,Mim Sultana,23.0,Male,Married,3.29,3.11,0,66.8,Yes,Yes,40422.0,High,80.2,7.0,70.3,8.7,No
STU102122,Sakib Rahman,23.0,Male,Single,3.38,3.0,2,71.3,No,No,94858.0,Medium,66.1,6.0,60.0,11.8,Yes
STU102123,Mehedi Islam,27.0,Female,Single,3.44,3.23,0,83.0,No,No,46132.0,High,86.6,7.0,74.3,13.0,No
STU102124,Sumaiya Karim,18.0,Male,Single,2.38,2.59,2,66.6,Yes,Yes,62493.0,Low,64.4,4.0,56.8,8.0,No
STU102125,Sakib Chowdhury,21.0,Male,Single,2.87,3.07,0,71.1,Yes,No,41485.0,High,70.6,4.0,81.8,13.4,No
STU102126,Arafat Hasan,18.0,Female,Married,2.85,3.14,0,90.8,No,No,79095.0,Medium,64.5,6.0,66.7,16.8,Yes
STU102127,Sumaiya Sultana,21.0,Female,Single,3.13,3.05,0,80.8,Yes,Yes,93126.0,Low,68.9,7.0,72.0,9.3,No
STU102128,Rakib Akter,19.0,Female,Single,2.49,3.09,2,93.0,Yes,Yes,27276.0,High,66.2,6.0,38.9,5.9,No
STU102129,Tanvir Ahmed,28.0,Male,Single,3.17,3.49,0,84.5,Yes,Yes,32594.0,Low,60.8,6.0,68.4,15.5,No
STU102130,Mariya Ahmed,22.0,Male,Single,2.6,2.25,1,74.6,No,No,40069.0,High,60.6,6.0,64.9,3.1,No
STU102131,Nusrat Hossain,27.0,Male,Single,2.87,3.11,0,77.6,Yes,No,74717.0,Medium,83.9,6.0,80.4,15.2,No
STU102132,Sadia Hasan,26.0,Female,Single,3.61,3.61,0,100.0,Yes,No,31593.0,High,78.7,5.0,53.8,15.0,No
STU102133,Arafat Ahmed,28.0,Female,Single,3.38,3.33,0,81.9,Yes,Yes,13255.0,High,83.2,8.0,71.6,10.7,No
STU102134,Tanjim Karim,27.0,Female,Single,3.06,3.06,0,80.6,Yes,No,70239.0,Medium,83.0,6.0,59.0,8.9,No
STU102135,Mim Akter,20.0,Male,Married,2.37,2.17,1,63.8,Yes,No,29413.0,High,62.8,6.0,55.9,9.5,Yes
STU102136,Fahim Karim,25.0,Female,Single,3.15,3.45,0,89.0,Yes,No,37464.0,Medium,74.0,3.0,70.8,13.7,No
STU102137,Adnan Chowdhury,20.0,Male,Single,3.18,3.01,0,79.1,Yes,No,36363.0,Medium,100.0,10.0,87.9,10.2,No
STU102138,Tanvir Rahman,23.0,Male,Single,2.06,1.89,1,61.4,No,No,14333.0,High,51.5,4.0,53.6,4.0,Yes
STU102139,Fahim Ahmed,21.0,Female,Single,3.16,3.39,0,84.7,Yes,Yes,23548.0,Medium,66.5,3.0,65.1,10.2,No
STU102140,Jannat Sultana,25.0,Male,Single,2.52,3.17,0,89.9,Yes,Yes,72092.0,Medium,75.4,8.0,70.2,14.0,No
STU102141,Nabila Khan,28.0,Female,Single,2.33,2.19,1,87.3,Yes,No,44104.0,High,45.6,4.0,39.1,7.0,No
STU102142,Tanjim Rahman,23.0,Female,Married,2.5,2.12,2,71.1,Yes,Yes,76146.0,Low,48.2,5.0,44.6,4.7,No
STU102143,Nusrat Hossain,25.0,Female,Single,2.03,2.37,2,66.0,Yes,Yes,109539.0,Medium,69.5,8.0,73.5,5.3,No
STU102144,Rakib Hossain,18.0,Female,Single,2.82,2.88,0,85.1,Yes,No,18332.0,High,81.6,6.0,92.1,7.4,No
STU102145,Nabila Sultana,23.0,Female,Single,2.55,2.7,0,78.3,Yes,No,37504.0,Medium,89.9,9.0,80.3,12.3,No
STU102146,Fahim Sultana,18.0,Male,Single,3.51,3.52,0,86.7,No,No,42347.0,Medium,85.7,5.0,84.7,11.9,No
STU102147,Mehedi Khan,18.0,Male,Single,2.84,3.02,0,82.1,No,No,103434.0,Low,90.8,8.0,77.6,11.0,No
STU102148,Nabila Islam,25.0,Male,Single,2.68,2.79,0,84.4,Yes,No,24842.0,Medium,58.3,6.0,56.9,9.8,No
STU102149,Rakib Karim,24.0,Male,Single,2.28,2.13,1,77.4,Yes,Yes,53906.0,Low,45.9,6.0,46.5,6.6,No
STU102150,Sakib Hasan,20.0,Female,Single,2.81,3.02,0,81.7,Yes,No,91219.0,High,80.7,,100.0,18.8,No
STU102151,Fahim Chowdhury,23.0,Female,Single,3.61,3.76,0,100.0,Yes,No,73431.0,Low,100.0,5.0,75.4,14.8,No
STU102152,Adnan Islam,26.0,Male,Single,3.7,3.58,0,94.9,Yes,Yes,59615.0,Low,96.8,10.0,92.5,14.3,No
STU102153,Arafat Khan,24.0,Male,Single,2.84,2.78,0,61.6,Yes,No,30337.0,High,51.9,6.0,46.0,2.1,No
STU102154,Tasmia Islam,20.0,Male,Single,2.97,2.73,0,76.7,Yes,No,81852.0,Low,89.0,7.0,100.0,12.3,No
STU102155,Adnan Hasan,23.0,Female,Single,3.32,3.45,0,85.5,Yes,No,18601.0,Medium,56.1,6.0,74.4,8.4,No
STU102156,Hasan Hossain,28.0,Female,Single,2.54,2.68,0,84.9,Yes,No,59294.0,Medium,92.5,6.0,85.5,15.2,No
STU102157,Adnan Hossain,21.0,Female,Single,3.17,3.15,1,96.7,Yes,No,17357.0,Medium,62.7,6.0,83.7,12.5,No
STU102158,Tanvir Khan,20.0,Male,Single,4.0,3.66,0,80.8,Yes,Yes,120228.0,Low,100.0,6.0,89.8,12.3,No
STU102159,Raisa Rahman,26.0,Male,Single,3.34,2.74,2,84.3,Yes,No,23936.0,Medium,57.7,5.0,67.4,7.9,No
STU102160,Tanvir Akter,,Female,Single,3.33,3.26,0,85.9,Yes,Yes,34914.0,High,82.1,5.0,91.8,14.0,No
STU102161,Mim Rahman,19.0,Female,Single,3.6,3.68,0,90.4,Yes,No,112521.0,Low,85.6,9.0,77.2,20.9,No
STU102162,Shuvo Karim,18.0,Male,Single,3.41,3.6,0,97.5,No,No,57597.0,High,69.9,6.0,70.4,16.6,Yes
STU102163,Arafat Sultana,19.0,Female,Single,2.89,3.23,0,68.8,Yes,No,30179.0,Medium,74.8,5.0,74.6,10.1,No
STU102164,Tasmia Khan,24.0,Male,Single,2.47,2.36,0,81.7,Yes,Yes,48075.0,Low,53.4,4.0,49.0,14.6,Yes
STU102165,Tanjim Hasan,27.0,Female,Single,2.94,2.47,0,92.6,Yes,No,52845.0,Medium,65.6,8.0,64.0,4.4,Yes
STU102166,Nusrat Hossain,18.0,Female,Single,2.56,2.41,0,67.8,Yes,No,56783.0,Medium,94.9,7.0,78.5,17.4,No
STU102167,Sadia Sultana,23.0,Female,Single,2.87,3.53,0,86.2,No,No,40084.0,Medium,85.6,9.0,90.0,15.8,No
STU102168,Sumaiya Islam,24.0,Male,Single,2.61,3.1,0,88.9,Yes,No,37693.0,Medium,74.5,6.0,59.3,7.4,No
STU102169,Arafat Sultana,26.0,Male,Single,2.82,2.95,0,64.0,Yes,Yes,65680.0,Medium,78.4,7.0,84.5,9.2,No
STU102170,Sadia Chowdhury,25.0,Female,Single,2.33,2.2,3,69.6,Yes,No,39153.0,Medium,56.6,5.0,58.6,6.5,No
STU102171,Sumaiya Hossain,23.0,Female,Single,2.69,2.66,0,76.9,No,Yes,24929.0,Medium,57.2,3.0,45.9,14.5,No
STU102172,Mahin Khan,20.0,Female,Single,3.18,3.7,0,100.0,Yes,No,37829.0,Medium,77.0,8.0,82.7,12.5,No
STU102173,Arafat Rahman,25.0,Female,Single,3.3,3.36,0,78.2,Yes,No,44510.0,Medium,94.0,8.0,91.5,13.3,No
STU102174,Shuvo Islam,24.0,Male,Single,3.2,3.08,0,82.3,Yes,No,54426.0,Medium,80.1,6.0,69.9,8.8,No
STU102175,Nusrat Sultana,20.0,Female,Single,2.83,3.23,0,76.6,Yes,No,50119.0,Medium,100.0,8.0,86.5,12.5,No
STU102176,Arafat Hasan,26.0,Female,Single,3.06,2.47,0,76.7,Yes,Yes,21772.0,Medium,44.3,5.0,45.2,4.5,No
STU102177,Mariya Rahman,19.0,Male,Single,3.87,3.57,0,80.1,Yes,No,59194.0,Medium,97.1,7.0,100.0,13.8,No
STU102178,Arafat Rahman,20.0,Female,Single,2.68,2.43,1,71.0,Yes,No,40126.0,Medium,67.1,5.0,64.4,9.0,Yes
STU102179,Jannat Akter,19.0,Male,Married,3.72,4.0,0,79.7,No,No,33034.0,High,74.4,5.0,72.9,13.7,No
STU102180,Fahim Hossain,18.0,Male,Single,2.35,2.18,0,69.2,Yes,No,75283.0,Medium,66.9,5.0,71.1,7.7,Yes
STU102181,Tanjim Hasan,21.0,Male,Single,2.23,1.7,1,61.8,Yes,No,30234.0,High,33.0,5.0,53.5,8.5,Yes
STU102182,Sakib Hasan,22.0,Female,Single,2.93,2.73,0,75.7,Yes,Yes,120110.0,Low,75.8,5.0,78.7,5.8,No
STU102183,Nabila Rahman,23.0,Female,Single,2.98,2.84,0,79.7,Yes,Yes,113847.0,Low,85.9,6.0,80.4,15.2,No
STU102184,Mahin Akter,22.0,Female,Single,2.49,2.47,1,48.6,Yes,No,78350.0,Medium,51.4,4.0,53.3,2.3,No
STU102185,Adnan Khan,18.0,Male,Single,2.85,2.89,0,82.4,Yes,Yes,31083.0,Medium,70.6,5.0,75.0,10.6,Yes
STU102186,Mariya Khan,20.0,Male,Married,3.18,3.47,0,96.9,Yes,No,61685.0,Low,76.0,7.0,81.0,15.9,No
STU102187,Adnan Khan,18.0,Male,Single,2.56,2.47,0,84.5,Yes,No,52166.0,Medium,82.8,6.0,85.4,10.3,No
STU102188,Tanvir Karim,28.0,Male,Single,3.46,3.28,0,76.5,No,No,30260.0,Medium,79.3,6.0,82.5,16.2,No
STU102189,Tanjim Sultana,22.0,Female,Married,3.51,3.52,0,95.4,Yes,No,81027.0,Medium,82.0,7.0,79.5,11.4,No
STU102190,Tanvir Hossain,22.0,Female,Married,3.56,3.63,0,79.8,Yes,No,44993.0,High,99.7,9.0,96.6,17.0,No
STU102191,Jannat Chowdhury,28.0,Male,Single,2.59,2.41,0,79.9,No,Yes,12000.0,Medium,82.4,8.0,62.3,6.0,No
STU102192,Raisa Chowdhury,23.0,Female,Single,2.65,2.14,2,47.4,Yes,No,101456.0,Low,45.2,4.0,33.5,4.8,No
STU102193,Tanjim Rahman,25.0,Female,Single,2.92,2.78,0,85.7,Yes,No,103222.0,Medium,75.3,7.0,51.5,15.2,No
STU102194,Shuvo Hossain,27.0,Male,Single,2.88,3.12,0,83.0,Yes,Yes,43443.0,Medium,90.1,7.0,85.3,18.7,No
STU102195,Mahin Hasan,18.0,Female,Single,2.85,2.83,0,81.9,No,No,63300.0,High,73.5,5.0,96.4,14.3,No
STU102196,Hasan Karim,21.0,Female,Single,3.34,3.71,0,87.9,Yes,No,54399.0,Medium,69.2,3.0,83.5,16.8,No
STU102197,Mehedi Hasan,27.0,Female,Married,3.28,3.43,0,100.0,Yes,Yes,34644.0,Medium,89.2,7.0,78.1,16.4,No
STU102198,Tanjim Hossain,28.0,Male,Single,2.61,2.45,1,82.4,Yes,No,195354.0,Low,73.5,6.0,71.0,9.2,Yes
STU102199,Sadia Hasan,18.0,Female,Single,2.49,2.93,0,87.9,Yes,Yes,32046.0,Medium,91.8,8.0,72.9,17.2,No
STU102200,Nabila Sultana,26.0,Female,Single,2.44,2.18,0,80.5,No,No,46288.0,High,85.6,9.0,93.9,1.0,No
STU102201,Mim Akter,28.0,Male,Single,2.6,2.1,2,86.9,No,No,24327.0,Medium,82.5,5.0,72.2,6.7,No
STU102202,Nusrat Sultana,24.0,Male,Single,3.38,3.48,0,83.6,Yes,Yes,72076.0,Low,78.3,4.0,71.4,15.7,No
STU102203,Sakib Chowdhury,24.0,Male,Single,3.06,2.83,0,68.1,Yes,No,65850.0,Medium,69.2,4.0,64.2,6.8,Yes
STU102204,Sakib Karim,22.0,Female,Single,3.42,3.4,0,100.0,Yes,Yes,72265.0,Low,66.4,6.0,72.2,3.8,No
STU102205,Arafat Rahman,24.0,Male,Single,2.23,1.91,2,63.0,No,No,23001.0,Medium,39.6,4.0,31.8,1.0,Yes
STU102206,Tanjim Karim,19.0,Female,Single,3.12,3.12,0,87.5,Yes,No,52377.0,Medium,58.7,5.0,55.9,17.1,No
STU102207,Mim Khan,21.0,Male,Single,3.12,3.26,0,88.8,Yes,Yes,55883.0,Medium,99.2,7.0,97.9,25.0,No
STU102208,Tasmia Hasan,24.0,Male,Single,3.54,3.73,0,81.2,Yes,Yes,21818.0,Low,84.1,8.0,53.5,6.9,No
STU102209,Jannat Karim,20.0,Male,Single,2.82,2.47,0,65.1,Yes,No,55776.0,Medium,65.5,6.0,50.9,11.6,No
STU102210,Fahim Karim,19.0,Male,Single,2.78,2.38,1,83.6,Yes,Yes,31526.0,Medium,74.3,4.0,81.9,7.3,No
STU102211,Adnan Rahman,27.0,Male,Single,3.68,3.8,0,99.8,Yes,No,38192.0,Medium,91.8,6.0,96.9,15.6,No
STU102212,Mariya Karim,19.0,Female,Single,2.92,2.81,0,86.2,Yes,No,61829.0,High,76.8,8.0,87.8,6.5,No
STU102213,Nusrat Ahmed,18.0,Male,Single,3.08,2.91,0,84.9,Yes,Yes,50197.0,Medium,71.4,5.0,71.2,11.7,No
STU102214,Nusrat Sultana,22.0,Male,Single,3.21,3.18,1,67.8,No,No,29903.0,High,72.5,7.0,71.6,2.6,Yes
STU102215,Hasan Rahman,23.0,Male,Single,2.25,2.2,3,63.6,Yes,Yes,24112.0,Medium,63.0,6.0,68.1,8.4,Yes
STU102216,Tanvir Islam,,Female,Single,3.02,3.13,0,,Yes,No,41113.0,Low,100.0,9.0,82.0,22.6,No
STU102217,Nabila Chowdhury,26.0,Female,Single,2.44,2.59,0,71.7,Yes,No,50907.0,Medium,58.8,7.0,61.9,6.8,No
STU102218,Tanvir Sultana,21.0,Female,Single,2.96,3.26,0,85.2,Yes,Yes,45356.0,Low,92.4,6.0,67.9,8.4,No
STU102219,Sakib Karim,18.0,Female,Single,2.87,2.79,1,81.5,Yes,No,41982.0,High,53.1,7.0,46.3,3.0,No
STU102220,Hasan Khan,23.0,Male,Single,2.77,3.07,0,87.2,Yes,No,39644.0,Medium,62.4,4.0,70.5,10.0,No
STU102221,Mim Karim,22.0,Male,Single,3.28,3.46,0,76.4,Yes,No,99145.0,Medium,73.7,7.0,70.9,8.9,Yes
STU102222,Hasan Hossain,27.0,Male,Single,3.04,3.31,0,83.4,Yes,No,49931.0,Low,73.5,5.0,65.4,13.3,No
STU102223,Mariya Rahman,23.0,Male,Single,2.52,2.19,0,83.1,Yes,No,50304.0,High,61.5,2.0,81.1,9.1,No
STU102224,Mariya Hasan,20.0,Female,Single,2.51,2.48,2,88.5,Yes,Yes,39858.0,Medium,59.5,8.0,49.4,5.4,No
STU102225,Raisa Rahman,19.0,Male,Married,3.38,3.95,0,87.6,Yes,No,35601.0,Medium,95.6,7.0,79.6,17.6,No
STU102226,Mariya Ahmed,23.0,Male,Single,2.98,2.57,2,76.3,Yes,No,126721.0,Low,76.9,7.0,68.6,11.1,No
STU102227,Mim Hasan,18.0,Male,Single,2.36,2.9,0,70.7,Yes,No,61340.0,Medium,92.5,7.0,81.2,11.2,No
STU102228,Rakib Hossain,24.0,Female,Single,2.81,3.34,0,82.5,Yes,No,69000.0,Medium,88.5,8.0,77.8,20.2,No
STU102229,Raisa Rahman,24.0,Female,Single,2.93,3.15,0,78.7,Yes,Yes,28966.0,Medium,91.6,6.0,68.6,17.0,No
STU102230,Nabila Hasan,27.0,Male,Single,2.44,2.04,4,79.8,No,No,77521.0,Medium,37.1,3.0,45.7,2.5,Yes
STU102231,Nabila Chowdhury,24.0,Male,Single,2.71,2.65,0,85.8,Yes,Yes,25927.0,High,82.5,7.0,76.6,10.8,No
STU102232,Tanvir Khan,28.0,Female,Single,3.41,3.65,0,88.0,Yes,No,54062.0,Medium,78.7,6.0,80.0,16.9,No
STU102233,Jannat Ahmed,27.0,Female,Single,4.0,3.6,0,69.7,Yes,No,47812.0,High,92.6,6.0,84.2,20.7,No
STU102234,Sadia Sultana,18.0,Male,Single,3.14,3.34,0,87.5,Yes,Yes,93122.0,Low,86.7,7.0,100.0,14.3,No
STU102235,Mariya Hasan,21.0,Male,Single,2.39,2.42,2,74.2,Yes,Yes,34236.0,Low,61.6,6.0,73.2,9.9,No
STU102236,Nabila Hossain,24.0,Female,Single,2.9,2.73,1,74.8,Yes,No,61201.0,Medium,57.6,5.0,47.7,11.5,No
STU102237,Tanjim Karim,28.0,Female,Single,3.05,2.72,2,74.2,Yes,No,55844.0,Medium,54.3,4.0,82.7,1.7,No
STU102238,Arafat Hasan,26.0,Male,Single,3.35,3.79,0,100.0,Yes,Yes,29498.0,Medium,73.5,6.0,67.6,21.4,No
STU102239,Rakib Khan,22.0,Female,Single,3.36,3.6,0,95.3,Yes,No,60457.0,Medium,80.3,8.0,69.4,14.8,No
STU102240,Nabila Karim,19.0,Female,Single,3.61,3.56,0,78.5,Yes,No,41438.0,Medium,72.2,5.0,65.5,10.1,Yes
STU102241,Arafat Hasan,24.0,Female,Single,3.0,3.01,0,99.6,Yes,No,43973.0,Medium,72.5,4.0,66.2,16.0,No
STU102242,Raisa Akter,27.0,Female,Single,3.01,2.93,1,71.3,No,No,36745.0,High,62.4,5.0,55.6,9.9,No
STU102243,Sumaiya Chowdhury,18.0,Female,Single,2.15,1.61,3,76.4,Yes,No,46517.0,Medium,71.0,6.0,67.3,1.0,Yes
STU102244,Mahin Ahmed,24.0,Male,Single,2.54,2.93,1,71.9,Yes,No,46057.0,Medium,86.3,7.0,84.0,15.0,Yes
STU102245,Arafat Khan,23.0,Female,Single,2.39,2.45,2,70.3,Yes,Yes,60220.0,Low,74.5,6.0,64.9,7.3,Yes
STU102246,Rakib Chowdhury,24.0,Male,Single,2.62,2.91,0,62.3,No,No,53698.0,Medium,61.5,6.0,58.3,10.5,Yes
STU102247,Mariya Khan,27.0,Female,Single,2.48,2.35,2,75.5,Yes,No,73016.0,Medium,58.0,5.0,59.8,7.9,No
STU102248,Mim Hossain,20.0,Male,Single,2.51,2.54,2,54.7,Yes,Yes,70872.0,Medium,47.7,4.0,51.3,1.0,Yes
STU102249,Tasmia Islam,20.0,Female,Single,3.49,3.59,0,88.6,Yes,Yes,102708.0,Low,70.7,6.0,50.8,16.5,No
STU102250,Jannat Khan,24.0,Male,Single,2.13,2.44,0,73.6,Yes,Yes,65622.0,Low,66.1,3.0,77.0,12.2,No
STU102251,Tanjim Karim,19.0,Male,Single,2.91,3.45,0,81.8,No,Yes,48706.0,Low,84.1,6.0,75.5,15.6,No
STU102252,Mariya Rahman,18.0,Male,Single,3.39,3.28,1,84.8,No,No,83901.0,Medium,89.3,6.0,90.5,14.1,No
STU102253,Raisa Hasan,26.0,Female,Single,2.86,2.76,0,87.5,Yes,No,48225.0,High,76.2,6.0,60.1,17.0,Yes
STU102254,Tanjim Hossain,26.0,Female,Single,3.6,,0,98.0,Yes,Yes,52776.0,Medium,58.8,4.0,65.6,7.6,No
STU102255,Mehedi Khan,24.0,Female,Single,2.73,2.55,0,67.9,Yes,Yes,12000.0,Medium,55.2,5.0,72.4,11.1,No
STU102256,Sakib Chowdhury,24.0,Male,Single,3.79,4.0,0,87.2,Yes,No,27429.0,High,82.9,6.0,88.8,19.1,No
STU102257,Shuvo Chowdhury,20.0,Male,Single,2.29,1.79,1,68.9,Yes,No,66117.0,Medium,32.6,2.0,43.8,1.0,Yes
STU102258,Tanvir Akter,27.0,Female,Single,3.6,4.0,0,95.4,Yes,No,94107.0,Low,85.6,6.0,62.5,17.8,No
STU102259,Tanjim Islam,19.0,Female,Single,2.6,2.79,0,85.6,No,No,60512.0,Medium,85.4,7.0,81.2,15.1,No
STU102260,Sadia Chowdhury,28.0,Female,Single,3.65,3.63,0,79.4,Yes,No,62882.0,Medium,75.8,8.0,63.8,17.8,No
STU102261,Sadia Ahmed,24.0,Female,Single,2.79,2.54,0,89.1,Yes,No,65149.0,Medium,81.6,9.0,68.8,9.7,No
STU102262,Rakib Karim,26.0,Female,Married,3.5,3.48,0,89.6,No,No,45913.0,High,85.2,7.0,67.2,12.7,No
STU102263,Tanvir Chowdhury,18.0,Male,Single,3.57,3.4,0,100.0,Yes,No,26868.0,Medium,97.7,9.0,100.0,16.2,No
STU102264,Tasmia Chowdhury,21.0,Female,Single,2.74,3.15,0,86.1,Yes,Yes,63994.0,Medium,61.7,7.0,59.8,11.5,No
STU102265,Mim Islam,23.0,Female,Single,3.46,3.65,0,69.2,Yes,Yes,22779.0,Low,84.6,8.0,79.6,17.7,No
STU102266,Arafat Rahman,24.0,Female,Single,2.99,3.49,0,78.5,Yes,No,58980.0,Low,72.0,5.0,58.4,11.7,No
STU102267,Mehedi Akter,27.0,Female,Single,2.34,2.25,0,74.6,Yes,No,98257.0,Medium,79.7,7.0,87.6,8.2,No
STU102268,Mim Rahman,24.0,Male,Single,3.23,3.27,0,76.6,Yes,No,52729.0,Medium,61.7,4.0,67.5,16.5,No
STU102269,Mehedi Ahmed,27.0,Male,Single,2.54,2.51,1,67.2,Yes,Yes,60077.0,Low,73.8,7.0,84.8,13.7,No
STU102270,Jannat Islam,19.0,Male,Single,2.71,2.59,1,92.9,No,No,81892.0,Medium,70.7,6.0,58.6,5.2,Yes
STU102271,Tanvir Hasan,21.0,Male,Single,2.6,2.29,2,59.1,Yes,Yes,41519.0,Medium,55.1,5.0,56.2,1.0,No
STU102272,Fahim Karim,22.0,Female,Single,3.17,3.39,0,80.3,Yes,No,102341.0,Medium,81.3,,69.3,6.0,No
STU102273,Mahin Khan,18.0,Female,Single,2.56,2.66,0,79.9,Yes,No,79019.0,Medium,49.6,7.0,52.7,7.3,Yes
STU102274,Rakib Sultana,,Male,Single,2.45,2.43,0,65.6,No,Yes,48511.0,Medium,70.9,7.0,80.2,16.0,Yes
STU102275,Hasan Sultana,27.0,Male,Single,2.53,2.68,0,78.0,Yes,No,13442.0,High,68.2,9.0,70.8,12.3,Yes
STU102276,Tasmia Hossain,,Female,Single,2.68,2.56,1,54.2,Yes,No,42546.0,Medium,72.6,5.0,59.0,12.5,Yes
STU102277,Tasmia Ahmed,27.0,Female,Married,3.22,3.23,0,78.9,Yes,Yes,42284.0,Medium,84.3,6.0,58.7,14.2,Yes
STU102278,Tasmia Hasan,20.0,Male,Single,3.41,3.67,0,77.3,Yes,Yes,53790.0,Low,92.9,7.0,83.1,19.3,No
STU102279,Fahim Islam,25.0,Female,Single,3.4,3.7,0,84.9,Yes,Yes,100436.0,Low,83.1,6.0,74.1,14.3,No
STU102280,Sadia Islam,26.0,Male,Single,2.98,3.44,0,85.0,Yes,Yes,78869.0,Low,88.8,8.0,94.5,16.0,No
STU102281,Adnan Rahman,28.0,Male,Single,2.97,2.64,0,91.3,No,No,50958.0,High,83.7,6.0,92.8,13.3,Yes
STU102282,Adnan Karim,18.0,Male,Single,2.92,2.63,0,73.5,No,No,39131.0,Medium,80.9,6.0,82.6,15.9,No
STU102283,Rakib Karim,28.0,Male,Single,3.2,2.85,0,100.0,Yes,Yes,16435.0,Medium,90.7,5.0,88.4,14.4,No
STU102284,Mariya Chowdhury,19.0,Male,Single,3.5,3.31,0,86.4,Yes,Yes,68635.0,Low,95.5,7.0,77.6,15.0,No
STU102285,Nusrat Islam,27.0,Female,Single,2.93,2.83,1,69.2,Yes,Yes,54999.0,Medium,56.2,7.0,63.9,5.2,No
STU102286,Sadia Islam,19.0,Female,Single,3.24,3.37,0,,Yes,No,78984.0,Medium,80.7,7.0,85.6,13.2,No
STU102287,Sadia Akter,21.0,Male,Single,2.44,2.79,0,91.4,Yes,Yes,55399.0,Medium,71.9,9.0,68.7,12.8,No
STU102288,Raisa Karim,19.0,Male,Single,3.38,3.27,0,74.5,Yes,Yes,33073.0,High,81.1,8.0,86.9,12.9,No
STU102289,Fahim Hasan,24.0,Male,Single,3.1,3.27,0,100.0,Yes,Yes,59493.0,Low,82.7,8.0,74.4,9.9,No
STU102290,Sumaiya Hasan,26.0,Female,Single,2.54,2.92,0,86.1,Yes,Yes,54525.0,Low,67.5,9.0,68.5,13.7,No
STU102291,Nabila Khan,24.0,Female,Single,3.48,3.34,0,74.5,Yes,No,78526.0,Low,71.0,7.0,79.7,13.4,No
STU102292,Mahin Ahmed,23.0,Male,Single,2.44,2.36,2,66.2,Yes,Yes,39181.0,Low,53.0,3.0,38.1,2.9,Yes
STU102293,Shuvo Ahmed,27.0,Male,Married,1.98,2.0,2,64.2,No,No,32434.0,High,46.4,6.0,46.2,1.0,Yes
STU102294,Mahin Ahmed,18.0,Female,Single,3.38,2.88,1,88.0,Yes,No,50043.0,Medium,61.1,6.0,91.7,10.0,No
STU102295,Nusrat Karim,28.0,Female,Single,3.17,3.33,0,74.0,Yes,No,44507.0,Medium,76.6,6.0,55.7,12.3,No
STU102296,Tasmia Hasan,27.0,Male,Single,2.46,2.09,1,85.6,Yes,Yes,34052.0,Low,63.5,4.0,76.2,16.1,No
STU102297,Rakib Ahmed,26.0,Female,Single,3.16,3.4,0,95.4,No,No,33771.0,High,77.3,7.0,66.7,19.8,No
STU102298,Mehedi Rahman,22.0,Female,Single,3.53,3.4,0,100.0,Yes,No,91416.0,Low,80.5,6.0,65.1,10.1,No
STU102299,Sakib Islam,28.0,Male,Single,3.12,2.96,0,82.2,Yes,No,44348.0,Medium,92.1,7.0,77.4,17.9,No
STU102300,Rakib Islam,22.0,Male,Single,4.0,3.71,0,98.8,Yes,No,86348.0,Medium,70.1,9.0,52.0,15.8,Yes
STU102301,Mahin Karim,23.0,Male,Single,2.62,2.78,0,78.1,Yes,No,149773.0,Low,73.0,8.0,62.9,15.1,No
STU102302,Sadia Khan,26.0,Female,Single,1.99,2.15,2,78.4,No,No,41407.0,Medium,76.6,4.0,81.8,17.3,No
STU102303,Nabila Karim,25.0,Female,Single,2.37,2.23,1,73.6,Yes,No,31761.0,Medium,56.0,9.0,76.2,4.2,No
STU102304,Rakib Hasan,25.0,Female,Married,1.97,2.51,1,91.3,Yes,No,26834.0,High,79.3,7.0,60.6,7.4,Yes
STU102305,Jannat Hossain,25.0,Female,Single,3.96,3.97,0,92.2,Yes,No,85261.0,Low,71.8,7.0,68.9,13.0,No
STU102306,Tasmia Karim,18.0,Female,Single,3.0,2.99,0,74.3,Yes,No,43749.0,High,51.4,6.0,64.7,14.0,No
STU102307,Rakib Karim,18.0,Female,Single,3.87,3.89,0,100.0,Yes,No,49901.0,Medium,92.5,9.0,91.7,21.1,No
STU102308,Mehedi Islam,25.0,Female,Single,2.84,2.64,1,78.0,Yes,No,38857.0,High,55.4,6.0,76.3,15.3,No
STU102309,Fahim Khan,22.0,Male,Single,2.59,2.29,3,62.5,Yes,No,44718.0,Medium,55.9,4.0,49.1,7.5,Yes
STU102310,Sadia Chowdhury,26.0,Male,Single,2.22,2.11,1,66.6,Yes,No,200147.0,Low,60.0,6.0,62.2,1.0,No
STU102311,Tasmia Karim,19.0,Female,Single,2.82,3.01,0,74.1,Yes,Yes,33438.0,Low,94.7,9.0,69.1,19.5,No
STU102312,Mehedi Islam,26.0,Female,Single,3.38,2.82,2,61.7,No,No,15455.0,Medium,66.9,8.0,56.7,10.4,Yes
STU102313,Mehedi Karim,25.0,Male,Single,2.9,2.45,1,70.8,Yes,Yes,45644.0,Low,59.2,4.0,56.4,6.5,No
STU102314,Mehedi Akter,26.0,Female,Single,2.28,2.1,2,70.6,Yes,No,35236.0,High,59.1,7.0,50.2,1.4,No
STU102315,Jannat Sultana,21.0,Female,Single,3.29,2.76,1,73.6,No,No,68972.0,Medium,64.5,7.0,70.8,13.2,Yes
STU102316,Sumaiya Islam,18.0,Male,Single,3.38,2.95,0,47.6,Yes,No,47202.0,Medium,47.3,3.0,83.0,4.5,Yes
STU102317,Adnan Rahman,18.0,Female,Single,2.76,3.0,1,65.2,Yes,Yes,88456.0,Low,75.0,7.0,56.7,18.7,No
STU102318,Tanvir Karim,22.0,Male,Single,2.71,2.57,0,87.1,Yes,Yes,15395.0,Medium,78.9,6.0,73.0,10.2,Yes
STU102319,Mim Khan,19.0,Female,Single,2.23,1.98,1,69.8,Yes,No,64593.0,Medium,46.7,4.0,53.4,1.0,Yes
STU102320,Mariya Ahmed,25.0,Male,Single,3.28,3.32,0,69.2,Yes,No,100295.0,Medium,93.8,6.0,100.0,16.5,No
STU102321,Mahin Ahmed,27.0,Female,Single,2.79,2.83,0,77.4,No,No,37930.0,High,63.8,5.0,63.1,11.6,Yes
STU102322,Nusrat Rahman,28.0,Male,Single,1.79,2.14,2,70.3,No,No,37623.0,Medium,75.2,7.0,68.6,5.5,Yes
STU102323,Sumaiya Karim,22.0,Male,Single,2.33,1.8,2,75.0,Yes,No,36897.0,Medium,49.5,1.0,53.8,10.1,No
STU102324,Tasmia Sultana,22.0,Female,Single,3.25,2.98,0,75.6,No,Yes,34893.0,Medium,53.3,3.0,73.1,14.9,Yes
STU102325,Mahin Sultana,19.0,Male,Single,2.85,2.67,2,79.0,Yes,Yes,86197.0,Low,85.2,6.0,85.4,4.1,No
STU102326,Sadia Hossain,24.0,Male,Single,2.49,2.61,1,75.7,Yes,Yes,28250.0,Medium,77.4,8.0,65.8,12.0,Yes
STU102327,Tasmia Hossain,25.0,Male,Married,3.02,3.89,0,85.8,Yes,No,65780.0,Low,99.3,7.0,79.9,21.8,No
STU102328,Mariya Hossain,27.0,Female,Single,2.62,2.8,1,85.2,Yes,Yes,20319.0,High,38.9,6.0,57.9,6.1,Yes
STU102329,Arafat Karim,18.0,Female,Married,2.71,2.63,1,67.5,No,No,23504.0,High,36.7,,65.1,5.7,Yes
STU102330,Arafat Islam,19.0,Male,Single,2.88,2.51,0,86.6,Yes,No,49686.0,Medium,83.8,4.0,58.6,10.2,No
STU102331,Rakib Khan,27.0,Female,Single,3.76,3.36,0,74.6,Yes,Yes,25870.0,Low,90.3,5.0,77.0,8.9,No
STU102332,Sakib Chowdhury,21.0,Female,Single,3.76,4.0,0,84.8,Yes,No,25272.0,Medium,71.5,5.0,71.2,15.5,No
STU102333,Sadia Ahmed,22.0,Female,Single,2.11,1.87,1,66.5,Yes,No,89678.0,Medium,58.1,3.0,37.5,4.8,No
STU102334,Tanvir Hasan,19.0,Male,Single,2.97,2.86,0,79.9,Yes,No,60500.0,Medium,72.7,6.0,65.6,15.9,No
STU102335,Tasmia Hossain,18.0,Female,Single,2.35,2.84,0,57.9,Yes,No,47458.0,Medium,51.0,8.0,61.0,7.2,No
STU102336,Tasmia Hasan,26.0,Male,Single,2.52,2.01,0,75.0,No,No,65745.0,Medium,55.5,3.0,51.0,6.2,Yes
STU102337,Raisa Chowdhury,18.0,Male,Single,2.16,2.24,0,59.5,Yes,Yes,21393.0,Medium,81.1,8.0,59.8,5.0,No
STU102338,Tanjim Akter,21.0,Male,Single,2.61,2.34,2,72.2,Yes,No,27447.0,Medium,45.9,7.0,54.7,2.3,Yes
STU102339,Raisa Hossain,19.0,Female,Single,2.46,2.95,0,84.1,Yes,No,52443.0,Medium,55.0,4.0,66.4,7.5,Yes
STU102340,Raisa Islam,28.0,Male,Single,3.46,3.18,0,92.2,No,No,20622.0,High,75.8,6.0,65.1,11.1,Yes
STU102341,Nusrat Ahmed,21.0,Female,Single,2.62,2.82,0,68.6,Yes,Yes,21021.0,Medium,33.1,2.0,56.1,9.0,No
STU102342,Shuvo Islam,25.0,Male,Single,2.12,1.58,1,69.7,Yes,No,38191.0,High,47.2,3.0,26.0,4.4,Yes
STU102343,Tanvir Hasan,25.0,Male,Single,3.0,3.46,0,85.3,Yes,Yes,50708.0,Low,62.8,6.0,72.6,17.5,No
STU102344,Mim Akter,28.0,Male,Single,2.92,3.2,0,78.5,No,No,40490.0,Medium,63.8,9.0,83.4,7.3,Yes
STU102345,Tanvir Hossain,26.0,Male,Married,2.88,2.71,1,67.0,Yes,Yes,27735.0,Medium,66.0,5.0,80.3,10.9,No
STU102346,Nusrat Khan,28.0,Male,Single,3.27,3.39,0,85.9,Yes,Yes,28491.0,Medium,63.8,6.0,67.4,7.4,No
STU102347,Tanvir Islam,22.0,Male,Single,3.55,3.84,0,100.0,No,No,39971.0,Medium,79.8,5.0,89.1,5.9,No
STU102348,Mariya Chowdhury,24.0,Male,Single,2.87,2.92,0,79.2,Yes,No,68913.0,Low,92.3,6.0,80.7,14.4,No
STU102349,Rakib Akter,20.0,Male,Single,3.12,3.0,0,93.3,Yes,No,105260.0,Low,81.5,5.0,88.3,13.4,No
STU102350,Fahim Sultana,27.0,Male,Single,2.89,2.86,0,91.2,Yes,No,47437.0,Low,80.4,5.0,63.9,15.9,No
STU102351,Tanvir Chowdhury,21.0,Male,Married,3.23,3.26,0,64.8,Yes,Yes,15770.0,Low,80.5,7.0,76.3,9.8,No
STU102352,Mahin Hasan,27.0,Female,Single,2.34,2.36,3,60.1,Yes,No,73865.0,Medium,48.5,2.0,68.3,3.0,Yes
STU102353,Nabila Islam,26.0,Female,Married,3.28,3.41,0,80.3,Yes,No,65598.0,Medium,91.7,7.0,87.3,16.9,No
STU102354,Mariya Rahman,27.0,Female,Single,3.13,2.82,0,92.5,Yes,Yes,33574.0,Low,84.4,4.0,88.1,10.6,No
STU102355,Sakib Rahman,27.0,Male,Single,2.57,2.37,0,76.8,Yes,No,40575.0,Medium,53.7,4.0,67.2,6.5,No
STU102356,Raisa Rahman,18.0,Female,Single,3.99,3.88,0,100.0,Yes,Yes,100378.0,Medium,97.4,6.0,83.1,19.3,No
STU102357,Mahin Akter,19.0,Female,Single,2.39,2.53,3,68.0,Yes,No,108815.0,Low,34.5,6.0,56.9,8.7,Yes
STU102358,Sadia Sultana,22.0,Male,Single,3.15,2.69,0,91.4,Yes,No,29361.0,High,42.1,5.0,44.8,13.8,No
STU102359,Tanvir Akter,20.0,Male,Married,2.57,2.62,0,83.0,Yes,No,153983.0,Low,87.1,7.0,70.7,14.0,No
STU102360,Tanjim Akter,19.0,Male,Single,3.26,3.49,0,85.1,Yes,No,58724.0,Medium,80.9,4.0,81.3,11.6,No
STU102361,Nabila Hossain,18.0,Male,Married,3.9,3.91,0,99.9,Yes,Yes,181802.0,Low,100.0,7.0,100.0,14.0,No
STU102362,Mehedi Islam,27.0,Male,Single,3.35,3.37,0,80.4,Yes,No,21738.0,Medium,79.2,6.0,54.6,25.6,No
STU102363,Sakib Khan,20.0,Female,Single,2.95,2.86,1,96.0,Yes,Yes,34018.0,Medium,82.6,7.0,60.2,9.3,No
STU102364,Mim Chowdhury,18.0,Male,Single,3.42,3.44,0,72.3,Yes,Yes,13817.0,Medium,92.3,7.0,84.7,14.2,No
STU102365,Jannat Rahman,18.0,Female,Single,2.73,2.6,0,74.9,Yes,No,40782.0,Medium,50.8,4.0,65.5,8.7,No
STU102366,Nusrat Khan,18.0,Male,Single,3.22,3.17,0,84.3,Yes,No,71594.0,Medium,83.7,7.0,82.5,7.3,No
STU102367,Fahim Hasan,25.0,Male,Married,3.04,2.91,0,74.6,Yes,No,124881.0,Medium,,4.0,79.4,8.2,No
STU102368,Sakib Rahman,20.0,Female,Single,2.45,2.4,0,80.7,Yes,No,30596.0,High,75.3,2.0,66.8,11.3,Yes
STU102369,Mehedi Rahman,28.0,Female,Single,3.77,3.67,0,86.3,Yes,Yes,55072.0,High,67.0,4.0,66.2,8.7,No
STU102370,Nusrat Karim,18.0,Male,Single,3.56,3.21,0,86.6,Yes,No,38371.0,Medium,79.1,4.0,76.9,10.9,No
STU102371,Mim Hossain,24.0,Female,Single,2.61,2.16,0,67.3,Yes,No,67045.0,Medium,69.2,8.0,90.4,2.9,Yes
STU102372,Sadia Hasan,27.0,Female,Single,3.46,3.49,0,76.7,Yes,No,42085.0,High,87.2,9.0,96.1,12.8,No
STU102373,Nabila Khan,20.0,Male,Single,2.47,2.65,0,79.0,No,No,38978.0,High,91.7,8.0,100.0,10.1,No
STU102374,Tasmia Chowdhury,25.0,Male,Single,3.21,3.67,0,94.0,Yes,No,17316.0,High,95.2,7.0,85.8,20.2,No
STU102375,Tanjim Akter,21.0,Female,Single,3.02,3.35,0,100.0,Yes,No,52978.0,Medium,77.3,5.0,64.6,17.5,No
STU102376,Jannat Ahmed,21.0,Male,Single,3.76,4.0,0,73.6,Yes,Yes,101333.0,Low,96.4,7.0,74.5,18.7,No
STU102377,Sakib Akter,22.0,Male,Single,3.15,3.22,0,82.0,Yes,Yes,22547.0,Medium,90.1,6.0,84.2,13.4,No
STU102378,Raisa Akter,23.0,Male,Single,2.3,2.34,2,74.7,Yes,No,74797.0,Medium,44.9,3.0,57.1,1.0,Yes
STU102379,Raisa Chowdhury,24.0,Male,Single,3.46,3.22,0,87.1,Yes,No,47327.0,Medium,100.0,6.0,100.0,8.6,No
STU102380,Mim Khan,21.0,Female,Single,2.8,2.53,1,64.3,Yes,Yes,14448.0,Medium,91.1,8.0,67.3,11.1,No
STU102381,Shuvo Chowdhury,25.0,Male,Single,2.78,2.84,0,74.2,Yes,No,37439.0,High,64.1,5.0,57.2,15.6,Yes
STU102382,Mehedi Hossain,23.0,Female,Married,3.01,2.76,0,80.0,Yes,No,38869.0,Medium,54.1,1.0,74.4,10.3,No
STU102383,Mahin Chowdhury,18.0,Male,Single,2.74,2.71,0,100.0,No,No,57506.0,Medium,64.9,4.0,55.5,10.5,No
STU102384,Adnan Hossain,18.0,Male,Single,3.81,3.06,0,91.0,Yes,Yes,61154.0,Low,64.2,5.0,67.9,19.8,No
STU102385,Raisa Hasan,26.0,Male,Single,3.36,3.5,0,89.2,Yes,Yes,48593.0,Low,66.8,6.0,88.2,16.9,No
STU102386,Mehedi Chowdhury,27.0,Female,Single,2.49,2.17,3,42.2,Yes,Yes,66029.0,Low,31.9,1.0,51.0,1.0,Yes
STU102387,Arafat Ahmed,23.0,Female,Single,2.67,2.24,0,64.1,Yes,No,27422.0,Medium,45.8,5.0,59.2,1.5,Yes
STU102388,Mariya Akter,27.0,Male,Single,2.41,2.63,0,68.0,Yes,No,40739.0,Medium,86.0,,85.3,9.0,No
STU102389,Sadia Akter,25.0,Male,Single,3.44,3.72,0,91.0,No,No,41527.0,Medium,66.8,6.0,45.2,10.7,No
STU102390,Shuvo Ahmed,24.0,Female,Married,2.97,2.94,0,80.3,Yes,No,85645.0,Low,78.3,6.0,94.4,9.6,No
STU102391,Rakib Sultana,23.0,Female,Single,2.56,2.35,3,62.0,Yes,Yes,16376.0,Medium,44.8,5.0,26.3,4.4,No
STU102392,Rakib Karim,21.0,Male,Single,3.71,3.92,0,92.4,Yes,Yes,62681.0,Low,95.4,8.0,78.2,13.0,No
STU102393,Sumaiya Hossain,24.0,Female,Single,3.23,3.0,0,68.4,Yes,Yes,102944.0,Low,69.4,4.0,61.9,11.6,No
STU102394,Arafat Akter,26.0,Female,Single,3.08,3.04,0,75.0,Yes,No,48268.0,Medium,75.5,8.0,74.3,13.1,Yes
STU102395,Sumaiya Khan,28.0,Male,Single,3.06,3.47,0,85.1,Yes,No,250000.0,Low,97.5,9.0,78.6,25.1,No
STU102396,Mahin Hasan,27.0,Male,Single,2.39,2.5,3,85.8,No,Yes,34441.0,Medium,52.0,2.0,41.7,5.0,Yes
STU102397,Sadia Hossain,27.0,Male,Single,3.25,3.24,0,92.0,Yes,Yes,41727.0,High,62.8,3.0,56.9,10.7,No
STU102398,Mim Karim,24.0,Female,Single,2.81,2.73,1,80.7,Yes,Yes,33160.0,Low,67.5,6.0,100.0,17.0,No
STU102399,Mehedi Rahman,18.0,Female,Single,3.39,3.4,0,81.6,Yes,No,39833.0,Medium,70.4,6.0,68.1,7.9,No
STU102400,Raisa Karim,27.0,Male,Single,3.29,3.37,0,84.8,No,No,63494.0,Low,85.5,8.0,81.2,24.6,No
STU102401,Sadia Rahman,26.0,Male,Single,2.97,2.63,0,90.0,Yes,No,36802.0,High,65.7,7.0,77.7,11.0,No
STU102402,Tasmia Rahman,21.0,Male,Married,2.94,,0,100.0,No,No,28634.0,Medium,75.8,7.0,74.9,18.2,No
STU102403,Jannat Chowdhury,20.0,Female,Single,3.75,3.61,0,84.7,Yes,No,18754.0,Medium,100.0,,72.4,15.4,No
STU102404,Adnan Sultana,21.0,Male,Single,2.4,2.34,2,74.8,Yes,No,41316.0,High,83.2,5.0,82.3,2.2,No
STU102405,Hasan Karim,21.0,Male,Single,2.74,2.99,0,90.1,Yes,No,44519.0,Medium,67.2,7.0,67.5,6.7,No
STU102406,Tanvir Ahmed,27.0,Male,Single,3.51,3.47,0,89.4,Yes,No,38083.0,Medium,84.5,8.0,70.4,17.0,No
STU102407,Hasan Hossain,28.0,Male,Single,3.67,3.93,0,77.7,Yes,Yes,152913.0,Low,80.1,8.0,62.8,24.9,No
STU102408,Mim Chowdhury,19.0,Male,Single,2.94,2.92,0,74.7,Yes,No,64311.0,Medium,76.3,4.0,72.8,7.3,Yes
STU102409,Rakib Hossain,18.0,Male,Single,2.69,2.72,0,86.4,Yes,Yes,33494.0,Medium,69.5,8.0,94.5,11.1,No
STU102410,Tasmia Chowdhury,27.0,Male,Single,2.69,2.76,0,75.0,No,No,66548.0,Medium,78.6,8.0,72.5,5.1,No
STU102411,Tanjim Hasan,18.0,Female,Single,2.35,2.47,0,93.9,No,No,70732.0,Medium,61.0,4.0,47.0,13.4,No
STU102412,Arafat Akter,25.0,Male,Single,3.9,4.0,0,87.2,No,No,44875.0,High,100.0,8.0,85.3,20.1,No
STU102413,Jannat Hossain,19.0,Male,Single,2.93,3.25,0,72.0,No,No,35892.0,Medium,73.3,7.0,90.2,6.6,No
STU102414,Nabila Karim,27.0,Female,Single,3.21,3.51,0,95.4,No,Yes,26299.0,Medium,100.0,9.0,95.5,17.3,No
STU102415,Mariya Ahmed,22.0,Male,Single,3.21,2.98,1,75.6,Yes,Yes,95735.0,Low,90.9,7.0,70.0,14.1,Yes
STU102416,Tanjim Sultana,21.0,Female,Single,3.67,4.0,0,87.5,Yes,No,41189.0,High,92.3,7.0,65.6,22.8,No
STU102417,Mariya Islam,25.0,Male,Single,2.81,2.3,0,84.2,Yes,No,40525.0,Medium,63.3,5.0,90.3,9.6,No
STU102418,Mahin Chowdhury,19.0,Male,Single,2.84,2.65,0,70.3,Yes,No,83050.0,Medium,59.9,4.0,54.8,1.0,Yes
STU102419,Tanvir Akter,27.0,Male,Single,3.37,3.33,0,85.4,Yes,No,45834.0,Medium,86.1,7.0,62.7,5.9,No
STU102420,Nabila Islam,26.0,Male,Single,2.19,1.84,1,58.8,Yes,No,174134.0,Low,55.8,6.0,60.4,6.2,Yes
STU102421,Mehedi Rahman,24.0,Female,Married,3.67,3.75,0,88.7,No,No,33697.0,High,82.2,8.0,73.8,8.8,No
STU102422,Tanjim Karim,24.0,Male,Single,3.78,4.0,0,75.3,Yes,No,36695.0,Medium,74.6,6.0,82.8,30.0,No
STU102423,Mehedi Sultana,18.0,Male,Single,3.11,2.9,0,73.6,Yes,Yes,30578.0,Medium,58.4,6.0,78.9,11.4,No
STU102424,Tanjim Hasan,19.0,Male,Single,2.58,2.72,1,84.8,Yes,No,28501.0,High,83.0,7.0,68.8,12.7,No
STU102425,Sakib Rahman,21.0,Male,Single,3.38,3.63,0,98.8,Yes,No,56250.0,Medium,74.9,6.0,54.6,13.1,No
STU102426,Shuvo Akter,21.0,Male,Single,2.91,2.33,1,65.7,No,No,66451.0,Medium,49.9,8.0,58.9,7.1,No
STU102427,Sakib Chowdhury,28.0,Male,Single,3.06,3.12,0,74.9,Yes,Yes,36479.0,Low,75.8,7.0,77.3,22.8,No
STU102428,Arafat Karim,20.0,Male,Single,3.1,3.21,0,84.6,Yes,No,46044.0,Medium,89.6,7.0,100.0,13.2,No
STU102429,Nusrat Khan,24.0,Female,Single,2.7,2.43,2,64.2,Yes,No,50545.0,Medium,58.0,5.0,44.5,8.9,Yes
STU102430,Arafat Sultana,25.0,Male,Single,3.16,2.8,0,88.8,Yes,No,91656.0,Medium,61.7,5.0,82.8,13.4,No
STU102431,Nabila Ahmed,19.0,Female,Single,2.34,2.14,2,56.6,Yes,Yes,32255.0,Medium,42.5,4.0,69.2,1.0,Yes
STU102432,Nabila Rahman,21.0,Female,Single,2.01,1.96,1,65.0,Yes,No,49615.0,Medium,44.3,6.0,36.5,4.6,Yes
STU102433,Nabila Khan,20.0,Male,Married,3.16,2.94,0,97.8,No,No,57074.0,Medium,93.1,7.0,75.4,14.4,No
STU102434,Adnan Sultana,19.0,Female,Single,3.47,3.64,0,90.5,Yes,Yes,56376.0,Low,95.9,9.0,87.0,22.1,No
STU102435,Sadia Ahmed,23.0,Female,Single,2.77,2.9,0,86.4,Yes,No,46894.0,Medium,61.4,5.0,60.5,9.0,No
STU102436,Raisa Ahmed,21.0,Male,Single,2.74,2.86,0,79.1,Yes,No,78986.0,Medium,70.0,8.0,73.3,4.4,No
STU102437,Tanvir Karim,,Female,Single,3.29,3.67,0,74.2,Yes,Yes,30711.0,Medium,83.4,7.0,82.3,21.7,No
STU102438,Raisa Hossain,19.0,Male,Single,2.99,3.18,1,94.4,Yes,No,40930.0,Medium,60.8,5.0,65.1,11.9,Yes
STU102439,Sumaiya Rahman,21.0,Male,Single,2.75,2.83,0,82.4,No,Yes,32519.0,Medium,86.1,6.0,80.2,15.1,No
STU102440,Mim Akter,28.0,Female,Single,3.14,2.77,1,85.7,Yes,Yes,31322.0,Medium,73.2,7.0,73.1,12.7,No
STU102441,Fahim Hasan,23.0,Male,Married,3.0,3.35,0,82.3,Yes,Yes,47979.0,Medium,88.5,10.0,69.1,22.4,No
STU102442,Tanvir Sultana,22.0,Male,Single,2.44,2.82,1,77.3,Yes,No,77692.0,Low,50.3,5.0,65.9,10.2,No
STU102443,Raisa Ahmed,20.0,Male,Single,2.95,2.85,1,74.2,Yes,No,29263.0,High,67.1,7.0,73.5,14.6,Yes
STU102444,Nusrat Karim,25.0,Female,Single,3.08,2.84,0,82.6,No,No,74635.0,Medium,72.5,6.0,83.8,13.2,Yes
STU102445,Sumaiya Sultana,24.0,Female,Single,2.76,2.99,0,77.7,Yes,No,37487.0,Medium,62.7,2.0,65.7,11.4,No
STU102446,Jannat Sultana,20.0,Female,Single,3.42,2.87,0,73.2,Yes,No,26576.0,Medium,68.0,8.0,49.0,18.6,No
STU102447,Adnan Akter,23.0,Female,Single,3.22,3.34,0,82.9,Yes,No,31260.0,Medium,90.9,8.0,92.7,19.9,No
STU102448,Rakib Karim,21.0,Male,Single,2.88,3.32,0,89.3,Yes,No,76200.0,Medium,71.2,10.0,85.8,10.7,No
STU102449,Mehedi Chowdhury,28.0,Male,Single,3.06,2.95,0,92.0,Yes,Yes,25423.0,Medium,78.5,7.0,62.5,13.2,No
STU102450,Mehedi Akter,22.0,Female,Single,2.83,2.9,0,69.1,Yes,Yes,135642.0,Low,88.2,7.0,63.0,12.8,No
STU102451,Adnan Hossain,28.0,Female,Single,2.9,2.93,0,89.4,Yes,Yes,48576.0,Medium,57.3,5.0,57.1,10.3,No
STU102452,Hasan Islam,22.0,Male,Single,2.92,,0,77.5,No,No,17688.0,High,76.5,7.0,44.0,15.4,Yes
STU102453,Fahim Karim,24.0,Male,Single,2.2,2.24,1,63.8,Yes,No,25441.0,Medium,48.3,4.0,55.7,7.2,Yes
STU102454,Mariya Khan,28.0,Female,Single,3.01,2.91,0,72.7,Yes,No,70791.0,Low,77.7,6.0,82.5,6.3,No
STU102455,Tanvir Karim,22.0,Female,Single,3.14,2.69,0,100.0,No,No,20177.0,Medium,75.3,5.0,67.9,9.3,No
STU102456,Mahin Hasan,28.0,Female,Single,4.0,4.0,0,96.7,No,No,64743.0,Medium,100.0,8.0,81.9,17.8,No
STU102457,Adnan Rahman,20.0,Male,Single,3.2,3.18,0,73.1,Yes,Yes,23646.0,Medium,80.3,8.0,83.7,11.0,No
STU102458,Tanjim Karim,27.0,Female,Single,2.71,2.1,3,60.8,Yes,Yes,55051.0,Low,47.9,5.0,46.5,1.0,No
STU102459,Mehedi Karim,22.0,Female,Single,2.26,1.96,3,52.5,Yes,Yes,92861.0,Low,50.5,5.0,50.4,1.2,No
STU102460,Mehedi Sultana,24.0,Male,Married,2.52,2.35,1,61.8,Yes,No,55422.0,High,54.2,5.0,76.3,5.6,Yes
STU102461,Mariya Chowdhury,22.0,Female,Single,2.78,2.6,1,63.5,Yes,Yes,71907.0,Medium,53.8,3.0,58.7,7.7,No
STU102462,Mim Akter,22.0,Female,Single,2.78,2.77,0,70.8,Yes,Yes,67114.0,Low,71.3,7.0,78.3,8.5,No
STU102463,Mehedi Islam,26.0,Female,Single,2.89,2.86,0,87.8,Yes,Yes,24027.0,Medium,71.3,5.0,71.4,11.2,No
STU102464,Adnan Islam,20.0,Female,Single,2.82,2.8,1,87.0,No,No,23126.0,High,57.4,5.0,62.8,1.0,Yes
STU102465,Tasmia Karim,23.0,Female,Single,2.9,3.57,0,78.3,Yes,No,17078.0,Medium,68.5,8.0,50.6,12.8,No
STU102466,Raisa Sultana,18.0,Female,Single,2.81,2.68,1,,Yes,No,53349.0,Medium,49.5,4.0,25.7,13.6,Yes
STU102467,Nusrat Rahman,27.0,Male,Married,3.01,2.75,0,87.5,No,No,42587.0,Medium,74.2,5.0,67.7,10.6,Yes
STU102468,Shuvo Hasan,22.0,Female,Single,2.59,3.06,0,82.8,Yes,Yes,26000.0,Medium,77.0,7.0,86.9,11.4,No
STU102469,Sadia Hasan,25.0,Female,Single,2.43,2.87,0,84.1,Yes,No,54076.0,Low,55.3,6.0,67.2,10.1,No
STU102470,Sadia Akter,22.0,Female,Single,2.89,2.57,0,73.9,Yes,No,108889.0,Low,80.4,5.0,73.9,18.5,No
STU102471,Hasan Khan,26.0,Male,Single,3.2,3.56,0,100.0,Yes,No,65777.0,Medium,100.0,6.0,92.7,21.7,No
STU102472,Raisa Islam,28.0,Female,Single,2.5,1.94,1,86.0,Yes,No,95727.0,Low,58.0,6.0,55.5,5.4,Yes
STU102473,Arafat Ahmed,23.0,Male,Single,2.74,3.6,0,93.3,Yes,Yes,36391.0,High,97.4,9.0,91.9,14.6,No
STU102474,Fahim Hossain,25.0,Female,Single,2.93,3.47,0,80.4,Yes,No,49550.0,High,75.4,7.0,63.8,11.7,No
STU102475,Mim Khan,27.0,Female,Single,2.92,3.08,2,64.8,Yes,Yes,53643.0,Low,43.9,4.0,43.6,11.6,No
STU102476,Arafat Akter,25.0,Male,Single,3.34,3.6,0,100.0,Yes,Yes,71668.0,Low,87.6,9.0,66.6,18.0,No
STU102477,Rakib Khan,20.0,Male,Single,3.42,3.56,0,89.4,Yes,No,19372.0,High,80.4,6.0,63.0,14.6,No
STU102478,Mehedi Chowdhury,24.0,Male,Single,3.1,2.9,1,79.3,Yes,Yes,102883.0,Low,72.7,8.0,63.1,15.9,Yes
STU102479,Fahim Akter,24.0,Male,Single,3.54,3.9,0,95.6,Yes,No,51205.0,Medium,99.7,9.0,100.0,17.2,No
STU102480,Tanvir Ahmed,27.0,Female,Single,2.83,3.24,0,84.2,Yes,Yes,92298.0,Medium,92.6,8.0,82.7,11.3,Yes
STU102481,Tanjim Hasan,23.0,Male,Single,3.38,3.16,0,80.9,Yes,Yes,80405.0,Low,65.4,5.0,66.1,12.7,No
STU102482,Nabila Khan,24.0,Male,Single,2.72,2.71,0,99.7,Yes,No,13886.0,High,100.0,9.0,100.0,5.2,No
STU102483,Adnan Akter,19.0,Male,Single,3.13,2.76,0,90.7,Yes,No,54064.0,Low,64.5,9.0,54.4,12.0,No
STU102484,Adnan Karim,26.0,Male,Single,3.29,3.28,0,99.2,Yes,Yes,58966.0,Low,85.1,9.0,69.4,10.0,No
STU102485,Sakib Hossain,27.0,Female,Single,3.03,2.94,2,89.8,No,Yes,39937.0,High,74.7,5.0,61.6,11.2,No
STU102486,Hasan Hasan,27.0,Male,Single,2.57,2.94,1,60.7,Yes,Yes,45232.0,Medium,60.8,4.0,65.3,16.9,No
STU102487,Tanvir Chowdhury,18.0,Female,Single,2.25,2.73,0,87.3,Yes,Yes,27741.0,Medium,49.2,5.0,82.5,8.5,No
STU102488,Nusrat Karim,18.0,Male,Single,3.25,2.93,1,82.9,No,No,41329.0,Medium,56.2,3.0,85.5,11.7,No
STU102489,Fahim Hasan,20.0,Male,Single,2.88,3.11,0,77.3,Yes,No,37529.0,Medium,71.3,6.0,70.3,10.0,No
STU102490,Mahin Ahmed,20.0,Male,Single,2.91,3.17,0,100.0,Yes,Yes,33872.0,Medium,86.6,7.0,67.6,17.4,No
STU102491,Tanvir Ahmed,18.0,Female,Single,3.68,3.15,0,,No,No,36792.0,High,66.6,5.0,60.4,13.3,No
STU102492,Mim Ahmed,24.0,Female,Single,2.57,2.86,0,76.3,Yes,No,12284.0,Medium,77.4,8.0,68.4,10.0,No
STU102493,Adnan Akter,21.0,Female,Single,3.33,2.89,0,79.9,Yes,Yes,33830.0,Low,78.3,5.0,90.9,4.5,No
STU102494,Mahin Karim,27.0,Female,Single,2.67,2.51,1,80.7,Yes,Yes,27284.0,Medium,73.0,7.0,79.2,9.6,No
STU102495,Mim Chowdhury,19.0,Male,Single,2.92,2.65,2,77.2,Yes,Yes,28463.0,Medium,61.1,5.0,64.4,6.1,No
STU102496,Sumaiya Akter,27.0,Female,Married,2.51,2.04,0,69.6,Yes,No,21053.0,High,55.3,5.0,44.8,12.2,Yes
STU102497,Adnan Hossain,22.0,Female,Single,2.66,3.0,1,86.5,Yes,Yes,39603.0,Low,78.6,6.0,80.7,3.4,Yes
STU102498,Shuvo Rahman,23.0,Male,Single,3.19,2.9,1,78.5,Yes,Yes,27628.0,Medium,67.7,6.0,40.1,14.2,Yes
STU102499,Sadia Islam,26.0,Male,Single,3.58,3.46,0,83.4,Yes,No,27419.0,Medium,97.0,10.0,74.2,16.6,No
STU102500,Shuvo Chowdhury,21.0,Female,Single,3.19,3.19,0,81.6,Yes,No,48109.0,Medium,64.7,2.0,61.9,11.0,No
STU102501,Sumaiya Akter,19.0,Male,Married,3.14,3.36,1,71.4,Yes,Yes,110139.0,Low,90.8,9.0,89.8,20.8,No
STU102502,Nabila Islam,22.0,Female,Single,4.0,3.71,0,79.0,Yes,No,48391.0,High,90.2,4.0,92.7,20.5,No
STU102503,Fahim Sultana,20.0,Male,Single,3.25,3.4,0,75.7,Yes,No,81145.0,Medium,78.5,8.0,73.2,11.1,No
STU102504,Adnan Karim,19.0,Male,Single,2.58,2.51,0,56.6,Yes,Yes,42676.0,Medium,63.1,5.0,58.3,4.9,No
STU102505,Tasmia Chowdhury,18.0,Female,Single,2.24,1.94,1,73.6,Yes,Yes,175654.0,Low,56.8,6.0,63.5,8.5,Yes
STU102506,Nusrat Islam,27.0,Female,Single,3.17,3.48,0,76.7,Yes,No,24279.0,High,,6.0,69.3,19.0,No
STU102507,Tanvir Karim,19.0,Male,Single,2.37,2.99,0,78.2,No,No,15036.0,High,89.4,7.0,80.6,10.8,No
STU102508,Jannat Sultana,23.0,Female,Single,2.55,2.61,2,70.2,Yes,No,73621.0,Medium,76.8,6.0,64.2,12.9,No
STU102509,Nabila Sultana,25.0,Male,Single,3.14,2.95,0,72.8,Yes,Yes,67413.0,Low,76.0,7.0,79.1,18.5,No
STU102510,Hasan Hasan,20.0,Male,Single,3.47,3.25,0,80.7,Yes,No,16645.0,High,84.9,6.0,67.6,16.4,No
STU102511,Arafat Khan,28.0,Female,Single,2.87,3.11,0,83.6,Yes,Yes,41466.0,Medium,64.3,4.0,62.1,14.8,No
STU102512,Mariya Ahmed,26.0,Male,Single,2.46,2.46,0,71.4,Yes,No,120802.0,Low,58.7,1.0,48.0,15.0,No
STU102513,Sakib Akter,26.0,Male,Single,2.93,2.62,3,61.7,No,No,73521.0,Medium,56.5,5.0,46.1,6.7,Yes
STU102514,Raisa Sultana,19.0,Male,Single,2.88,2.37,0,71.5,Yes,Yes,19262.0,Medium,63.3,9.0,72.8,10.6,No
STU102515,Mehedi Karim,25.0,Female,Single,3.05,3.17,0,91.9,No,No,14748.0,High,85.7,4.0,78.0,12.7,No
STU102516,Arafat Hasan,27.0,Male,Single,2.46,2.08,2,63.5,Yes,No,109572.0,Medium,34.9,6.0,10.0,2.6,Yes
STU102517,Tasmia Sultana,28.0,Female,Single,2.62,2.5,1,76.5,Yes,Yes,28211.0,Medium,67.1,6.0,64.4,9.6,No
STU102518,Tanvir Sultana,22.0,Female,Single,3.46,3.95,0,85.1,No,No,76644.0,Medium,100.0,8.0,86.0,14.0,No
STU102519,Fahim Akter,21.0,Male,Single,3.34,3.09,0,81.8,Yes,No,66529.0,High,66.3,7.0,82.9,16.5,No
STU102520,Tanvir Hossain,27.0,Female,Single,3.52,3.84,0,96.3,Yes,No,44402.0,Medium,94.3,7.0,86.9,20.5,No
STU102521,Nabila Khan,22.0,Female,Married,2.17,1.86,2,58.8,Yes,No,29802.0,High,41.2,3.0,71.8,1.0,Yes
STU102522,Jannat Hasan,21.0,Male,Single,2.6,2.86,0,100.0,Yes,Yes,102134.0,Low,91.0,5.0,94.8,6.8,No
STU102523,Arafat Islam,25.0,Male,Single,3.45,3.62,0,90.2,Yes,Yes,13101.0,Medium,88.1,7.0,67.3,14.4,No
STU102524,Rakib Chowdhury,21.0,Male,Single,3.27,3.41,0,87.1,Yes,No,82231.0,Low,77.0,6.0,100.0,15.8,No
STU102525,Fahim Sultana,27.0,Female,Single,3.18,3.0,1,69.6,Yes,No,37640.0,Medium,58.5,5.0,56.8,8.6,Yes
STU102526,Nabila Sultana,23.0,Female,Single,2.84,3.03,0,88.1,Yes,Yes,29589.0,Medium,83.7,8.0,72.8,15.7,No
STU102527,Mariya Ahmed,19.0,Male,Single,2.72,2.83,0,95.6,Yes,No,42094.0,Medium,73.7,6.0,58.0,5.1,No
STU102528,Arafat Ahmed,22.0,Male,Single,3.01,3.58,0,79.8,Yes,Yes,83664.0,Low,100.0,9.0,74.9,15.8,No
STU102529,Mahin Ahmed,23.0,Male,Single,2.8,2.61,1,66.9,Yes,Yes,22655.0,Medium,64.0,4.0,33.1,10.4,No
STU102530,Mim Khan,22.0,Female,Single,3.24,3.62,0,87.4,Yes,No,54001.0,High,90.9,9.0,90.5,14.0,No
STU102531,Sumaiya Hasan,19.0,Male,Single,3.02,2.75,1,67.9,Yes,No,62532.0,High,41.9,6.0,64.4,5.4,No
STU102532,Sakib Sultana,24.0,Female,Single,2.56,2.49,2,67.9,Yes,No,40304.0,High,58.7,5.0,63.3,11.2,Yes
STU102533,Tanjim Chowdhury,21.0,Male,Single,3.29,3.09,0,90.3,Yes,Yes,24502.0,High,60.3,5.0,64.5,12.8,No
STU102534,Arafat Hasan,25.0,Female,Single,3.56,3.42,0,100.0,Yes,Yes,28616.0,Medium,84.1,8.0,70.7,17.5,No
STU102535,Mehedi Sultana,24.0,Male,Single,3.59,3.55,0,94.3,Yes,No,119842.0,Low,97.2,8.0,86.3,21.2,No
STU102536,Tanvir Hossain,24.0,Female,Single,3.3,3.74,0,80.1,No,No,75613.0,Medium,100.0,7.0,86.4,17.8,No
STU102537,Hasan Chowdhury,26.0,Male,Single,3.31,3.45,0,83.1,Yes,No,62564.0,Medium,95.4,8.0,96.6,16.8,No
STU102538,Mim Chowdhury,18.0,Female,Single,2.48,2.85,0,77.6,Yes,Yes,145184.0,Low,74.2,10.0,74.2,15.2,No
STU102539,Tasmia Akter,27.0,Male,Single,2.7,2.7,0,80.5,Yes,No,29162.0,High,87.0,6.0,69.7,18.4,No
STU102540,Sadia Akter,23.0,Male,Single,2.92,3.31,0,92.4,Yes,No,44590.0,Medium,100.0,8.0,91.7,18.5,No
STU102541,Mim Rahman,23.0,Male,Single,3.27,3.33,0,77.5,No,Yes,46191.0,Medium,66.3,6.0,62.9,20.8,Yes
STU102542,Tanvir Akter,23.0,Female,Single,2.73,2.49,0,97.6,Yes,Yes,88838.0,Low,88.4,7.0,91.1,17.1,No
STU102543,Jannat Khan,23.0,Male,Married,2.86,3.18,0,74.1,Yes,Yes,18305.0,Medium,66.1,7.0,69.1,5.8,No
STU102544,Mahin Chowdhury,27.0,Male,Single,3.25,3.7,0,80.1,Yes,No,47101.0,Low,81.0,9.0,96.9,19.7,Yes
STU102545,Hasan Sultana,24.0,Female,Single,3.06,3.25,0,76.8,No,No,44949.0,Medium,82.0,9.0,79.6,11.0,No
STU102546,Raisa Hasan,27.0,Female,Single,3.15,3.4,0,100.0,Yes,No,70794.0,Low,100.0,9.0,100.0,21.0,No
STU102547,Nabila Rahman,23.0,Male,Single,2.65,3.03,0,97.0,No,No,35440.0,Medium,78.7,8.0,75.5,17.8,Yes
STU102548,Jannat Khan,18.0,Female,Single,2.86,2.77,0,72.9,No,No,87740.0,Medium,56.8,4.0,72.7,13.3,No
STU102549,Mehedi Hossain,20.0,Male,Married,2.79,2.57,0,74.4,Yes,Yes,56209.0,Medium,46.9,2.0,56.9,2.1,No
STU102550,Nusrat Ahmed,19.0,Female,Married,3.0,3.11,0,82.0,Yes,No,29299.0,Medium,73.3,2.0,63.9,13.9,No
STU102551,Mehedi Khan,23.0,Female,Single,2.81,3.32,0,80.2,Yes,No,61814.0,Medium,96.0,7.0,72.6,20.2,No
STU102552,Mehedi Hossain,25.0,Male,Single,2.74,2.83,1,85.8,Yes,Yes,42138.0,Medium,64.8,8.0,69.2,11.1,Yes
STU102553,Shuvo Sultana,20.0,Female,Single,3.06,3.25,0,88.4,Yes,Yes,58900.0,Medium,94.3,8.0,90.8,15.6,No
STU102554,Shuvo Chowdhury,27.0,Male,Single,3.94,3.97,0,91.6,Yes,Yes,23447.0,Medium,81.3,5.0,66.8,15.0,No
STU102555,Arafat Islam,25.0,Female,Single,3.26,3.35,0,92.2,No,No,38781.0,High,84.6,10.0,69.3,15.8,No
STU102556,Mehedi Hossain,25.0,Female,Single,2.2,2.04,1,75.3,Yes,No,78806.0,Low,61.3,4.0,79.6,2.5,No
STU102557,Sakib Sultana,22.0,Female,Single,3.16,3.32,0,90.6,Yes,No,97484.0,Low,91.9,6.0,99.0,17.2,Yes
STU102558,Sakib Islam,25.0,Male,Single,2.77,3.03,0,83.8,No,No,57335.0,High,63.9,5.0,75.3,10.3,No
STU102559,Sumaiya Ahmed,23.0,Male,Single,2.58,2.13,2,84.5,No,No,39521.0,High,54.3,6.0,63.2,1.0,Yes
STU102560,Tanjim Khan,22.0,Male,Single,3.32,2.87,2,76.1,No,No,33279.0,High,77.4,4.0,81.3,4.3,No
STU102561,Mahin Hossain,26.0,Female,Single,3.03,2.51,0,76.7,Yes,Yes,30613.0,Medium,51.3,6.0,77.6,8.1,Yes
STU102562,Tanjim Hasan,24.0,Female,Single,4.0,4.0,0,97.2,Yes,No,30582.0,Medium,100.0,6.0,94.5,16.9,No
STU102563,Arafat Khan,25.0,Female,Single,2.95,2.67,0,84.5,Yes,No,28240.0,High,57.7,6.0,77.5,12.4,No
STU102564,Mahin Hossain,18.0,Male,Single,2.9,3.0,2,75.8,Yes,No,42953.0,High,63.5,6.0,51.9,10.3,Yes
STU102565,Mahin Hasan,28.0,Female,Married,3.54,4.0,0,75.3,Yes,Yes,32610.0,High,86.0,6.0,70.5,23.9,No
STU102566,Fahim Khan,19.0,Female,Married,3.01,3.11,1,92.6,Yes,No,60983.0,Medium,68.6,5.0,77.6,18.8,No
STU102567,Nabila Rahman,25.0,Female,Single,2.52,2.68,0,90.6,No,No,54868.0,Medium,84.3,4.0,66.8,14.5,Yes
STU102568,Sakib Sultana,26.0,Male,Single,2.6,2.35,1,66.2,Yes,No,82294.0,Low,60.2,6.0,76.6,9.8,Yes
STU102569,Mehedi Karim,21.0,Male,Single,2.85,2.95,1,82.4,No,No,61436.0,High,78.7,6.0,62.3,6.4,No
STU102570,Rakib Hossain,27.0,Female,Single,3.3,3.0,0,77.3,Yes,No,71354.0,Medium,66.1,4.0,75.6,11.1,No
STU102571,Tasmia Hasan,28.0,Female,Single,3.57,3.0,1,83.8,Yes,Yes,28694.0,Medium,88.0,9.0,79.3,11.4,No
STU102572,Mehedi Sultana,27.0,Male,Single,3.36,,0,95.1,Yes,Yes,58914.0,Low,94.1,7.0,74.7,16.2,No
STU102573,Tasmia Sultana,26.0,Female,Single,3.26,3.35,0,83.6,Yes,Yes,51611.0,Low,78.2,6.0,75.2,14.1,No
STU102574,Mim Ahmed,,Male,Single,3.49,3.34,0,91.1,No,No,15187.0,High,68.6,8.0,69.6,13.7,Yes
STU102575,Adnan Rahman,27.0,Female,Single,3.28,3.06,0,69.8,Yes,No,43640.0,Low,88.5,4.0,84.8,13.7,No
STU102576,Nusrat Chowdhury,27.0,Male,Single,2.59,2.53,0,70.5,Yes,Yes,25886.0,Medium,54.2,4.0,48.6,9.2,No
STU102577,Mim Hasan,27.0,Male,Married,2.9,2.68,1,84.6,Yes,No,19487.0,High,73.9,6.0,74.4,14.2,No
STU102578,Mehedi Ahmed,26.0,Male,Single,2.77,2.99,0,76.2,Yes,No,37938.0,Medium,74.6,3.0,80.8,14.8,No
STU102579,Mim Chowdhury,28.0,Male,Single,3.57,3.7,0,80.2,Yes,Yes,31756.0,Low,82.5,6.0,93.1,14.2,No
STU102580,Raisa Rahman,24.0,Male,Single,2.57,3.06,0,75.9,Yes,No,29735.0,Medium,60.7,2.0,49.1,6.5,No
STU102581,Tanjim Hossain,19.0,Female,Single,2.58,2.47,0,68.1,Yes,Yes,20397.0,Medium,52.8,3.0,68.3,3.4,No
STU102582,Fahim Chowdhury,26.0,Male,Single,3.08,3.1,0,91.8,Yes,No,119651.0,Low,97.6,8.0,79.7,12.7,No
STU102583,Mahin Khan,21.0,Male,Single,3.87,3.92,0,99.1,Yes,No,22678.0,High,96.1,7.0,100.0,24.6,No
STU102584,Rakib Khan,25.0,Male,Single,3.33,3.22,0,76.9,Yes,No,37390.0,Medium,88.1,7.0,75.7,15.7,No
STU102585,Arafat Ahmed,24.0,Male,Single,3.47,2.87,0,71.0,No,No,65492.0,High,43.5,3.0,55.1,12.8,No
STU102586,Tasmia Islam,24.0,Male,Single,2.5,2.64,1,75.2,No,No,77078.0,Medium,59.2,5.0,74.3,4.8,No
STU102587,Sadia Khan,25.0,Male,Single,3.3,4.0,0,79.5,Yes,Yes,24550.0,Low,96.6,7.0,78.2,16.8,No
STU102588,Fahim Akter,18.0,Female,Single,2.5,2.8,0,86.8,Yes,No,39907.0,Low,67.4,3.0,53.2,12.8,No
STU102589,Mariya Sultana,22.0,Male,Single,3.33,3.92,0,89.4,Yes,No,61015.0,Medium,67.8,7.0,32.0,16.5,No
STU102590,Hasan Sultana,19.0,Female,Single,2.29,2.56,0,75.2,No,No,53014.0,Medium,76.3,8.0,73.5,13.7,Yes
STU102591,Raisa Rahman,19.0,Male,Single,2.85,2.8,0,,Yes,No,55486.0,Low,52.5,7.0,33.9,7.9,No
STU102592,Raisa Hossain,18.0,Male,Single,2.08,2.26,0,67.6,Yes,No,23341.0,High,67.1,3.0,50.2,11.1,No
STU102593,Tasmia Chowdhury,22.0,Male,Single,2.6,2.92,0,77.5,Yes,No,28576.0,High,76.0,7.0,69.9,5.0,Yes
STU102594,Jannat Khan,19.0,Female,Single,2.36,1.88,1,59.3,Yes,No,41401.0,Medium,46.6,4.0,61.4,6.5,No
STU102595,Arafat Chowdhury,21.0,Female,Single,3.29,3.43,0,73.0,Yes,No,37900.0,Medium,78.1,9.0,70.7,24.4,No
STU102596,Adnan Islam,20.0,Female,Single,3.04,3.01,0,73.9,No,No,49258.0,Medium,72.9,6.0,56.2,13.8,No
STU102597,Mehedi Sultana,20.0,Male,Single,2.79,3.23,0,76.6,No,Yes,25165.0,Medium,86.4,8.0,74.2,18.7,No
STU102598,Mariya Rahman,19.0,Female,Single,3.05,3.16,0,75.2,Yes,Yes,76996.0,Low,81.3,5.0,49.8,10.5,No
STU102599,Mehedi Islam,23.0,Male,Single,2.63,1.89,0,72.3,Yes,Yes,23358.0,High,71.3,6.0,73.4,10.9,No
STU102600,Rakib Chowdhury,19.0,Male,Single,3.14,3.28,0,83.3,Yes,No,51084.0,Medium,100.0,10.0,100.0,11.4,No
STU102601,Jannat Sultana,25.0,Female,Single,2.97,2.35,1,59.8,Yes,Yes,28772.0,Medium,46.4,3.0,70.2,8.3,No
STU102602,Mahin Rahman,25.0,Male,Single,4.0,4.0,0,97.2,Yes,No,38893.0,Medium,91.4,7.0,68.4,23.2,No
STU102603,Nusrat Ahmed,22.0,Female,Single,3.74,3.5,0,72.4,Yes,No,20013.0,Medium,68.4,7.0,55.2,9.5,No
STU102604,Tanvir Karim,27.0,Male,Single,3.42,3.08,0,67.1,Yes,No,41028.0,Medium,86.3,6.0,63.3,10.0,No
STU102605,Tanvir Ahmed,24.0,Female,Single,3.13,2.9,0,90.5,Yes,No,64885.0,Medium,74.9,5.0,57.6,6.8,No
STU102606,Adnan Chowdhury,21.0,Female,Single,3.19,2.92,0,71.4,No,No,90276.0,Medium,69.0,8.0,57.5,3.1,Yes
STU102607,Rakib Ahmed,18.0,Female,Single,3.56,3.51,0,89.3,Yes,Yes,42641.0,Medium,83.8,7.0,67.5,22.1,No
STU102608,Mariya Islam,28.0,Male,Single,3.13,2.87,0,75.7,Yes,Yes,23027.0,Medium,62.1,8.0,72.7,14.2,No
STU102609,Mim Khan,19.0,Male,Single,3.16,3.07,1,70.5,No,No,70466.0,Medium,40.2,4.0,62.6,5.8,Yes
STU102610,Raisa Hasan,27.0,Female,Single,2.74,2.28,1,62.6,Yes,Yes,54462.0,Medium,59.7,6.0,49.3,5.6,Yes
STU102611,Raisa Hasan,27.0,Male,Single,2.69,2.62,0,82.3,Yes,No,41005.0,Low,62.9,4.0,47.6,1.4,No
STU102612,Shuvo Hossain,21.0,Female,Single,2.95,3.38,0,76.6,Yes,Yes,33422.0,Medium,79.1,8.0,85.4,10.8,No
STU102613,Fahim Akter,18.0,Female,Single,1.82,1.69,3,72.4,Yes,Yes,42102.0,Medium,73.1,5.0,75.2,8.5,Yes
STU102614,Sadia Sultana,25.0,Male,Single,2.99,3.17,0,69.7,Yes,No,45723.0,High,93.5,8.0,99.8,5.7,No
STU102615,Arafat Akter,26.0,Female,Single,2.89,2.51,0,90.8,Yes,No,70241.0,Low,69.6,5.0,61.8,3.6,No
STU102616,Mariya Sultana,21.0,Female,Single,3.4,3.57,0,67.8,Yes,Yes,28229.0,Medium,81.6,6.0,63.3,16.4,No
STU102617,Nusrat Hossain,27.0,Male,Single,3.55,3.89,0,91.7,Yes,No,31019.0,High,96.8,8.0,95.4,21.1,No
STU102618,Sadia Islam,20.0,Male,Single,4.0,4.0,0,79.4,Yes,Yes,39547.0,Medium,95.5,7.0,100.0,14.7,No
STU102619,Mehedi Islam,19.0,Male,Single,3.26,3.32,0,70.2,No,No,21324.0,High,67.2,6.0,69.8,9.0,No
STU102620,Mehedi Karim,22.0,Male,Single,3.07,3.27,0,83.3,No,No,65688.0,Medium,73.7,4.0,89.3,11.2,Yes
STU102621,Adnan Islam,20.0,Female,Single,2.75,2.36,0,83.0,Yes,No,62291.0,Medium,77.7,7.0,69.8,7.4,No
STU102622,Fahim Chowdhury,27.0,Male,Single,2.53,,0,75.5,Yes,Yes,53012.0,Low,60.4,5.0,60.8,1.0,No
STU102623,Sumaiya Rahman,24.0,Female,Single,3.41,3.17,0,83.0,Yes,Yes,170341.0,Low,89.5,8.0,98.0,13.4,No
STU102624,Nabila Sultana,28.0,Male,Single,2.99,3.09,0,84.5,Yes,Yes,65412.0,Low,70.9,7.0,72.2,6.7,No
STU102625,Adnan Islam,23.0,Female,Married,3.19,3.03,1,84.8,Yes,Yes,94301.0,Low,87.5,6.0,85.8,9.6,No
STU102626,Nusrat Sultana,18.0,Female,Single,3.01,3.21,0,98.5,Yes,No,46536.0,Medium,77.9,5.0,63.1,15.5,No
STU102627,Arafat Sultana,25.0,Male,Married,3.02,3.76,0,81.4,Yes,No,33282.0,Medium,90.1,8.0,76.5,13.9,No
STU102628,Sakib Khan,19.0,Male,Single,3.1,3.29,0,88.6,Yes,Yes,20396.0,Low,92.1,7.0,63.9,13.6,No
STU102629,Tasmia Hossain,22.0,Female,Single,3.19,3.61,0,81.7,Yes,Yes,53257.0,Medium,75.3,6.0,73.5,13.9,No
STU102630,Sakib Khan,26.0,Female,Single,3.42,3.07,0,81.0,Yes,No,60596.0,Medium,98.2,7.0,77.3,8.4,No
STU102631,Jannat Hossain,25.0,Male,Single,2.45,2.42,0,83.5,Yes,No,75035.0,Medium,88.3,6.0,84.3,10.2,No
STU102632,Mim Islam,19.0,Male,Single,3.26,3.33,0,86.3,No,No,34128.0,Medium,80.6,5.0,72.8,17.0,Yes
STU102633,Adnan Hossain,26.0,Male,Single,2.42,2.44,0,70.8,Yes,Yes,64936.0,Medium,72.8,6.0,94.3,12.3,No
STU102634,Sumaiya Khan,22.0,Male,Single,3.32,3.87,0,89.9,Yes,Yes,22039.0,Medium,94.7,6.0,87.8,15.9,No
STU102635,Nusrat Hossain,27.0,Female,Single,3.14,2.92,2,78.5,Yes,No,47288.0,Medium,63.8,3.0,62.2,6.2,No
STU102636,Fahim Khan,23.0,Female,Single,2.97,3.06,0,88.2,Yes,Yes,60925.0,Low,58.1,5.0,55.3,12.1,No
STU102637,Mahin Sultana,20.0,Male,Single,2.98,2.25,2,80.3,Yes,No,64150.0,Medium,54.3,5.0,56.4,14.1,No
STU102638,Sadia Sultana,20.0,Female,Single,3.06,3.19,0,99.6,Yes,Yes,70644.0,Medium,67.2,9.0,77.7,14.7,No
STU102639,Jannat Hossain,27.0,Male,Married,3.49,3.64,0,87.2,Yes,No,60416.0,Medium,83.8,5.0,59.8,16.1,No
STU102640,Nabila Khan,25.0,Female,Single,3.45,3.44,0,75.6,Yes,No,47842.0,High,100.0,8.0,99.8,14.6,No
STU102641,Mariya Sultana,28.0,Male,Single,3.4,3.52,0,89.0,Yes,No,89029.0,Low,76.8,8.0,84.8,12.2,No
STU102642,Shuvo Rahman,27.0,Male,Single,2.39,2.22,3,54.8,Yes,No,43725.0,Medium,28.0,4.0,41.5,1.0,No
STU102643,Adnan Karim,27.0,Male,Married,3.26,2.89,0,98.3,No,No,44746.0,High,90.6,8.0,95.4,12.7,No
STU102644,Shuvo Hossain,19.0,Male,Single,1.92,1.62,4,54.0,Yes,No,107290.0,Low,35.9,4.0,31.3,1.0,Yes
STU102645,Sakib Khan,28.0,Female,Single,2.04,1.79,4,69.1,Yes,No,12000.0,Medium,61.5,5.0,34.8,1.3,Yes
STU102646,Mehedi Rahman,19.0,Female,Single,3.51,3.12,0,85.8,Yes,No,61756.0,Medium,57.2,5.0,69.0,12.9,No
STU102647,Tanjim Akter,22.0,Male,Married,2.35,1.95,0,75.8,Yes,Yes,62907.0,Low,55.0,6.0,42.9,11.8,No
STU102648,Shuvo Chowdhury,23.0,Female,Single,2.92,2.67,0,65.1,Yes,No,35703.0,Medium,52.4,6.0,46.0,4.1,Yes
STU102649,Mehedi Karim,19.0,Male,Single,3.63,3.53,0,79.1,Yes,No,45466.0,High,89.2,9.0,69.0,12.2,No
STU102650,Tasmia Chowdhury,22.0,Female,Single,3.26,3.3,0,80.9,No,Yes,44670.0,High,89.2,5.0,80.1,18.9,Yes
STU102651,Sakib Khan,24.0,Male,Single,3.17,2.8,0,77.0,No,No,40015.0,High,64.4,4.0,63.1,6.9,No
STU102652,Sadia Karim,27.0,Male,Single,2.98,2.7,0,80.4,Yes,No,43462.0,Medium,77.1,8.0,62.0,9.3,No
STU102653,Fahim Hasan,27.0,Male,Single,3.06,2.87,1,72.0,No,No,55486.0,Medium,89.2,8.0,100.0,7.2,No
STU102654,Mariya Islam,25.0,Female,Single,2.72,2.85,0,85.2,Yes,Yes,32483.0,Low,70.4,6.0,83.6,16.4,No
STU102655,Hasan Hasan,24.0,Female,Single,2.78,2.43,1,73.5,Yes,No,44888.0,Medium,78.3,7.0,73.8,10.1,No
STU102656,Nusrat Ahmed,25.0,Male,Single,3.04,2.88,1,84.0,Yes,No,21426.0,Medium,46.9,5.0,64.9,5.1,Yes
STU102657,Mim Ahmed,26.0,Male,Single,3.1,3.4,0,71.8,Yes,Yes,32091.0,Medium,77.2,7.0,72.8,19.2,No
STU102658,Nabila Hasan,22.0,Male,Single,2.93,2.69,0,86.6,Yes,Yes,24761.0,Medium,93.0,6.0,100.0,18.3,No
STU102659,Sumaiya Chowdhury,22.0,Female,Single,1.99,1.62,2,79.6,No,No,49009.0,Medium,31.1,2.0,73.2,1.0,Yes
STU102660,Sumaiya Ahmed,28.0,Female,Single,3.7,3.68,0,86.0,Yes,Yes,25404.0,Medium,98.7,6.0,94.1,21.5,No
STU102661,Mehedi Rahman,27.0,Male,Single,3.42,3.17,0,94.2,No,No,20917.0,Medium,68.4,6.0,46.3,13.4,No
STU102662,Mim Rahman,21.0,Male,Single,2.91,2.08,2,68.4,Yes,Yes,20958.0,Medium,46.0,5.0,54.0,1.0,Yes
STU102663,Sadia Hasan,26.0,Female,Single,3.44,3.5,0,82.2,Yes,Yes,25506.0,Medium,76.2,5.0,74.7,14.4,No
STU102664,Nusrat Sultana,22.0,Male,Married,2.84,3.1,0,84.7,Yes,No,79360.0,Medium,72.8,9.0,75.0,13.2,No
STU102665,Mehedi Chowdhury,19.0,Male,Married,3.14,3.14,0,97.2,Yes,Yes,104745.0,Low,91.7,6.0,95.9,6.6,No
STU102666,Jannat Sultana,27.0,Male,Single,2.13,2.45,1,88.0,Yes,No,37360.0,High,55.9,4.0,52.8,16.1,No
STU102667,Tasmia Rahman,25.0,Male,Single,3.12,3.31,0,70.7,No,Yes,19792.0,Medium,100.0,7.0,85.1,12.9,No
STU102668,Shuvo Hossain,24.0,Male,Single,2.87,2.62,1,66.7,Yes,No,38141.0,Medium,60.4,4.0,63.6,10.2,No
STU102669,Raisa Sultana,25.0,Female,Single,3.1,3.71,0,86.9,Yes,Yes,96439.0,Low,98.9,9.0,80.8,17.0,No
STU102670,Sumaiya Islam,20.0,Male,Single,3.77,3.87,0,82.6,Yes,No,51047.0,Medium,97.4,7.0,93.6,16.9,No
STU102671,Tanvir Islam,21.0,Female,Single,2.99,3.12,0,86.4,Yes,Yes,20149.0,Medium,75.4,9.0,60.9,10.5,No
STU102672,Nabila Sultana,22.0,Male,Single,2.79,2.5,1,73.7,Yes,Yes,122701.0,Low,64.7,8.0,69.8,8.6,No
STU102673,Jannat Sultana,23.0,Female,Single,2.8,2.34,0,72.6,Yes,No,36949.0,Medium,59.9,5.0,76.8,3.4,No
STU102674,Raisa Rahman,18.0,Female,Single,2.36,2.04,1,89.1,Yes,Yes,33549.0,High,67.2,5.0,75.7,6.0,Yes
STU102675,Mim Rahman,21.0,Female,Single,3.18,3.46,0,92.7,Yes,No,85724.0,Medium,69.8,,69.9,7.8,No
STU102676,Arafat Khan,28.0,Male,Married,3.24,3.75,0,94.5,Yes,No,52404.0,Medium,96.5,9.0,99.3,21.0,No
STU102677,Adnan Ahmed,27.0,Male,Single,3.03,3.12,0,75.7,Yes,No,91436.0,Medium,81.2,5.0,59.2,10.8,No
STU102678,Arafat Sultana,22.0,Male,Single,3.41,3.44,0,85.2,No,Yes,41728.0,High,89.9,4.0,84.7,14.7,No
STU102679,Rakib Karim,24.0,Female,Single,3.42,3.71,0,86.4,Yes,Yes,43187.0,High,88.1,6.0,100.0,18.6,No
STU102680,Nabila Sultana,22.0,Male,Single,3.03,3.45,0,86.4,Yes,No,34633.0,High,67.2,5.0,86.2,19.3,No
STU102681,Nabila Chowdhury,18.0,Female,Single,3.26,2.83,0,76.7,Yes,No,48973.0,Medium,62.3,7.0,73.5,17.7,No
STU102682,Nusrat Rahman,28.0,Female,Single,3.98,4.0,0,98.3,No,No,44042.0,High,99.8,6.0,97.5,22.5,No
STU102683,Mariya Hasan,24.0,Male,Single,2.63,2.52,1,87.1,Yes,Yes,30551.0,Medium,63.4,6.0,66.3,3.3,No
STU102684,Raisa Karim,25.0,Female,Single,3.35,3.67,0,94.3,Yes,No,17755.0,Medium,75.9,5.0,74.0,21.0,No
STU102685,Jannat Chowdhury,24.0,Male,Married,3.04,2.72,0,78.9,Yes,No,58449.0,Medium,84.9,6.0,86.7,7.6,No
STU102686,Rakib Islam,28.0,Male,Married,3.47,3.78,0,,Yes,No,53754.0,Medium,79.7,7.0,81.9,12.2,No
STU102687,Shuvo Akter,21.0,Male,Single,2.64,2.21,3,76.4,Yes,No,38922.0,Medium,46.8,3.0,64.1,2.1,Yes
STU102688,Sumaiya Karim,25.0,Female,Married,3.09,3.43,0,88.3,Yes,Yes,75726.0,Medium,81.1,8.0,76.3,16.4,No
STU102689,Mehedi Karim,22.0,Male,Single,2.69,2.89,0,86.1,Yes,No,48853.0,Medium,80.8,7.0,78.0,21.3,No
STU102690,Sadia Islam,27.0,Female,Single,2.2,1.73,2,68.6,Yes,No,57209.0,Medium,49.3,3.0,69.2,1.5,No
STU102691,Raisa Chowdhury,26.0,Male,Single,3.63,4.0,0,83.3,Yes,No,44882.0,Low,100.0,10.0,79.6,30.0,No
STU102692,Hasan Sultana,27.0,Male,Single,2.8,2.51,0,92.2,Yes,No,18800.0,High,77.3,9.0,75.7,13.3,Yes
STU102693,Tanjim Khan,22.0,Female,Single,2.62,2.96,0,100.0,No,No,92288.0,Medium,87.1,4.0,92.5,10.9,No
STU102694,Arafat Akter,18.0,Male,Single,2.74,2.78,0,76.4,No,No,55433.0,Medium,61.4,5.0,55.5,13.9,Yes
STU102695,Sadia Sultana,26.0,Male,Single,3.82,3.45,0,85.2,Yes,Yes,21695.0,Medium,64.8,5.0,68.3,9.7,No
STU102696,Mehedi Hossain,22.0,Female,Single,3.59,3.29,0,80.9,Yes,No,35080.0,Medium,83.1,5.0,54.7,12.3,No
STU102697,Sumaiya Akter,23.0,Male,Married,2.9,4.0,0,84.0,Yes,Yes,61695.0,Medium,100.0,9.0,81.3,15.7,No
STU102698,Arafat Hossain,21.0,Male,Married,3.39,4.0,0,95.4,Yes,No,103323.0,Medium,100.0,6.0,77.5,21.5,No
STU102699,Arafat Hossain,23.0,Male,Single,2.52,2.45,2,66.4,No,No,52704.0,Medium,69.8,6.0,57.8,12.2,No
STU102700,Mahin Islam,25.0,Male,Single,3.24,3.36,0,76.3,No,No,67537.0,Medium,79.7,6.0,94.8,14.6,Yes
STU102701,Mim Sultana,20.0,Female,Single,2.81,3.17,0,87.4,Yes,No,111395.0,Low,91.1,4.0,58.4,13.0,No
STU102702,Nusrat Akter,22.0,Female,Single,3.2,2.81,0,72.6,Yes,No,108519.0,Low,80.8,8.0,86.9,10.6,Yes
STU102703,Mahin Rahman,19.0,Male,Single,2.38,2.59,0,73.2,Yes,No,52025.0,Medium,63.7,8.0,62.0,2.0,No
STU102704,Mahin Islam,19.0,Male,Single,2.73,3.03,0,76.1,Yes,Yes,64657.0,Medium,69.7,5.0,74.9,10.3,No
STU102705,Nabila Hossain,24.0,Male,Single,3.08,3.19,0,87.7,Yes,No,26268.0,Medium,73.8,7.0,62.9,13.3,No
STU102706,Jannat Ahmed,27.0,Female,Single,3.08,3.49,0,86.6,Yes,No,43742.0,Medium,76.5,6.0,85.2,23.5,No
STU102707,Jannat Ahmed,27.0,Male,Single,2.34,2.39,1,,No,No,56272.0,Medium,34.8,5.0,42.5,1.0,Yes
STU102708,Adnan Hossain,28.0,Male,Single,2.56,2.89,0,83.7,No,No,35731.0,High,65.8,8.0,52.2,12.3,No
STU102709,Nabila Hossain,27.0,Female,Single,3.19,3.26,0,76.7,Yes,Yes,21692.0,Medium,68.1,6.0,68.2,7.7,No
STU102710,Adnan Chowdhury,23.0,Female,Single,3.14,2.68,1,90.3,Yes,Yes,44031.0,Low,68.7,4.0,63.9,10.9,No
STU102711,Mariya Hasan,21.0,Male,Single,3.29,3.58,0,68.0,Yes,Yes,17015.0,Medium,96.4,10.0,76.2,17.8,No
STU102712,Fahim Islam,22.0,Male,Single,3.09,3.48,0,89.2,Yes,No,103257.0,Medium,88.3,7.0,80.5,20.2,No
STU102713,Tanjim Chowdhury,18.0,Male,Single,2.53,2.48,0,84.8,No,No,43603.0,Medium,83.8,5.0,67.0,10.5,Yes
STU102714,Tasmia Rahman,24.0,Male,Single,2.84,2.44,0,66.7,Yes,Yes,80719.0,Low,40.7,4.0,49.2,7.7,No
STU102715,Fahim Ahmed,25.0,Female,Single,3.24,3.5,0,83.5,Yes,No,27742.0,Medium,95.5,7.0,93.4,17.7,No
STU102716,Arafat Akter,26.0,Female,Single,2.55,2.64,0,80.0,Yes,Yes,34123.0,Low,78.2,5.0,83.7,9.7,Yes
STU102717,Raisa Khan,25.0,Female,Single,2.49,2.58,1,74.3,No,No,62168.0,Medium,72.5,5.0,69.3,9.8,No
STU102718,Sumaiya Ahmed,22.0,Male,Single,2.86,2.92,1,82.7,Yes,Yes,102284.0,Low,68.9,7.0,64.9,10.4,No
STU102719,Nusrat Hossain,20.0,Male,Married,3.12,3.42,0,86.8,Yes,Yes,49844.0,Medium,100.0,8.0,100.0,12.0,No
STU102720,Tasmia Karim,27.0,Male,Single,2.17,2.26,1,80.1,Yes,No,28557.0,High,69.1,7.0,82.2,9.9,Yes
STU102721,Rakib Chowdhury,28.0,Male,Single,2.89,2.75,0,83.0,Yes,Yes,72766.0,Low,59.5,6.0,64.8,16.4,No
STU102722,Shuvo Islam,26.0,Female,Single,3.23,2.75,0,81.0,Yes,Yes,24966.0,Medium,68.0,4.0,40.7,6.3,Yes
STU102723,Hasan Islam,23.0,Male,Single,3.32,3.18,1,78.0,Yes,No,92087.0,Low,84.5,7.0,84.9,14.4,No
STU102724,Nabila Sultana,22.0,Male,Single,2.55,2.82,0,82.8,Yes,No,80690.0,Low,77.3,8.0,72.1,17.0,No
STU102725,Fahim Ahmed,20.0,Male,Single,3.17,3.07,0,98.3,Yes,No,29656.0,Medium,84.9,7.0,73.3,12.6,No
STU102726,Mehedi Karim,23.0,Male,Single,3.45,3.72,0,87.0,Yes,Yes,42017.0,Medium,98.3,9.0,81.5,24.1,No
STU102727,Sadia Karim,20.0,Male,Single,3.27,2.85,0,69.3,No,Yes,33975.0,Medium,71.6,7.0,88.2,15.2,No
STU102728,Mehedi Karim,27.0,Female,Single,2.81,2.51,1,85.0,Yes,No,55468.0,Medium,85.3,5.0,81.7,5.4,No
STU102729,Shuvo Hasan,23.0,Male,Single,1.93,1.61,3,80.5,Yes,Yes,58254.0,Medium,67.9,7.0,63.6,1.0,Yes
STU102730,Jannat Hasan,21.0,Female,Married,3.09,3.13,0,88.3,Yes,No,17522.0,Medium,74.0,8.0,68.0,16.6,No
STU102731,Tanjim Sultana,19.0,Male,Married,3.71,4.0,0,100.0,Yes,Yes,59854.0,Medium,100.0,8.0,100.0,11.4,No
STU102732,Adnan Akter,25.0,Male,Single,3.37,4.0,0,91.3,Yes,Yes,42640.0,Medium,76.0,8.0,72.1,13.9,No
STU102733,Shuvo Islam,21.0,Female,Married,3.34,3.66,0,100.0,Yes,Yes,,Low,89.5,7.0,100.0,18.1,No
STU102734,Fahim Khan,26.0,Male,Single,3.08,2.49,0,64.7,Yes,No,62935.0,Medium,63.1,6.0,68.2,6.6,No
STU102735,Nusrat Islam,24.0,Female,Single,3.4,3.18,0,82.1,Yes,No,107550.0,Medium,86.3,6.0,94.4,8.8,No
STU102736,Hasan Rahman,19.0,Male,Single,3.14,2.22,2,75.2,No,No,47816.0,Medium,51.9,3.0,44.2,5.3,Yes
STU102737,Rakib Ahmed,21.0,Male,Single,2.21,2.26,2,63.2,Yes,No,97047.0,Medium,52.0,4.0,51.5,10.4,Yes
STU102738,Mariya Islam,22.0,Female,Single,3.4,3.89,0,99.8,Yes,No,70681.0,Medium,100.0,6.0,100.0,15.1,No
STU102739,Raisa Sultana,20.0,Female,Single,2.61,2.86,0,85.8,Yes,No,71125.0,Medium,97.0,9.0,100.0,10.3,No
STU102740,Adnan Hossain,26.0,Female,Single,3.03,2.5,0,76.1,Yes,Yes,58115.0,Low,82.2,7.0,94.6,9.4,No
STU102741,Hasan Hasan,22.0,Female,Single,3.33,3.75,0,91.9,Yes,No,39846.0,Medium,100.0,9.0,89.2,25.3,No
STU102742,Shuvo Karim,19.0,Male,Single,2.66,3.02,0,84.0,No,Yes,29922.0,Medium,65.7,3.0,81.7,7.6,No
STU102743,Tasmia Rahman,28.0,Female,Single,2.56,3.02,0,88.0,Yes,No,244193.0,Low,58.6,4.0,88.2,6.8,No
STU102744,Mehedi Karim,20.0,Female,Single,3.21,3.55,0,84.3,Yes,No,49483.0,Low,97.5,7.0,100.0,18.0,No
STU102745,Jannat Ahmed,26.0,Male,Single,2.5,2.34,2,50.8,Yes,Yes,48975.0,Medium,38.9,6.0,46.8,11.1,Yes
STU102746,Hasan Islam,24.0,Male,Single,2.91,2.36,1,81.6,No,Yes,81791.0,Medium,57.3,5.0,79.2,4.0,No
STU102747,Tanjim Akter,19.0,Female,Single,3.51,3.86,0,88.3,Yes,No,15882.0,Medium,93.1,7.0,78.5,25.0,No
STU102748,Sakib Chowdhury,26.0,Male,Single,3.73,3.96,0,82.6,Yes,No,61764.0,Low,92.8,5.0,66.5,12.0,No
STU102749,Tasmia Chowdhury,21.0,Male,Single,2.2,1.61,4,55.5,No,No,94440.0,Medium,40.8,5.0,35.6,1.0,Yes
STU102750,Mim Hossain,26.0,Female,Single,2.9,2.61,0,77.1,Yes,No,93114.0,Medium,64.0,6.0,65.3,6.5,Yes
STU102751,Jannat Ahmed,19.0,Male,Single,3.57,3.29,0,70.9,Yes,Yes,61678.0,Medium,72.2,9.0,77.5,13.2,No
STU102752,Tanjim Ahmed,27.0,Male,Single,2.82,3.04,0,74.3,No,Yes,25875.0,Medium,81.1,3.0,81.8,11.5,No
STU102753,Rakib Ahmed,21.0,Female,Single,3.36,3.35,0,83.8,Yes,Yes,73777.0,Low,70.7,6.0,60.3,10.1,No
STU102754,Mariya Sultana,22.0,Male,Single,3.39,3.31,0,83.0,Yes,No,24428.0,Medium,75.2,4.0,59.3,4.6,No
STU102755,Raisa Akter,19.0,Female,Single,2.73,2.6,0,70.4,No,No,103094.0,High,85.5,5.0,81.4,10.9,No
STU102756,Adnan Chowdhury,27.0,Male,Single,3.19,2.86,2,63.2,Yes,No,69157.0,High,70.1,5.0,40.4,8.6,No
STU102757,Tanvir Ahmed,18.0,Male,Single,3.22,3.51,0,78.4,No,Yes,36544.0,Medium,75.8,9.0,85.7,14.7,No
STU102758,Sakib Rahman,24.0,Male,Single,3.41,3.19,0,86.2,Yes,Yes,81480.0,Low,59.2,5.0,63.6,7.9,No
STU102759,Tanvir Ahmed,27.0,Female,Single,2.27,2.62,2,67.1,Yes,No,41338.0,Medium,51.6,4.0,38.5,5.7,Yes
STU102760,Mehedi Rahman,18.0,Male,Single,3.58,3.16,0,91.2,No,No,47541.0,Medium,88.2,7.0,80.2,13.4,No
STU102761,Tanjim Islam,28.0,Male,Single,3.31,3.16,1,90.8,Yes,Yes,66912.0,Low,78.3,7.0,79.0,10.3,No
STU102762,Mahin Khan,28.0,Male,Single,2.49,3.08,0,98.3,Yes,Yes,43726.0,Medium,83.6,6.0,82.6,10.3,No
STU102763,Tasmia Ahmed,25.0,Male,Married,2.94,3.01,0,87.7,No,No,39848.0,Medium,100.0,8.0,100.0,16.1,No
STU102764,Nusrat Akter,20.0,Male,Single,3.38,3.23,0,87.6,Yes,Yes,31907.0,Medium,91.4,7.0,89.1,8.8,No
STU102765,Tanjim Sultana,27.0,Male,Single,2.52,2.33,2,83.0,Yes,No,75648.0,Low,74.7,6.0,70.5,6.9,No
STU102766,Shuvo Akter,23.0,Male,Single,2.58,2.32,3,56.6,Yes,Yes,46087.0,Medium,52.3,5.0,49.4,2.6,Yes
STU102767,Adnan Karim,24.0,Male,Single,3.01,3.14,0,88.8,Yes,No,80169.0,Medium,95.1,6.0,75.6,11.9,No
STU102768,Nabila Karim,27.0,Female,Single,2.8,3.07,1,88.1,Yes,No,32846.0,High,84.7,6.0,72.7,15.8,No
STU102769,Nabila Sultana,18.0,Female,Single,3.11,3.19,0,83.4,Yes,No,26337.0,High,100.0,6.0,100.0,17.7,No
STU102770,Jannat Sultana,23.0,Male,Single,3.37,3.35,0,92.2,Yes,No,82471.0,Medium,67.0,3.0,61.7,14.1,No
STU102771,Tanvir Hasan,24.0,Male,Married,3.12,3.3,0,81.4,Yes,Yes,24954.0,Medium,70.6,8.0,100.0,15.6,No
STU102772,Sakib Karim,23.0,Female,Single,3.0,2.57,0,78.9,Yes,Yes,33211.0,High,53.8,6.0,52.3,10.5,No
STU102773,Sumaiya Akter,21.0,Female,Single,3.37,3.49,0,89.2,Yes,No,62256.0,Low,79.1,8.0,90.5,11.6,No
STU102774,Arafat Sultana,18.0,Male,Single,2.95,3.08,0,85.7,Yes,No,121419.0,Low,79.4,8.0,95.5,12.4,No
STU102775,Jannat Hasan,28.0,Female,Single,2.66,2.74,0,67.5,No,No,55101.0,Medium,84.4,6.0,60.2,8.3,Yes
STU102776,Hasan Hasan,26.0,Male,Single,3.52,3.35,0,80.2,Yes,Yes,25147.0,Medium,100.0,4.0,100.0,15.5,No
STU102777,Sakib Rahman,21.0,Male,Single,1.91,1.68,3,62.8,No,No,27355.0,Medium,42.6,3.0,42.7,1.0,Yes
STU102778,Sakib Hasan,24.0,Male,Single,3.03,2.64,1,79.6,Yes,No,44926.0,Medium,68.0,6.0,47.6,1.0,No
STU102779,Mim Hossain,24.0,Female,Single,2.84,3.28,1,87.3,Yes,No,64038.0,High,80.8,7.0,54.8,13.9,Yes
STU102780,Arafat Hasan,19.0,Male,Single,2.58,2.57,1,75.8,Yes,Yes,26744.0,Medium,63.5,6.0,75.4,13.7,No
STU102781,Hasan Akter,18.0,Female,Single,3.13,3.01,0,92.0,Yes,Yes,27509.0,Low,71.3,5.0,87.5,11.6,No
STU102782,Tasmia Sultana,25.0,Male,Single,3.21,3.05,0,79.8,Yes,No,43552.0,Medium,75.2,4.0,73.3,8.7,No
STU102783,Mariya Akter,25.0,Male,Single,2.63,2.34,1,81.4,Yes,No,66492.0,Medium,56.3,8.0,81.2,4.8,No
STU102784,Sadia Karim,24.0,Male,Single,2.37,2.21,2,68.3,Yes,No,,Low,51.0,6.0,33.4,6.2,No
STU102785,Mehedi Khan,25.0,Female,Single,2.41,2.78,1,69.0,Yes,Yes,12262.0,Medium,65.9,6.0,67.6,16.5,No
STU102786,Hasan Hasan,20.0,Male,Single,3.82,3.99,0,100.0,Yes,No,42697.0,High,95.2,5.0,92.4,4.4,No
STU102787,Rakib Akter,28.0,Male,Married,3.87,4.0,0,94.5,Yes,No,200854.0,Low,92.9,7.0,91.0,21.3,No
STU102788,Rakib Hasan,19.0,Male,Single,3.01,3.3,0,67.8,Yes,No,34876.0,High,68.7,7.0,48.3,10.8,No
STU102789,Mariya Islam,24.0,Female,Single,2.38,3.04,0,90.5,Yes,No,86102.0,Low,87.9,10.0,87.9,13.0,No
STU102790,Fahim Karim,25.0,Male,Single,2.93,2.94,0,83.0,No,No,25633.0,High,87.8,9.0,79.7,1.6,Yes
STU102791,Raisa Sultana,18.0,Male,Single,2.01,1.88,2,74.9,Yes,No,48159.0,Medium,39.1,4.0,54.4,1.0,Yes
STU102792,Mariya Ahmed,27.0,Male,Single,3.14,3.27,0,89.1,Yes,No,82063.0,Medium,81.5,8.0,62.6,13.0,No
STU102793,Tasmia Islam,26.0,Female,Single,2.55,2.75,0,73.1,Yes,No,41869.0,Medium,73.9,7.0,90.0,12.2,No
STU102794,Rakib Akter,28.0,Female,Single,2.46,2.45,1,82.8,Yes,No,23317.0,High,68.3,7.0,72.9,1.2,No
STU102795,Mahin Rahman,21.0,Female,Single,3.44,3.17,0,77.4,Yes,No,46549.0,High,79.7,6.0,79.9,16.2,No
STU102796,Arafat Hasan,21.0,Male,Married,2.93,2.99,0,74.6,Yes,Yes,70652.0,Low,52.4,5.0,72.3,13.6,No
STU102797,Sadia Akter,20.0,Male,Single,3.39,3.55,0,83.4,Yes,No,133288.0,Low,100.0,6.0,98.2,21.5,No
STU102798,Tasmia Sultana,23.0,Female,Single,3.54,3.65,1,74.8,Yes,No,21593.0,Medium,76.1,6.0,81.4,14.7,No
STU102799,Rakib Akter,18.0,Male,Single,2.96,2.41,2,75.8,Yes,Yes,54437.0,Low,57.4,7.0,62.0,4.4,No
STU102800,Tanvir Islam,23.0,Male,Single,3.0,2.52,0,96.9,Yes,No,28259.0,Medium,84.5,7.0,80.8,18.9,No
STU102801,Nabila Karim,19.0,Male,Single,3.48,3.69,0,77.6,No,No,49203.0,High,64.2,3.0,62.8,8.8,No
STU102802,Mahin Karim,26.0,Female,Single,2.76,2.65,0,91.5,Yes,Yes,28068.0,Medium,72.3,5.0,64.0,10.3,Yes
STU102803,Mariya Karim,19.0,Male,Single,3.52,4.0,0,84.6,No,No,31150.0,High,84.1,8.0,77.1,17.8,No
STU102804,Raisa Ahmed,24.0,Female,Single,2.09,2.49,3,63.6,Yes,Yes,109707.0,Low,65.8,3.0,70.1,11.6,No
STU102805,Raisa Ahmed,18.0,Female,Single,2.84,2.46,0,67.4,Yes,No,46671.0,Medium,65.2,7.0,79.5,7.1,No
STU102806,Nusrat Akter,,Male,Single,3.08,3.39,0,88.2,Yes,Yes,22135.0,Medium,73.3,8.0,44.4,12.6,Yes
STU102807,Shuvo Islam,22.0,Male,Single,2.46,2.94,0,69.6,Yes,No,41048.0,Medium,71.4,6.0,81.4,21.5,No
STU102808,Mehedi Hasan,25.0,Female,Single,3.17,3.03,0,78.0,Yes,Yes,64696.0,Medium,74.4,5.0,53.2,17.2,No
STU102809,Sakib Rahman,21.0,Female,Single,3.08,3.05,0,92.4,Yes,No,50557.0,Medium,68.8,3.0,66.7,13.3,No
STU102810,Jannat Hasan,27.0,Female,Single,2.67,2.51,0,92.1,Yes,Yes,58164.0,Low,71.8,4.0,82.8,7.2,No
STU102811,Raisa Karim,24.0,Female,Single,2.65,2.32,1,65.0,Yes,No,128399.0,Medium,71.8,8.0,62.6,10.2,Yes
STU102812,Mahin Sultana,23.0,Male,Single,2.61,3.08,0,79.9,Yes,No,76863.0,Low,82.7,6.0,72.5,17.7,No
STU102813,Shuvo Karim,22.0,Female,Single,2.3,1.52,3,59.9,Yes,No,97040.0,Low,55.4,7.0,48.1,1.0,Yes
STU102814,Mariya Sultana,21.0,Male,Single,3.72,3.52,0,72.9,Yes,No,55687.0,Medium,83.9,6.0,80.7,10.3,No
STU102815,Mehedi Islam,24.0,Female,Single,2.91,2.78,0,75.1,Yes,No,72858.0,Medium,74.1,5.0,60.3,13.1,No
STU102816,Shuvo Khan,22.0,Female,Single,2.39,2.44,0,71.8,Yes,No,30803.0,Medium,42.9,4.0,62.3,10.4,No
STU102817,Sakib Hasan,22.0,Female,Single,2.94,2.57,0,83.0,Yes,Yes,67822.0,Medium,79.7,8.0,89.1,13.7,Yes
STU102818,Jannat Rahman,18.0,Female,Single,3.11,3.51,0,88.3,Yes,No,106160.0,Medium,67.5,,91.5,12.9,No
STU102819,Hasan Chowdhury,19.0,Female,Single,2.63,2.08,2,69.8,Yes,No,50781.0,Medium,71.3,4.0,60.5,5.9,No
STU102820,Arafat Khan,22.0,Male,Single,2.84,2.29,3,65.4,Yes,Yes,35768.0,Medium,49.8,4.0,67.5,6.3,No
STU102821,Arafat Khan,20.0,Female,Single,3.59,3.6,0,98.6,Yes,Yes,93775.0,Medium,92.9,5.0,82.6,18.2,No
STU102822,Sumaiya Hossain,19.0,Male,Single,2.47,2.09,1,71.5,No,Yes,29133.0,Low,53.3,7.0,54.4,4.6,Yes
STU102823,Sumaiya Chowdhury,21.0,Male,Single,2.74,2.8,0,89.3,Yes,No,158653.0,Low,60.9,6.0,67.6,6.7,No
STU102824,Arafat Hasan,21.0,Male,Married,2.1,1.88,0,78.3,Yes,Yes,54113.0,Low,66.9,6.0,69.7,4.5,No
STU102825,Fahim Hossain,21.0,Male,Single,3.82,4.0,0,91.4,Yes,No,18696.0,High,70.9,7.0,74.7,23.5,No
STU102826,Shuvo Hasan,21.0,Female,Single,3.3,3.02,0,90.1,No,No,57665.0,High,73.9,6.0,53.6,14.6,No
STU102827,Mim Hasan,20.0,Female,Single,2.98,3.41,0,82.5,Yes,No,97903.0,Low,74.1,5.0,74.3,15.0,No
STU102828,Tanjim Rahman,24.0,Male,Single,2.68,2.87,0,72.9,Yes,No,83585.0,Medium,62.5,2.0,59.2,7.9,No
STU102829,Tanjim Ahmed,26.0,Male,Single,2.65,2.43,1,74.1,Yes,Yes,45925.0,Low,76.2,6.0,93.1,4.9,No
STU102830,Rakib Rahman,22.0,Male,Married,2.88,3.07,0,96.1,Yes,No,48908.0,High,81.0,10.0,67.2,11.7,No
STU102831,Shuvo Chowdhury,21.0,Female,Single,3.22,3.27,1,83.1,Yes,Yes,83467.0,Low,68.7,4.0,59.3,6.8,No
STU102832,Mahin Hossain,28.0,Male,Single,2.52,2.76,0,75.5,Yes,Yes,15422.0,Medium,55.9,2.0,56.0,12.9,No
STU102833,Raisa Islam,19.0,Female,Single,2.79,2.97,0,74.5,Yes,Yes,33182.0,Medium,80.0,6.0,73.1,19.0,No
STU102834,Sadia Islam,19.0,Female,Single,3.39,3.49,0,72.3,Yes,Yes,30540.0,Medium,91.3,8.0,90.0,10.3,No
STU102835,Tasmia Hossain,22.0,Male,Single,3.72,3.74,0,80.6,No,Yes,71636.0,Low,85.9,5.0,70.2,13.0,No
STU102836,Mariya Hasan,24.0,Female,Single,3.24,3.52,0,88.8,No,No,27796.0,Medium,90.7,6.0,89.6,16.9,No
STU102837,Tasmia Khan,27.0,Female,Single,2.7,3.05,1,77.3,Yes,No,30543.0,Medium,84.2,5.0,63.5,12.5,No
STU102838,Tanvir Karim,27.0,Female,Single,2.93,2.97,0,83.8,Yes,No,35145.0,Medium,77.6,6.0,85.4,12.6,No
STU102839,Mim Chowdhury,26.0,Male,Single,3.19,3.37,0,76.7,Yes,Yes,28594.0,Low,96.8,8.0,99.2,17.1,No
STU102840,Nabila Chowdhury,24.0,Male,Single,2.87,3.15,0,92.4,Yes,No,81032.0,Medium,100.0,7.0,70.3,21.7,No
STU102841,Fahim Hasan,22.0,Female,Married,3.32,3.8,0,95.2,Yes,Yes,34825.0,Low,95.9,6.0,79.6,10.7,No
STU102842,Sadia Hasan,27.0,Male,Single,2.67,3.1,0,77.7,Yes,No,60833.0,Medium,60.6,6.0,75.1,19.9,No
STU102843,Mahin Khan,27.0,Female,Single,3.73,4.0,0,77.3,Yes,Yes,33778.0,Low,95.4,8.0,75.2,16.5,No
STU102844,Adnan Karim,27.0,Male,Single,2.96,2.84,0,82.9,Yes,No,44785.0,Medium,78.2,6.0,81.1,9.5,No
STU102845,Nabila Ahmed,23.0,Male,Single,2.72,2.32,0,58.9,Yes,No,40643.0,High,43.1,5.0,46.9,6.6,Yes
STU102846,Tanjim Karim,28.0,Male,Single,3.27,3.43,0,73.6,Yes,Yes,16066.0,Medium,73.8,7.0,80.7,11.5,No
STU102847,Hasan Sultana,20.0,Female,Married,2.56,2.72,2,,No,Yes,23547.0,High,65.4,4.0,65.9,18.7,Yes
STU102848,Tanjim Hossain,22.0,Male,Single,3.07,2.95,0,73.6,Yes,No,22742.0,High,72.9,4.0,83.6,12.7,No
STU102849,Arafat Sultana,25.0,Female,Single,3.63,3.23,0,95.5,Yes,No,82051.0,Medium,75.0,7.0,76.8,16.7,No
STU102850,Mehedi Karim,18.0,Male,Single,2.45,2.95,0,78.6,Yes,No,91386.0,Medium,65.6,9.0,78.7,16.0,No
STU102851,Adnan Hossain,18.0,Female,Single,3.54,3.66,0,91.7,Yes,Yes,34320.0,Medium,77.5,3.0,78.3,17.0,No
STU102852,Shuvo Sultana,24.0,Female,Single,2.42,2.06,1,51.9,Yes,Yes,57572.0,Medium,48.9,7.0,59.0,1.7,Yes
STU102853,Sumaiya Rahman,22.0,Male,Single,3.37,3.33,0,68.6,Yes,No,30670.0,Medium,74.4,6.0,97.0,15.7,No
STU102854,Arafat Ahmed,22.0,Male,Single,2.57,2.17,2,63.3,Yes,No,52640.0,Medium,77.3,8.0,64.2,3.9,No
STU102855,Tanjim Hasan,18.0,Male,Single,3.54,3.74,0,89.8,Yes,Yes,37030.0,Medium,83.5,5.0,77.9,18.4,No
STU102856,Nusrat Islam,26.0,Male,Single,2.74,3.3,0,72.9,Yes,Yes,33908.0,Medium,44.0,4.0,50.6,8.0,Yes
STU102857,Hasan Rahman,18.0,Female,Single,2.84,2.78,1,80.5,No,No,62648.0,Medium,58.1,7.0,57.2,8.3,No
STU102858,Raisa Sultana,22.0,Male,Single,2.58,2.55,1,87.5,Yes,No,53705.0,High,59.9,7.0,59.1,6.2,Yes
STU102859,Sumaiya Khan,27.0,Male,Single,1.91,1.83,2,59.6,Yes,Yes,29796.0,Low,48.0,4.0,55.1,1.0,No
STU102860,Mehedi Hossain,26.0,Female,Single,2.49,2.42,1,74.2,Yes,Yes,115594.0,Low,54.5,5.0,57.0,3.1,No
STU102861,Mim Ahmed,21.0,Male,Single,2.24,2.01,2,65.6,Yes,Yes,124132.0,Low,72.3,5.0,73.7,6.8,No
STU102862,Mim Ahmed,25.0,Female,Single,2.08,2.5,1,71.2,Yes,Yes,48036.0,Low,61.2,3.0,60.7,1.0,Yes
STU102863,Nabila Hossain,23.0,Male,Single,3.13,3.19,0,86.4,No,No,62825.0,High,72.3,6.0,80.3,13.6,Yes
STU102864,Nusrat Rahman,28.0,Female,Married,3.69,3.71,0,87.7,Yes,Yes,162302.0,Low,80.2,6.0,86.4,16.6,No
STU102865,Arafat Sultana,20.0,Male,Single,3.81,3.74,0,86.3,Yes,Yes,62703.0,Low,83.8,6.0,77.3,20.9,No
STU102866,Nusrat Khan,21.0,Male,Single,2.48,2.09,2,70.0,No,No,21330.0,Medium,62.1,3.0,40.3,1.0,Yes
STU102867,Nusrat Akter,19.0,Male,Single,2.95,3.23,0,91.6,Yes,No,46080.0,Medium,77.6,6.0,80.6,11.2,No
STU102868,Adnan Hasan,18.0,Male,Single,3.52,3.95,0,95.0,Yes,No,37210.0,Medium,95.2,8.0,89.3,8.4,No
STU102869,Mehedi Chowdhury,25.0,Male,Married,2.41,1.85,3,48.0,Yes,No,35274.0,High,40.7,5.0,38.0,4.1,Yes
STU102870,Hasan Islam,18.0,Male,Single,3.54,3.75,0,80.1,Yes,No,57429.0,Medium,69.0,6.0,58.1,20.4,No
STU102871,Raisa Islam,28.0,Female,Single,3.55,3.81,0,93.7,No,Yes,34536.0,Medium,94.1,5.0,80.8,24.0,No
STU102872,Jannat Karim,18.0,Male,Single,2.12,2.51,1,98.3,Yes,No,71218.0,Low,77.0,6.0,68.5,16.1,No
STU102873,Sadia Hasan,21.0,Female,Single,1.94,2.3,1,67.5,No,Yes,31902.0,Medium,64.5,7.0,64.9,6.4,Yes
STU102874,Nabila Hossain,27.0,Male,Single,2.82,3.61,0,73.4,Yes,No,24596.0,Medium,75.9,5.0,73.4,14.7,No
STU102875,Tanjim Hossain,27.0,Female,Single,3.42,3.54,0,100.0,No,No,90390.0,Medium,86.1,4.0,78.9,20.1,No
STU102876,Sakib Ahmed,23.0,Male,Single,2.32,2.61,0,90.3,Yes,No,38755.0,Medium,67.7,5.0,42.0,6.8,No
STU102877,Raisa Hasan,26.0,Male,Single,2.08,2.09,1,82.5,No,No,69769.0,Medium,70.8,5.0,80.1,8.0,No
STU102878,Mariya Ahmed,18.0,Male,Married,3.03,2.79,1,78.3,Yes,No,26811.0,Medium,52.8,7.0,45.5,10.6,Yes
STU102879,Mim Ahmed,24.0,Male,Single,3.28,3.5,0,85.5,No,No,40693.0,Medium,84.4,8.0,72.5,19.7,No
STU102880,Mariya Karim,27.0,Male,Single,2.69,2.99,0,80.7,Yes,Yes,64401.0,Medium,100.0,10.0,72.4,12.3,No
STU102881,Mariya Hossain,28.0,Male,Single,2.73,2.83,0,87.5,Yes,No,29387.0,Medium,76.8,7.0,100.0,16.4,No
STU102882,Tanjim Islam,22.0,Female,Single,3.28,2.78,1,88.5,Yes,Yes,57958.0,Medium,89.9,10.0,82.1,13.4,No
STU102883,Tanjim Sultana,25.0,Female,Single,2.61,2.17,2,70.9,Yes,No,86822.0,Low,49.2,8.0,50.1,4.5,No
STU102884,Mehedi Karim,24.0,Male,Single,2.64,2.87,1,85.0,Yes,No,54747.0,Medium,74.0,7.0,55.2,8.8,No
STU102885,Nabila Ahmed,21.0,Female,Single,3.12,3.02,0,94.6,No,Yes,33470.0,Medium,71.2,7.0,76.8,5.5,No
STU102886,Mim Ahmed,21.0,Female,Single,3.18,3.28,0,92.7,Yes,No,32006.0,High,64.3,7.0,65.2,18.1,Yes
STU102887,Tanjim Karim,23.0,Female,Single,2.9,3.04,0,87.6,Yes,No,29665.0,Medium,70.5,7.0,71.5,14.8,No
STU102888,Mim Karim,23.0,Male,Single,3.67,3.63,0,80.6,Yes,No,27747.0,Medium,74.4,5.0,85.2,18.8,No
STU102889,Nusrat Ahmed,26.0,Male,Married,3.34,3.26,0,78.2,No,No,70989.0,Low,69.6,6.0,51.6,8.6,No
STU102890,Mariya Khan,22.0,Male,Single,2.84,2.8,0,64.9,No,No,26953.0,High,73.7,6.0,81.7,2.9,Yes
STU102891,Nusrat Hasan,25.0,Female,Single,2.42,2.6,0,82.2,Yes,No,38290.0,High,66.9,7.0,55.0,21.8,No
STU102892,Mehedi Karim,22.0,Male,Single,3.45,3.59,0,87.7,Yes,No,49599.0,Medium,77.7,7.0,83.7,13.0,No
STU102893,Mehedi Rahman,19.0,Male,Single,3.46,3.22,0,95.2,Yes,No,36669.0,Medium,77.9,7.0,80.2,9.5,No
STU102894,Mehedi Karim,23.0,Male,Married,2.96,2.95,0,85.7,Yes,No,30864.0,High,70.6,4.0,42.7,8.6,No
STU102895,Nabila Chowdhury,26.0,Male,Single,3.12,2.81,0,77.5,Yes,Yes,86821.0,Low,68.2,5.0,70.3,19.0,No
STU102896,Shuvo Chowdhury,20.0,Female,Single,3.32,3.47,0,81.4,Yes,No,32129.0,High,98.5,7.0,74.9,14.5,No
STU102897,Tanvir Chowdhury,18.0,Male,Married,3.72,3.58,0,89.8,No,No,49616.0,Medium,97.3,10.0,98.7,14.5,No
STU102898,Mahin Hossain,18.0,Female,Single,3.4,3.62,0,89.2,Yes,Yes,33833.0,Medium,54.2,5.0,64.7,21.9,No
STU102899,Shuvo Khan,20.0,Female,Single,3.2,3.13,0,99.4,Yes,Yes,32787.0,Medium,77.7,5.0,60.9,14.8,No
STU102900,Raisa Rahman,27.0,Male,Married,3.42,3.76,0,87.1,No,No,21657.0,High,96.1,8.0,78.7,17.8,No
STU102901,Rakib Chowdhury,22.0,Male,Single,3.52,3.92,0,93.7,Yes,Yes,45389.0,Medium,92.6,8.0,98.5,19.6,No
STU102902,Mehedi Sultana,20.0,Female,Single,3.12,3.26,0,98.8,Yes,Yes,22071.0,Low,77.8,6.0,70.8,13.4,No
STU102903,Rakib Karim,26.0,Male,Single,3.41,3.3,0,83.1,Yes,No,52756.0,Medium,,,54.7,8.9,No
STU102904,Sakib Ahmed,,Male,Single,2.7,2.41,1,71.3,Yes,No,38275.0,Medium,70.6,8.0,85.9,13.1,No
STU102905,Sumaiya Ahmed,20.0,Male,Single,3.47,3.75,0,76.0,Yes,Yes,26580.0,Medium,86.7,6.0,82.8,15.5,No
STU102906,Sakib Karim,26.0,Female,Single,2.7,2.68,1,73.2,No,No,24089.0,Medium,39.6,3.0,49.7,5.6,No
STU102907,Nusrat Islam,23.0,Female,Single,2.55,2.56,2,75.9,Yes,Yes,12693.0,Medium,26.3,1.0,29.8,1.0,No
STU102908,Arafat Ahmed,24.0,Male,Single,2.94,2.83,2,87.0,Yes,Yes,64455.0,Medium,72.7,10.0,52.9,14.2,No
STU102909,Sakib Karim,21.0,Male,Single,2.4,1.98,2,55.5,No,No,43689.0,High,56.8,4.0,71.3,4.5,Yes
STU102910,Mariya Sultana,21.0,Male,Single,2.73,3.05,0,74.4,Yes,No,49069.0,Medium,72.8,6.0,64.5,14.9,No
STU102911,Sakib Akter,19.0,Female,Married,3.17,3.14,3,57.2,Yes,No,59125.0,Medium,79.2,6.0,61.7,16.3,No
STU102912,Tanvir Sultana,22.0,Male,Single,3.13,2.57,2,,No,No,107375.0,Medium,70.0,4.0,70.5,8.5,No
STU102913,Sumaiya Khan,25.0,Female,Single,3.29,3.25,0,85.4,No,Yes,26572.0,Medium,76.8,8.0,86.6,16.1,No
STU102914,Raisa Rahman,24.0,Male,Single,3.29,2.89,0,77.2,No,No,31983.0,High,79.1,7.0,72.4,15.9,Yes
STU102915,Rakib Hasan,24.0,Female,Single,3.17,3.35,0,68.6,Yes,Yes,60143.0,Medium,60.3,5.0,54.9,13.3,No
STU102916,Tanvir Hossain,23.0,Male,Single,2.62,2.75,0,80.0,Yes,No,67431.0,Medium,64.4,3.0,47.5,12.5,No
STU102917,Sakib Ahmed,20.0,Female,Single,3.42,3.87,0,85.3,Yes,No,46540.0,High,72.2,6.0,96.2,16.0,No
STU102918,Mariya Rahman,22.0,Male,Single,2.95,2.51,0,61.9,Yes,Yes,14737.0,High,72.1,7.0,81.0,13.2,No
STU102919,Adnan Khan,18.0,Female,Single,3.11,3.54,0,83.7,Yes,Yes,13225.0,Medium,93.9,6.0,91.7,13.0,No
STU102920,Hasan Karim,24.0,Male,Single,3.05,3.2,0,94.6,Yes,No,43103.0,Medium,89.5,8.0,60.4,17.2,No
STU102921,Sumaiya Akter,26.0,Male,Single,3.71,3.3,0,82.0,Yes,No,81725.0,Low,82.1,8.0,71.7,12.5,No
STU102922,Hasan Hossain,18.0,Male,Married,2.46,3.01,0,92.7,No,No,99148.0,Low,54.7,6.0,65.1,14.7,No
STU102923,Arafat Islam,19.0,Female,Single,2.85,2.81,1,91.5,Yes,No,17589.0,Medium,90.9,6.0,73.7,7.8,No
STU102924,Tasmia Rahman,20.0,Female,Single,3.24,2.88,2,72.6,Yes,Yes,58128.0,Medium,28.6,3.0,30.7,11.6,Yes
STU102925,Tanjim Hasan,20.0,Male,Married,3.01,3.32,0,83.8,No,Yes,57436.0,Low,81.1,7.0,61.8,4.6,Yes
STU102926,Nusrat Karim,25.0,Female,Married,2.78,2.46,2,76.2,Yes,Yes,33599.0,Medium,,7.0,54.6,8.8,No
STU102927,Sakib Islam,24.0,Female,Married,2.14,2.48,2,81.1,Yes,No,48622.0,High,56.8,4.0,53.2,1.0,Yes
STU102928,Raisa Akter,23.0,Female,Single,2.87,2.81,0,93.3,Yes,Yes,39371.0,Medium,70.5,6.0,65.7,11.7,Yes
STU102929,Sakib Sultana,27.0,Female,Single,3.16,3.06,0,96.1,Yes,Yes,23960.0,Medium,81.6,6.0,70.7,8.5,No
STU102930,Mim Karim,27.0,Female,Single,3.24,2.85,0,74.2,Yes,No,31936.0,Medium,88.1,6.0,84.8,12.4,No
STU102931,Mahin Hasan,28.0,Male,Single,2.92,2.61,0,92.0,Yes,No,136489.0,Low,74.8,8.0,55.9,13.1,No
STU102932,Tanjim Rahman,21.0,Female,Single,3.08,3.13,0,87.7,No,Yes,52761.0,Medium,79.4,6.0,86.3,8.6,No
STU102933,Sakib Khan,26.0,Female,Single,2.49,1.99,3,60.3,No,Yes,23110.0,Medium,37.6,3.0,29.9,1.0,Yes
STU102934,Nabila Hasan,18.0,Female,Single,3.18,3.38,0,74.8,Yes,No,24242.0,Low,69.0,4.0,76.8,1.0,No
STU102935,Tanjim Rahman,28.0,Male,Single,3.0,2.85,0,73.6,Yes,Yes,105971.0,Low,77.9,6.0,45.5,17.6,No
STU102936,Shuvo Chowdhury,19.0,Male,Single,3.07,2.96,0,84.9,Yes,Yes,34381.0,Medium,77.5,9.0,76.3,22.0,No
STU102937,Mahin Chowdhury,21.0,Male,Single,2.9,3.08,0,78.2,Yes,No,36639.0,High,82.6,5.0,73.2,18.1,No
STU102938,Hasan Chowdhury,20.0,Female,Single,3.1,3.03,2,79.5,Yes,No,69585.0,Medium,82.0,7.0,82.8,10.4,No
STU102939,Mehedi Hossain,18.0,Female,Single,3.29,3.65,0,77.1,No,No,37321.0,High,73.6,7.0,66.4,20.4,Yes
STU102940,Sadia Ahmed,22.0,Male,Single,3.11,2.5,0,71.2,Yes,Yes,33587.0,Medium,87.9,5.0,86.5,11.6,No
STU102941,Nabila Karim,24.0,Female,Single,2.18,2.42,1,73.5,Yes,No,50845.0,Low,63.8,4.0,64.7,13.1,No
STU102942,Mahin Hasan,19.0,Female,Single,3.12,3.13,0,81.5,Yes,No,30483.0,High,76.7,5.0,64.6,12.7,No
STU102943,Arafat Khan,22.0,Female,Single,2.83,2.63,1,64.5,No,No,34782.0,High,66.1,7.0,57.3,11.5,Yes
STU102944,Arafat Islam,23.0,Male,Married,2.68,2.97,0,76.1,Yes,No,108105.0,Low,80.0,3.0,74.0,10.1,No
STU102945,Tasmia Islam,28.0,Female,Single,3.61,3.78,0,72.6,Yes,Yes,28615.0,Medium,88.0,9.0,93.9,9.3,No
STU102946,Shuvo Ahmed,24.0,Male,Single,2.58,2.65,0,79.8,No,No,39240.0,Medium,91.0,6.0,87.6,19.2,Yes
STU102947,Mahin Hossain,18.0,Female,Single,2.63,2.56,0,92.2,Yes,No,145747.0,Low,65.1,5.0,59.8,16.0,No
STU102948,Fahim Hossain,24.0,Male,Single,1.99,1.78,1,62.3,Yes,Yes,12000.0,Medium,27.8,0.0,44.8,4.3,No
STU102949,Mahin Chowdhury,21.0,Male,Single,3.65,3.32,0,76.0,Yes,No,127899.0,Medium,66.7,5.0,52.2,11.2,No
STU102950,Sumaiya Hasan,25.0,Female,Single,3.4,3.81,0,97.3,Yes,No,60117.0,Medium,87.5,9.0,72.0,15.9,No
STU102951,Arafat Sultana,21.0,Male,Married,2.85,3.1,0,72.3,Yes,No,58160.0,Low,57.5,4.0,63.6,12.3,No
STU102952,Mehedi Karim,23.0,Male,Single,3.28,3.45,0,94.6,Yes,No,57669.0,Medium,79.8,9.0,61.6,24.1,No
STU102953,Nabila Hasan,26.0,Female,Single,2.0,1.87,2,56.1,Yes,No,35506.0,High,30.4,1.0,38.2,1.5,Yes
STU102954,Tanvir Chowdhury,22.0,Male,Married,3.21,3.82,0,85.4,Yes,No,25893.0,Medium,68.5,4.0,87.0,13.4,No
STU102955,Raisa Khan,21.0,Male,Single,2.61,2.41,1,72.1,No,No,44358.0,Medium,68.8,6.0,56.9,3.4,No
STU102956,Fahim Chowdhury,25.0,Male,Single,3.75,3.64,0,93.5,Yes,No,42293.0,Medium,99.6,8.0,100.0,10.8,No
STU102957,Adnan Karim,26.0,Male,Single,3.17,3.71,0,100.0,Yes,No,50973.0,Low,84.7,7.0,67.7,12.9,No
STU102958,Tanjim Ahmed,21.0,Male,Married,3.06,3.04,1,76.2,Yes,No,38077.0,Medium,,4.0,52.3,17.6,No
STU102959,Nusrat Islam,20.0,Male,Married,2.63,3.15,0,83.0,Yes,No,71456.0,Medium,89.4,9.0,87.7,6.9,No
STU102960,Shuvo Akter,25.0,Female,Married,2.63,2.75,0,64.6,Yes,No,70530.0,Medium,54.8,5.0,40.4,11.0,Yes
STU102961,Adnan Hossain,22.0,Male,Single,3.27,3.11,1,79.5,Yes,Yes,20295.0,High,72.6,,70.2,11.9,No
STU102962,Rakib Chowdhury,19.0,Male,Single,2.63,2.57,1,85.9,Yes,No,17714.0,High,59.5,4.0,52.6,7.4,Yes
STU102963,Rakib Sultana,27.0,Male,Single,2.61,2.39,0,98.4,Yes,No,29332.0,Medium,77.7,7.0,91.4,5.5,No
STU102964,Jannat Hasan,26.0,Male,Single,3.63,3.84,0,85.5,Yes,Yes,21629.0,Medium,83.4,6.0,88.8,19.2,No
STU102965,Jannat Hossain,20.0,Female,Married,3.13,3.5,0,92.4,Yes,No,80841.0,Medium,100.0,9.0,93.7,16.9,No
STU102966,Nusrat Ahmed,19.0,Female,Single,2.51,2.65,0,89.6,Yes,No,31533.0,Low,56.7,6.0,64.6,12.1,No
STU102967,Nusrat Hossain,18.0,Male,Single,3.25,3.33,0,71.7,Yes,Yes,59912.0,Low,65.3,6.0,73.3,14.8,No
STU102968,Nabila Rahman,25.0,Male,Single,2.87,2.56,0,91.3,No,Yes,41755.0,Medium,76.0,6.0,88.3,5.5,No
STU102969,Adnan Ahmed,28.0,Male,Single,2.21,2.53,1,68.0,Yes,No,74158.0,High,63.1,3.0,48.9,7.0,No
STU102970,Hasan Rahman,20.0,Female,Single,2.78,3.03,0,84.6,Yes,No,35408.0,Medium,66.2,8.0,54.3,12.6,Yes
STU102971,Nabila Rahman,24.0,Female,Single,2.53,2.61,0,67.5,No,No,19000.0,High,57.6,9.0,65.0,2.6,Yes
STU102972,Nusrat Sultana,18.0,Male,Single,3.12,3.02,0,78.9,Yes,Yes,30733.0,Low,70.9,6.0,71.8,15.7,No
STU102973,Sadia Khan,18.0,Male,Single,2.7,2.72,0,64.6,Yes,Yes,12000.0,Medium,54.7,4.0,81.8,15.1,No
STU102974,Mehedi Hossain,26.0,Female,Single,3.04,2.77,0,82.5,Yes,Yes,19625.0,Medium,66.0,,77.3,11.4,No
STU102975,Fahim Sultana,25.0,Female,Single,3.3,2.86,0,94.7,Yes,No,54251.0,Medium,77.1,8.0,63.4,10.0,No
STU102976,Jannat Chowdhury,20.0,Female,Married,4.0,3.91,0,89.6,Yes,No,50071.0,High,84.1,6.0,75.8,11.4,No
STU102977,Mahin Rahman,23.0,Male,Single,3.89,3.63,0,74.1,Yes,Yes,32871.0,Medium,71.9,8.0,73.1,13.2,No
STU102978,Hasan Chowdhury,28.0,Male,Married,3.1,2.95,0,78.5,Yes,Yes,40952.0,Medium,77.9,7.0,52.8,14.5,No
STU102979,Shuvo Ahmed,20.0,Male,Single,2.98,2.83,0,82.6,Yes,Yes,18735.0,High,60.4,4.0,61.1,14.1,No
STU102980,Tanjim Rahman,21.0,Female,Single,2.73,2.71,2,72.4,Yes,No,65257.0,High,64.1,7.0,52.7,11.1,Yes
STU102981,Nabila Khan,18.0,Female,Single,2.26,2.22,2,75.8,No,Yes,40200.0,Medium,54.1,6.0,46.4,1.0,Yes
STU102982,Shuvo Ahmed,22.0,Male,Single,1.97,1.2,4,73.7,Yes,No,60144.0,Medium,17.7,2.0,14.2,1.0,Yes
STU102983,Nusrat Sultana,18.0,Male,Single,2.62,2.73,1,76.3,Yes,No,58254.0,Medium,52.8,5.0,55.0,10.9,Yes
STU102984,Shuvo Hasan,18.0,Male,Single,3.74,3.78,0,87.0,No,No,52590.0,Medium,54.6,3.0,85.6,9.5,Yes
STU102985,Sakib Hossain,27.0,Male,Single,3.72,4.0,0,83.5,Yes,No,26721.0,High,99.0,8.0,69.3,16.2,No
STU102986,Raisa Hossain,28.0,Male,Single,3.03,2.97,1,88.0,Yes,No,52429.0,Low,69.9,7.0,58.0,7.6,No
STU102987,Mim Akter,28.0,Female,Single,3.21,3.53,0,100.0,Yes,Yes,57246.0,Medium,92.3,6.0,96.1,9.7,No
STU102988,Jannat Hossain,24.0,Male,Single,2.73,2.68,0,77.7,No,Yes,31084.0,High,79.9,8.0,90.3,13.6,No
STU102989,Mahin Islam,23.0,Male,Single,2.99,3.09,0,85.0,Yes,Yes,53606.0,Low,65.8,5.0,47.5,14.5,No
STU102990,Mehedi Karim,19.0,Female,Single,2.65,2.38,1,75.5,Yes,Yes,20255.0,Low,55.2,4.0,54.4,6.7,No
STU102991,Mim Hasan,28.0,Male,Single,2.65,2.99,0,75.0,Yes,No,60863.0,Low,66.7,9.0,73.3,17.5,No
STU102992,Mariya Hossain,19.0,Male,Single,3.28,3.67,0,93.9,Yes,Yes,53280.0,Medium,99.8,9.0,90.9,19.4,No
STU102993,Arafat Hossain,28.0,Male,Married,2.73,3.29,0,84.0,Yes,No,102173.0,Low,85.9,3.0,75.2,15.0,No
STU102994,Hasan Hasan,24.0,Female,Single,3.22,3.06,0,84.5,Yes,No,129589.0,Medium,71.4,8.0,84.3,12.5,No
STU102995,Jannat Akter,18.0,Female,Married,2.93,3.09,0,91.4,Yes,No,39139.0,Medium,98.4,8.0,94.0,17.6,No
STU102996,Mariya Islam,19.0,Male,Single,3.64,3.21,0,80.7,Yes,No,59593.0,Medium,56.7,6.0,57.6,13.8,No
STU102997,Nusrat Sultana,25.0,Male,Single,3.25,2.68,0,80.3,Yes,No,54425.0,Medium,78.9,6.0,58.3,8.3,No
STU102998,Nusrat Akter,23.0,Male,Single,3.11,3.28,0,77.7,Yes,No,38688.0,Medium,68.9,4.0,83.6,14.9,No
STU102999,Tanjim Karim,19.0,Female,Single,2.36,2.32,0,66.8,Yes,Yes,16948.0,Medium,50.7,7.0,92.5,11.4,Yes
STU103000,Sadia Rahman,24.0,Female,Single,2.78,2.39,0,78.2,Yes,Yes,24097.0,Medium,88.2,7.0,74.1,15.9,No
STU103001,Arafat Hossain,21.0,Female,Single,2.98,3.03,0,84.1,Yes,No,33554.0,Medium,100.0,7.0,100.0,23.6,No
STU103002,Nusrat Hossain,19.0,Male,Single,3.02,3.3,0,92.7,No,No,52188.0,Medium,100.0,5.0,89.8,20.9,No
STU103003,Arafat Islam,23.0,Female,Single,3.3,3.32,0,77.7,Yes,No,96223.0,Medium,72.5,7.0,74.9,8.8,No
STU103004,Sadia Sultana,28.0,Female,Single,3.09,3.46,0,76.2,Yes,No,42538.0,Low,75.2,5.0,97.1,16.1,No
STU103005,Hasan Chowdhury,26.0,Female,Single,2.54,2.34,2,86.7,Yes,No,79746.0,Medium,68.5,4.0,83.5,11.1,Yes
STU103006,Jannat Khan,28.0,Female,Single,3.27,3.59,0,87.9,Yes,Yes,99835.0,Low,96.4,9.0,72.4,10.2,Yes
STU103007,Shuvo Ahmed,26.0,Male,Single,2.79,2.68,3,58.0,Yes,No,32840.0,Low,34.0,0.0,44.8,6.3,Yes
STU103008,Tanjim Sultana,25.0,Male,Single,2.71,3.08,0,82.1,Yes,Yes,20796.0,Medium,,5.0,90.2,11.5,No
STU103009,Sakib Hossain,20.0,Male,Married,2.5,2.12,0,69.1,Yes,No,45936.0,Medium,47.7,6.0,51.5,3.5,No
STU103010,Adnan Ahmed,20.0,Male,Single,2.84,2.91,1,81.5,Yes,Yes,21554.0,Medium,66.9,7.0,76.4,12.1,No
STU103011,Raisa Hasan,19.0,Female,Single,2.75,2.82,0,76.8,Yes,Yes,122269.0,Low,71.8,4.0,56.4,7.2,No
STU103012,Rakib Ahmed,22.0,Female,Single,3.52,3.67,0,98.5,Yes,No,85456.0,Medium,87.8,9.0,77.4,13.3,No
STU103013,Mehedi Akter,21.0,Female,Single,2.88,2.77,0,68.5,Yes,No,97673.0,Medium,57.2,6.0,82.6,7.6,Yes
STU103014,Raisa Karim,24.0,Male,Single,3.24,3.37,0,96.5,Yes,No,17378.0,Medium,80.4,5.0,82.0,9.5,No
STU103015,Hasan Hasan,21.0,Male,Single,2.19,2.13,2,75.7,No,No,36845.0,Medium,58.6,,68.1,3.0,Yes
STU103016,Jannat Sultana,26.0,Female,Married,3.33,3.18,0,86.3,Yes,No,46339.0,High,81.2,7.0,78.6,19.3,No
STU103017,Mehedi Akter,19.0,Male,Single,3.29,3.71,0,97.0,Yes,No,56127.0,Medium,98.2,7.0,83.3,13.1,No
STU103018,Tanvir Karim,28.0,Male,Single,2.34,2.37,2,81.9,Yes,Yes,36896.0,Medium,41.6,5.0,61.9,5.6,No
STU103019,Fahim Islam,23.0,Female,Single,2.61,2.15,0,75.2,No,No,12000.0,High,71.2,5.0,93.9,7.2,No
STU103020,Mahin Sultana,24.0,Female,Single,2.7,2.5,2,86.7,Yes,No,58032.0,Medium,80.3,8.0,81.3,15.5,No
STU103021,Mehedi Sultana,21.0,Male,Single,2.91,3.34,0,90.3,Yes,Yes,118920.0,Low,94.7,6.0,80.7,18.5,No
STU103022,Raisa Ahmed,23.0,Female,Single,2.68,2.41,0,72.4,Yes,Yes,135930.0,Low,40.1,5.0,75.4,6.7,No
STU103023,Mahin Karim,24.0,Female,Single,2.89,3.05,2,64.3,No,No,,High,63.8,5.0,70.5,16.3,Yes
STU103024,Sadia Chowdhury,21.0,Female,Single,3.29,3.09,0,92.4,Yes,No,46986.0,Medium,81.2,6.0,64.7,10.5,No
STU103025,Sakib Sultana,25.0,Female,Single,2.75,2.32,2,70.5,Yes,Yes,25875.0,Low,46.8,3.0,53.3,11.6,No
STU103026,Jannat Hasan,26.0,Male,Single,3.13,3.28,0,68.1,Yes,No,47011.0,Medium,,5.0,81.6,19.8,No
STU103027,Tanjim Akter,,Female,Single,3.08,2.98,0,84.8,Yes,No,35545.0,High,,8.0,83.1,13.6,No
STU103028,Raisa Karim,24.0,Male,Single,1.67,2.15,1,69.8,No,No,33838.0,Medium,60.1,7.0,47.0,3.6,Yes
STU103029,Sumaiya Sultana,26.0,Male,Single,2.64,2.97,1,72.8,No,Yes,19759.0,Medium,57.2,7.0,55.5,15.3,No
STU103030,Tasmia Ahmed,27.0,Female,Single,3.44,3.82,0,97.7,Yes,Yes,105024.0,Low,91.6,8.0,84.2,20.5,No
STU103031,Nusrat Karim,22.0,Male,Single,2.6,2.92,0,74.2,No,No,39361.0,High,86.6,10.0,71.2,15.6,Yes
STU103032,Mariya Chowdhury,19.0,Female,Single,2.52,2.72,2,69.7,Yes,Yes,34589.0,Medium,79.8,5.0,66.2,10.9,Yes
STU103033,Mariya Islam,27.0,Female,Single,3.47,,1,77.5,Yes,No,50911.0,Medium,66.2,6.0,84.6,9.7,No
STU103034,Sumaiya Hossain,23.0,Female,Single,3.07,3.0,0,91.1,Yes,No,32731.0,High,72.5,3.0,64.8,14.5,No
STU103035,Hasan Islam,24.0,Female,Single,3.66,3.86,0,78.3,Yes,Yes,14199.0,Medium,89.5,7.0,88.5,14.0,No
STU103036,Tanjim Islam,19.0,Male,Single,2.79,2.7,0,73.9,Yes,No,92268.0,Low,55.5,4.0,71.0,6.4,No
STU103037,Hasan Islam,19.0,Male,Single,3.54,3.53,0,90.1,No,Yes,45861.0,Medium,59.8,5.0,56.4,19.8,No
STU103038,Mehedi Chowdhury,27.0,Male,Single,2.6,2.82,1,82.0,Yes,No,69388.0,Medium,65.4,3.0,59.5,20.1,Yes
STU103039,Fahim Islam,27.0,Male,Single,1.84,2.16,1,62.2,Yes,No,50056.0,High,60.8,4.0,66.9,5.4,Yes
STU103040,Tanjim Chowdhury,18.0,Male,Single,3.3,3.03,0,78.7,Yes,No,75828.0,Low,64.9,8.0,74.6,16.2,No
STU103041,Tanjim Islam,21.0,Female,Single,3.26,3.46,0,84.6,No,No,66206.0,Medium,,8.0,71.2,16.9,No
STU103042,Tanvir Akter,24.0,Female,Single,3.3,3.47,0,88.4,Yes,Yes,13287.0,Medium,78.6,5.0,86.2,14.3,No
STU103043,Jannat Akter,26.0,Female,Single,2.91,2.61,1,74.0,Yes,Yes,57583.0,Medium,69.9,6.0,78.3,8.1,No
STU103044,Tanjim Hasan,20.0,Female,Single,3.66,3.54,0,100.0,Yes,No,27535.0,Medium,94.8,9.0,86.1,22.1,No
STU103045,Tanvir Khan,28.0,Female,Married,3.39,3.43,0,84.6,Yes,No,27467.0,High,93.9,4.0,77.4,14.5,No
STU103046,Adnan Rahman,24.0,Male,Single,3.37,3.79,0,100.0,Yes,Yes,17765.0,Low,81.9,8.0,86.0,14.4,No
STU103047,Mehedi Khan,24.0,Male,Single,3.05,2.93,0,77.3,Yes,No,121667.0,Low,62.7,5.0,64.9,15.6,No
STU103048,Tasmia Hasan,24.0,Male,Single,2.39,2.52,2,57.7,No,No,41749.0,Medium,40.2,8.0,54.2,12.2,Yes
STU103049,Arafat Hossain,19.0,Female,Single,3.03,3.38,0,100.0,Yes,Yes,35793.0,Low,90.6,6.0,100.0,18.3,No
STU103050,Mehedi Hasan,23.0,Male,Single,3.16,3.72,0,87.0,Yes,Yes,29536.0,Medium,100.0,9.0,93.1,10.7,No
STU103051,Tanvir Akter,19.0,Female,Single,3.91,3.98,0,93.2,Yes,No,163635.0,Low,100.0,5.0,79.6,18.0,No
STU103052,Mehedi Islam,23.0,Female,Single,3.12,2.48,1,61.8,Yes,Yes,78569.0,Medium,45.6,4.0,36.8,12.5,No
STU103053,Tasmia Hasan,27.0,Male,Single,2.53,2.81,2,76.8,No,Yes,12005.0,Medium,65.7,5.0,65.1,9.8,Yes
STU103054,Tanvir Akter,20.0,Male,Single,3.21,3.27,0,91.6,No,No,95289.0,Medium,95.8,6.0,88.4,8.9,No
STU103055,Sadia Hasan,19.0,Male,Single,3.57,3.31,0,74.2,No,Yes,27149.0,Medium,81.5,6.0,63.4,16.9,No
STU103056,Nabila Hossain,23.0,Male,Single,3.77,3.98,0,88.6,Yes,No,64604.0,Low,72.9,7.0,54.0,15.7,No
STU103057,Sadia Khan,19.0,Female,Single,2.95,3.51,0,85.5,No,No,35262.0,High,100.0,10.0,86.4,12.3,No
STU103058,Mahin Islam,22.0,Female,Single,2.91,2.97,0,70.3,Yes,No,17328.0,High,85.4,7.0,70.4,7.1,Yes
STU103059,Shuvo Akter,19.0,Female,Single,2.36,1.88,2,81.6,No,No,33896.0,Medium,53.0,5.0,73.2,4.3,Yes
STU103060,Rakib Sultana,20.0,Female,Single,2.73,3.16,0,59.2,No,No,51383.0,Medium,68.3,6.0,62.0,15.3,No
STU103061,Mehedi Hossain,20.0,Female,Single,3.19,3.2,0,64.4,No,No,51843.0,Medium,73.4,7.0,62.5,9.1,No
STU103062,Fahim Karim,23.0,Female,Single,2.31,2.53,0,79.2,Yes,No,37115.0,High,85.2,7.0,78.7,2.2,No
STU103063,Fahim Rahman,23.0,Male,Married,3.92,3.94,0,80.6,No,No,46339.0,High,80.2,9.0,69.9,21.7,No
STU103064,Shuvo Hasan,27.0,Female,Single,2.84,2.98,1,84.9,No,No,48396.0,Medium,90.8,7.0,68.3,17.6,Yes
STU103065,Tanvir Sultana,20.0,Male,Single,3.05,3.25,0,80.9,Yes,No,74335.0,Medium,75.1,4.0,81.3,10.0,No
STU103066,Arafat Islam,20.0,Male,Single,3.15,3.4,0,88.8,Yes,No,92530.0,Low,96.9,7.0,93.7,14.4,No
STU103067,Mahin Akter,18.0,Male,Single,3.51,3.55,0,74.1,Yes,Yes,45046.0,Medium,77.9,7.0,83.5,22.3,No
STU103068,Tanjim Islam,24.0,Female,Single,3.12,2.89,0,77.6,Yes,Yes,21730.0,High,79.6,7.0,84.3,8.6,Yes
STU103069,Sumaiya Hossain,25.0,Male,Single,2.52,2.58,1,71.6,Yes,No,63993.0,High,56.5,7.0,81.8,10.2,No
STU103070,Tanjim Hasan,19.0,Male,Single,3.19,3.43,0,100.0,Yes,No,65516.0,Medium,83.5,9.0,62.1,13.5,No
STU103071,Tasmia Hasan,21.0,Female,Single,3.51,3.28,0,80.2,Yes,Yes,73485.0,Medium,81.6,5.0,72.1,9.6,No
STU103072,Rakib Rahman,27.0,Female,Single,2.6,2.27,0,55.5,Yes,No,26552.0,Medium,62.4,5.0,60.1,5.2,Yes
STU103073,Mahin Karim,24.0,Female,Single,3.36,3.76,0,98.0,Yes,Yes,70124.0,Low,69.0,9.0,71.8,9.6,No
STU103074,Jannat Rahman,25.0,Female,Single,3.11,3.62,0,84.8,Yes,Yes,53553.0,Medium,76.6,4.0,49.7,13.6,No
STU103075,Mehedi Akter,18.0,Female,Single,3.04,3.05,0,84.9,Yes,Yes,61900.0,Low,89.0,6.0,83.5,9.9,No
STU103076,Adnan Sultana,21.0,Female,Single,2.71,2.89,1,75.0,Yes,Yes,29541.0,Medium,58.3,6.0,58.9,9.3,No
STU103077,Mim Khan,23.0,Male,Single,2.9,3.01,0,70.6,No,No,16040.0,High,85.7,,87.3,19.4,Yes
STU103078,Tanvir Chowdhury,20.0,Female,Married,3.2,2.54,1,87.1,Yes,Yes,21266.0,Medium,60.5,3.0,89.2,6.4,No
STU103079,Raisa Hossain,22.0,Female,Single,2.81,2.87,0,72.2,Yes,No,73145.0,Medium,72.6,7.0,72.4,9.3,No
STU103080,Fahim Karim,27.0,Male,Single,2.56,,0,68.7,Yes,No,115357.0,Low,66.6,7.0,64.9,7.4,No
STU103081,Sumaiya Islam,26.0,Male,Single,2.54,2.19,1,76.7,Yes,No,69119.0,Low,76.8,7.0,70.7,12.3,No
STU103082,Fahim Hossain,28.0,Male,Single,3.13,2.75,0,81.4,Yes,Yes,22935.0,Low,96.5,8.0,85.9,12.2,No
STU103083,Adnan Khan,20.0,Female,Single,3.22,3.0,0,91.6,Yes,Yes,43929.0,High,70.5,5.0,71.0,18.4,No
STU103084,Tanvir Karim,22.0,Male,Single,2.97,2.83,0,83.1,Yes,No,52839.0,Medium,75.6,6.0,73.4,9.5,No
STU103085,Mehedi Karim,25.0,Female,Single,3.82,4.0,0,89.3,Yes,No,46114.0,Medium,78.0,8.0,80.9,19.1,No
STU103086,Sadia Hossain,23.0,Female,Single,2.23,2.63,1,84.2,Yes,No,49107.0,Medium,57.1,3.0,71.5,3.1,No
STU103087,Tasmia Ahmed,21.0,Female,Single,3.17,3.56,0,71.6,Yes,No,25062.0,Medium,91.4,9.0,81.2,17.4,No
STU103088,Arafat Khan,25.0,Female,Single,2.17,2.37,1,72.3,Yes,Yes,19820.0,Medium,60.0,3.0,62.6,12.8,No
STU103089,Sumaiya Sultana,28.0,Male,Single,2.95,2.48,3,60.3,Yes,Yes,26224.0,Medium,50.8,6.0,60.4,6.5,Yes
STU103090,Fahim Sultana,20.0,Male,Married,3.11,2.63,2,75.3,Yes,No,22695.0,Medium,65.0,5.0,71.9,6.1,No
STU103091,Rakib Sultana,20.0,Male,Single,2.92,3.14,0,90.5,Yes,No,47916.0,Medium,72.6,5.0,83.6,5.2,No
STU103092,Arafat Hossain,21.0,Female,Married,2.12,1.65,2,67.7,Yes,No,51108.0,Medium,29.9,2.0,65.4,3.0,Yes
STU103093,Nabila Chowdhury,26.0,Male,Single,2.96,3.12,0,89.4,Yes,Yes,21109.0,Medium,67.1,10.0,98.3,17.2,No
STU103094,Mim Karim,22.0,Male,Single,3.0,3.08,0,93.8,No,No,42965.0,High,73.4,7.0,100.0,12.4,Yes
STU103095,Adnan Islam,25.0,Male,Single,3.4,3.26,0,88.6,Yes,No,124172.0,Medium,97.6,9.0,85.1,11.9,No
STU103096,Nabila Karim,23.0,Female,Single,2.36,1.59,2,71.4,Yes,Yes,48663.0,Medium,50.8,2.0,60.7,1.0,No
STU103097,Sakib Hossain,20.0,Male,Single,3.65,3.71,0,100.0,Yes,Yes,35506.0,Medium,90.4,8.0,80.4,16.8,No
STU103098,Jannat Akter,25.0,Female,Single,1.87,2.02,2,91.9,Yes,No,72520.0,Medium,42.7,6.0,45.8,4.4,Yes
STU103099,Sumaiya Sultana,26.0,Male,Single,2.42,2.25,0,74.6,Yes,No,166349.0,Low,47.3,5.0,69.2,4.5,No
STU103100,Fahim Sultana,25.0,Male,Single,3.08,2.75,0,71.6,Yes,Yes,50444.0,Medium,61.3,5.0,61.9,12.4,No
STU103101,Tanvir Rahman,21.0,Male,Single,3.14,3.23,0,60.6,Yes,No,32472.0,High,67.9,4.0,79.2,13.7,Yes
STU103102,Hasan Ahmed,28.0,Male,Single,3.68,3.24,0,100.0,No,No,48002.0,High,75.9,7.0,69.7,14.9,No
STU103103,Mariya Hossain,23.0,Female,Single,3.09,,0,79.1,Yes,No,96298.0,Medium,68.2,4.0,54.7,17.8,Yes
STU103104,Jannat Sultana,18.0,Male,Single,2.95,3.27,0,88.3,Yes,Yes,43197.0,Medium,74.7,7.0,70.5,10.4,No
STU103105,Mahin Hasan,21.0,Female,Single,3.2,2.61,2,78.8,Yes,No,45837.0,High,53.6,7.0,64.7,6.0,No
STU103106,Hasan Hasan,25.0,Female,Single,1.95,1.79,0,79.6,Yes,No,98151.0,Low,57.7,7.0,58.1,8.3,No
STU103107,Jannat Akter,18.0,Female,Single,2.55,2.53,1,73.0,No,No,47888.0,High,65.1,6.0,69.2,7.5,Yes
STU103108,Mim Rahman,20.0,Female,Single,2.47,2.47,0,84.9,Yes,No,115909.0,Low,79.5,6.0,62.6,14.8,No
STU103109,Rakib Hossain,18.0,Male,Single,3.43,3.16,0,88.2,Yes,No,20867.0,High,66.8,7.0,57.5,9.0,No
STU103110,Raisa Ahmed,26.0,Female,Single,3.59,3.18,0,77.4,Yes,No,57884.0,Medium,75.6,7.0,87.0,17.2,No
STU103111,Mim Chowdhury,19.0,Female,Married,3.84,3.7,0,100.0,Yes,Yes,133337.0,Low,100.0,5.0,79.7,20.3,No
STU103112,Raisa Hasan,26.0,Female,Single,3.26,3.45,1,88.7,Yes,Yes,174062.0,Low,75.3,6.0,82.3,15.1,No
STU103113,Raisa Ahmed,21.0,Female,Married,3.4,3.57,0,75.0,Yes,No,35891.0,Medium,79.8,5.0,71.9,21.4,No
STU103114,Mahin Hasan,19.0,Male,Single,3.04,3.22,0,80.4,Yes,No,38892.0,High,67.1,7.0,66.7,12.3,No
STU103115,Mahin Chowdhury,21.0,Female,Married,2.78,3.15,0,79.7,Yes,No,130980.0,Low,84.8,3.0,89.7,18.2,No
STU103116,Raisa Hasan,28.0,Female,Single,2.51,2.2,1,67.5,Yes,No,37235.0,Medium,48.8,4.0,85.1,6.4,Yes
STU103117,Rakib Chowdhury,28.0,Male,Single,2.47,2.36,2,76.4,Yes,Yes,33880.0,Medium,82.2,7.0,66.3,12.3,No
STU103118,Shuvo Khan,27.0,Female,Single,2.38,2.33,0,88.2,Yes,Yes,34254.0,Medium,63.7,4.0,91.8,10.8,No
STU103119,Adnan Islam,23.0,Female,Single,3.33,2.46,1,64.9,Yes,No,27693.0,Medium,55.4,5.0,57.3,8.3,No
STU103120,Hasan Islam,28.0,Male,Single,2.82,2.88,0,77.8,Yes,Yes,25021.0,Medium,76.4,7.0,72.4,9.3,No
STU103121,Nusrat Hossain,24.0,Male,Married,2.67,2.67,0,89.6,Yes,No,40580.0,Medium,100.0,4.0,100.0,10.1,No
STU103122,Tanjim Sultana,20.0,Female,Married,2.09,1.75,2,58.4,Yes,Yes,18380.0,Medium,29.3,4.0,41.3,3.0,Yes
STU103123,Shuvo Hasan,20.0,Male,Single,2.59,2.85,0,74.4,Yes,No,32314.0,Low,84.0,6.0,78.1,17.9,No
STU103124,Sadia Sultana,27.0,Male,Single,2.87,3.11,0,62.6,Yes,Yes,107034.0,Low,74.5,5.0,82.1,12.2,Yes
STU103125,Mehedi Hossain,25.0,Male,Married,2.31,2.43,1,81.3,Yes,No,73422.0,Low,40.8,6.0,53.7,7.9,Yes
STU103126,Hasan Ahmed,22.0,Male,Single,4.0,3.49,0,87.7,Yes,Yes,33086.0,Medium,80.5,10.0,83.4,15.0,No
STU103127,Mahin Chowdhury,21.0,Female,Single,2.4,2.1,1,68.8,Yes,No,52011.0,High,57.2,6.0,57.0,9.6,No
STU103128,Fahim Sultana,24.0,Male,Single,3.52,3.61,0,72.4,Yes,No,42812.0,Medium,80.3,7.0,75.0,14.9,No
STU103129,Tanvir Hossain,24.0,Female,Single,2.95,2.78,1,74.2,No,Yes,29793.0,Medium,82.5,4.0,76.7,11.2,Yes
STU103130,Sadia Islam,26.0,Female,Single,2.75,2.68,1,59.1,Yes,Yes,12700.0,Medium,49.7,4.0,49.8,4.5,Yes
STU103131,Tanvir Khan,26.0,Male,Single,2.89,2.56,0,76.9,Yes,Yes,27594.0,Medium,53.0,5.0,82.3,10.2,No
STU103132,Hasan Hossain,22.0,Male,Single,3.01,3.06,0,99.8,Yes,No,38147.0,Medium,61.9,4.0,65.6,7.8,No
STU103133,Mahin Akter,25.0,Female,Single,3.1,3.55,0,88.2,Yes,No,178248.0,Low,97.0,10.0,93.7,23.3,No
STU103134,Rakib Hossain,,Male,Single,2.56,2.66,0,90.3,Yes,Yes,63596.0,Low,86.2,7.0,92.5,8.7,No
STU103135,Rakib Ahmed,18.0,Male,Single,3.25,3.54,0,98.1,No,Yes,42696.0,Medium,88.0,9.0,86.6,15.4,No
STU103136,Mahin Akter,26.0,Female,Single,2.87,3.14,0,78.3,Yes,No,59572.0,Medium,66.6,6.0,54.6,3.5,No
STU103137,Hasan Khan,25.0,Female,Single,2.4,2.29,1,78.9,Yes,No,51800.0,Medium,61.3,6.0,75.2,4.8,No
STU103138,Sakib Rahman,23.0,Female,Single,2.81,2.75,0,55.4,Yes,Yes,30728.0,Medium,98.4,8.0,90.3,10.7,No
STU103139,Tasmia Chowdhury,20.0,Female,Single,3.64,4.0,0,92.5,Yes,No,43675.0,Medium,91.0,10.0,85.0,22.2,No
STU103140,Mariya Hasan,20.0,Female,Single,3.1,3.32,0,94.2,Yes,No,,Medium,88.5,7.0,69.7,11.7,No
STU103141,Adnan Rahman,25.0,Female,Single,3.0,3.29,0,89.0,Yes,Yes,19594.0,Medium,59.0,4.0,71.8,13.4,No
STU103142,Arafat Akter,22.0,Female,Married,2.82,2.87,0,77.7,Yes,Yes,33124.0,Medium,78.0,6.0,61.7,17.4,No
STU103143,Fahim Sultana,27.0,Male,Single,2.86,2.74,0,91.2,Yes,Yes,42740.0,Medium,84.5,5.0,61.9,13.5,No
STU103144,Nabila Akter,28.0,Male,Single,3.1,3.02,0,92.4,Yes,No,57645.0,Low,72.8,5.0,73.0,10.1,No
STU103145,Mehedi Islam,24.0,Female,Single,2.88,3.29,0,83.9,Yes,Yes,45929.0,Low,77.4,6.0,79.1,19.0,No
STU103146,Raisa Sultana,22.0,Female,Single,3.2,3.2,0,97.0,Yes,No,76734.0,Medium,89.5,6.0,72.7,5.4,No
STU103147,Mehedi Hasan,25.0,Male,Single,3.15,3.52,0,90.8,Yes,No,40371.0,Medium,82.0,2.0,71.5,17.3,No
STU103148,Mehedi Islam,27.0,Male,Single,2.46,2.88,0,66.6,Yes,No,92067.0,Medium,82.5,7.0,91.0,16.8,Yes
STU103149,Mariya Chowdhury,27.0,Male,Single,3.24,3.51,0,89.0,Yes,No,50399.0,Medium,68.5,7.0,84.1,10.4,No
STU103150,Tasmia Karim,21.0,Female,Single,2.57,2.81,0,74.0,No,No,58370.0,Medium,71.8,6.0,77.2,1.5,No
STU103151,Mehedi Karim,19.0,Female,Single,2.55,3.06,0,87.0,Yes,Yes,52840.0,Low,85.0,9.0,90.2,9.0,No
STU103152,Adnan Sultana,20.0,Female,Single,2.99,2.73,1,44.1,No,No,34708.0,High,56.5,6.0,71.3,8.0,Yes
STU103153,Raisa Hossain,25.0,Female,Single,3.12,2.99,0,96.3,No,No,64629.0,Medium,67.6,7.0,56.0,8.2,No
STU103154,Tanjim Sultana,28.0,Female,Single,3.28,2.9,0,91.2,No,No,32696.0,High,88.7,5.0,82.9,14.4,No
STU103155,Nabila Hasan,24.0,Male,Single,2.03,1.58,4,73.0,Yes,Yes,26735.0,Medium,22.5,3.0,30.8,1.0,Yes
STU103156,Mehedi Ahmed,19.0,Male,Single,3.36,3.34,0,84.6,Yes,No,52392.0,Low,70.0,7.0,74.1,12.7,No
STU103157,Jannat Akter,23.0,Male,Single,3.19,3.27,0,94.5,No,No,43516.0,Medium,83.1,6.0,54.3,17.5,No
STU103158,Adnan Khan,26.0,Female,Single,2.67,2.82,0,82.5,Yes,No,29431.0,High,80.0,10.0,78.0,12.4,No
STU103159,Jannat Hasan,21.0,Male,Single,2.89,2.68,0,70.6,Yes,No,47626.0,Low,57.7,7.0,72.4,3.3,No
STU103160,Sakib Rahman,26.0,Female,Single,3.09,2.97,0,74.4,Yes,No,66022.0,Medium,53.0,6.0,53.4,16.7,No
STU103161,Rakib Ahmed,19.0,Female,Single,1.5,1.75,1,65.9,Yes,Yes,40563.0,Low,56.2,5.0,63.1,3.3,No
STU103162,Fahim Karim,19.0,Male,Single,2.44,2.0,1,82.2,Yes,No,108607.0,Medium,38.4,0.0,66.0,5.3,No
STU103163,Shuvo Rahman,26.0,Female,Single,3.52,3.53,0,97.2,Yes,Yes,85072.0,Low,91.0,8.0,64.4,19.3,No
STU103164,Rakib Akter,24.0,Female,Single,2.73,3.12,0,77.1,No,Yes,35786.0,Medium,80.1,6.0,72.0,9.2,No
STU103165,Adnan Khan,24.0,Male,Single,2.96,2.88,0,87.5,No,No,24054.0,High,95.7,6.0,84.5,7.1,No
STU103166,Tanvir Karim,18.0,Male,Single,2.95,2.82,0,80.7,Yes,No,42211.0,High,80.0,6.0,56.6,8.6,No
STU103167,Mehedi Akter,28.0,Female,Single,3.32,3.69,0,79.1,Yes,No,57897.0,Medium,76.8,4.0,79.3,22.5,No
STU103168,Tanjim Khan,23.0,Male,Single,2.82,2.39,1,63.5,Yes,No,17832.0,High,60.3,4.0,51.9,6.3,Yes
STU103169,Rakib Karim,24.0,Male,Single,2.86,2.61,0,76.8,Yes,Yes,17667.0,Medium,80.2,8.0,55.2,13.7,No
STU103170,Rakib Khan,28.0,Female,Single,3.09,2.86,0,89.2,Yes,Yes,22758.0,High,80.4,7.0,77.1,9.8,No
STU103171,Nabila Hasan,23.0,Female,Single,3.38,3.59,0,82.2,Yes,Yes,84628.0,Medium,81.5,7.0,100.0,14.4,No
STU103172,Shuvo Sultana,23.0,Male,Single,3.52,3.04,0,89.4,No,No,98355.0,Medium,94.1,5.0,71.1,22.7,No
STU103173,Hasan Karim,19.0,Female,Single,2.86,3.23,0,86.6,Yes,Yes,25211.0,Medium,67.3,8.0,77.8,12.1,No
STU103174,Adnan Karim,23.0,Female,Married,2.78,2.77,0,65.4,Yes,No,20908.0,High,49.0,6.0,54.6,5.9,No
STU103175,Adnan Rahman,21.0,Male,Single,2.93,3.25,0,100.0,Yes,Yes,51127.0,Low,61.2,3.0,81.6,12.7,Yes
STU103176,Mariya Hasan,26.0,Female,Single,3.6,3.97,0,100.0,No,No,48572.0,Medium,100.0,9.0,86.8,12.2,No
STU103177,Tanjim Akter,18.0,Male,Single,3.35,3.11,1,67.2,Yes,Yes,23378.0,High,58.0,4.0,41.4,5.5,No
STU103178,Tasmia Chowdhury,25.0,Male,Single,2.78,2.79,0,83.9,Yes,No,25882.0,Medium,69.9,7.0,90.4,15.2,No
STU103179,Nabila Akter,22.0,Female,Single,2.27,2.21,1,85.9,Yes,Yes,31348.0,Medium,65.0,3.0,67.0,7.9,No
STU103180,Sadia Rahman,18.0,Female,Single,3.5,3.48,0,89.5,Yes,Yes,35515.0,Medium,75.1,5.0,66.0,15.5,No
STU103181,Rakib Chowdhury,21.0,Male,Single,3.55,3.38,0,81.3,Yes,No,53228.0,Medium,94.3,4.0,95.8,14.6,No
STU103182,Mim Islam,18.0,Female,Married,2.5,2.83,0,79.6,Yes,No,12406.0,High,86.7,7.0,83.1,7.0,No
STU103183,Rakib Rahman,23.0,Female,Single,2.8,2.74,1,74.7,Yes,No,128394.0,Low,73.4,7.0,71.4,13.7,Yes
STU103184,Raisa Ahmed,19.0,Female,Single,3.39,3.29,0,83.1,Yes,No,55263.0,Medium,78.9,5.0,51.7,20.6,No
STU103185,Fahim Rahman,22.0,Male,Single,3.17,3.51,0,96.2,Yes,No,47199.0,Medium,79.7,7.0,59.1,9.2,No
STU103186,Fahim Rahman,24.0,Female,Single,2.1,2.35,0,81.1,Yes,Yes,31788.0,Medium,54.4,3.0,65.8,9.3,Yes
STU103187,Sumaiya Hasan,19.0,Male,Single,2.49,2.58,1,67.9,Yes,Yes,28304.0,Low,64.5,5.0,58.2,1.5,No
STU103188,Sakib Hasan,23.0,Male,Married,3.26,3.14,0,80.7,Yes,Yes,29114.0,Medium,70.2,8.0,85.4,10.1,No
STU103189,Hasan Chowdhury,23.0,Female,Single,3.11,3.55,0,82.8,No,Yes,34386.0,Medium,89.2,7.0,62.9,24.7,No
STU103190,Tanvir Islam,22.0,Female,Single,3.3,2.98,0,84.5,Yes,No,56350.0,High,64.5,7.0,61.3,15.5,No
STU103191,Adnan Karim,22.0,Female,Married,3.35,3.67,0,77.3,Yes,No,84168.0,Low,65.0,7.0,68.2,16.6,No
STU103192,Adnan Akter,20.0,Male,Single,3.11,3.3,0,70.8,Yes,Yes,20681.0,Medium,86.6,8.0,80.5,7.4,No
STU103193,Rakib Chowdhury,27.0,Male,Single,3.19,2.81,0,72.1,Yes,No,35308.0,Medium,68.0,3.0,79.8,14.5,Yes
STU103194,Mariya Akter,27.0,Female,Single,2.74,2.77,0,66.1,Yes,No,48587.0,High,74.8,7.0,86.8,12.0,No
STU103195,Nusrat Akter,28.0,Male,Single,3.05,2.66,0,65.5,Yes,No,50518.0,Low,77.4,8.0,73.3,9.2,Yes
STU103196,Sumaiya Hasan,19.0,Female,Single,3.14,3.04,0,93.3,Yes,Yes,32735.0,Low,74.7,9.0,67.9,8.2,No
STU103197,Tasmia Hasan,24.0,Male,Single,3.77,3.85,0,,Yes,No,36852.0,High,66.0,4.0,61.0,11.3,No
STU103198,Tasmia Hasan,18.0,Female,Married,2.63,2.32,2,73.9,Yes,No,39574.0,Medium,80.1,7.0,83.4,4.2,No
STU103199,Sumaiya Hasan,23.0,Female,Single,3.33,2.62,0,79.5,Yes,Yes,23397.0,Medium,91.5,5.0,91.9,14.0,No
STU103200,Fahim Khan,23.0,Female,Single,2.95,2.91,1,79.3,Yes,Yes,27009.0,Medium,74.0,5.0,57.9,10.4,Yes
STU103201,Sadia Hossain,20.0,Female,Single,3.34,3.4,0,87.9,Yes,Yes,15972.0,Medium,79.6,5.0,74.7,14.8,No
STU103202,Rakib Khan,19.0,Female,Married,2.95,2.83,0,86.0,No,Yes,82509.0,Medium,67.8,7.0,69.7,15.7,No
STU103203,Arafat Khan,19.0,Male,Single,3.53,3.53,0,89.5,Yes,No,61525.0,Medium,89.7,9.0,81.0,10.4,Yes
STU103204,Arafat Ahmed,26.0,Male,Single,2.67,2.61,0,100.0,Yes,No,21339.0,Medium,85.2,8.0,89.8,3.0,No
STU103205,Sakib Ahmed,28.0,Female,Single,3.06,2.76,1,67.8,Yes,Yes,24244.0,Medium,63.0,6.0,59.9,12.5,No
STU103206,Tanjim Ahmed,22.0,Male,Single,3.2,3.78,0,78.7,Yes,Yes,21306.0,Medium,74.5,7.0,85.4,11.1,No
STU103207,Jannat Akter,24.0,Female,Single,2.69,2.79,1,72.4,No,Yes,26775.0,High,77.8,6.0,60.9,8.4,No
STU103208,Fahim Chowdhury,22.0,Male,Single,3.14,3.01,1,67.2,Yes,No,51446.0,High,58.8,6.0,57.7,9.1,No
STU103209,Sadia Hossain,24.0,Male,Married,3.45,3.21,0,81.1,Yes,No,218425.0,Low,89.9,9.0,76.7,13.6,No
STU103210,Sumaiya Hasan,21.0,Male,Single,2.97,2.85,0,72.2,Yes,No,35324.0,High,66.8,7.0,66.4,2.8,No
STU103211,Mehedi Hossain,25.0,Female,Single,3.34,3.23,0,84.6,Yes,Yes,58386.0,Low,99.3,9.0,98.7,14.5,No
STU103212,Tanjim Ahmed,28.0,Female,Single,2.7,2.71,1,77.3,Yes,Yes,42135.0,Low,53.6,9.0,70.4,15.5,No
STU103213,Mariya Karim,27.0,Female,Single,2.51,2.85,0,69.1,Yes,Yes,51450.0,Medium,,8.0,95.0,11.2,No
STU103214,Nabila Khan,28.0,Female,Married,3.31,3.07,0,89.5,Yes,No,38468.0,High,78.1,5.0,62.4,13.6,No
STU103215,Adnan Akter,27.0,Male,Single,2.75,2.8,0,73.2,Yes,Yes,84887.0,Low,71.1,4.0,61.3,14.5,No
STU103216,Rakib Chowdhury,24.0,Male,Single,2.25,2.49,1,66.4,Yes,No,62438.0,Medium,52.0,3.0,44.4,12.4,No
STU103217,Sadia Chowdhury,27.0,Female,Single,2.66,2.46,1,78.6,Yes,No,44864.0,Medium,55.0,5.0,66.6,12.4,No
STU103218,Rakib Hasan,22.0,Female,Single,3.61,3.4,0,85.2,Yes,No,64194.0,Medium,69.2,6.0,79.5,11.9,No
STU103219,Adnan Hasan,28.0,Male,Married,3.48,3.02,0,82.2,Yes,No,75875.0,High,66.0,6.0,63.8,13.9,No
STU103220,Mim Hasan,23.0,Female,Single,2.5,3.0,0,73.1,Yes,Yes,30297.0,Medium,78.0,6.0,78.1,19.2,No
STU103221,Hasan Hasan,22.0,Male,Single,2.34,2.49,0,67.9,Yes,No,58272.0,Medium,84.6,7.0,73.7,8.8,No
STU103222,Jannat Karim,24.0,Male,Single,2.82,2.64,0,86.3,Yes,No,72588.0,Medium,84.4,7.0,69.4,17.1,No
STU103223,Shuvo Hasan,19.0,Female,Single,3.47,3.28,0,83.6,Yes,No,58139.0,Medium,79.0,9.0,76.1,12.0,Yes
STU103224,Sumaiya Karim,22.0,Male,Single,2.91,2.6,1,77.9,No,No,66342.0,High,,7.0,52.0,9.0,No
STU103225,Tasmia Ahmed,27.0,Male,Single,2.92,2.96,0,83.1,Yes,No,47148.0,Medium,98.3,7.0,60.6,22.3,No
STU103226,Fahim Islam,20.0,Male,Single,2.72,2.62,0,85.1,Yes,Yes,60856.0,Medium,75.9,7.0,78.9,6.3,No
STU103227,Tanvir Karim,26.0,Male,Single,2.88,2.6,2,72.3,Yes,No,104143.0,Medium,,8.0,45.1,1.0,No
STU103228,Tasmia Ahmed,23.0,Female,Single,3.38,3.15,1,78.1,Yes,No,25818.0,Medium,81.5,6.0,71.6,14.9,No
STU103229,Mim Ahmed,27.0,Female,Single,3.04,3.26,0,90.5,Yes,Yes,44929.0,Medium,85.0,,64.9,18.0,No
STU103230,Shuvo Khan,20.0,Female,Single,2.91,2.79,0,100.0,Yes,Yes,29441.0,Medium,87.3,6.0,90.6,10.5,No
STU103231,Sakib Rahman,24.0,Female,Single,3.29,2.92,0,70.2,No,No,32317.0,High,90.6,5.0,90.3,11.9,No
STU103232,Nusrat Sultana,21.0,Male,Single,3.03,3.05,0,77.5,Yes,No,59150.0,Low,62.2,5.0,74.9,14.6,No
STU103233,Raisa Hossain,20.0,Male,Single,3.43,3.22,0,86.4,Yes,No,17823.0,Medium,66.3,3.0,52.0,10.4,No
STU103234,Nabila Akter,25.0,Male,Single,2.69,2.89,0,61.5,Yes,No,24301.0,High,74.8,5.0,97.7,9.8,Yes
STU103235,Fahim Hasan,21.0,Male,Single,3.12,3.57,0,96.6,Yes,No,87549.0,Medium,93.6,9.0,86.7,19.7,No
STU103236,Mahin Sultana,28.0,Male,Single,3.4,2.82,0,87.7,No,No,21704.0,Medium,63.4,3.0,71.9,14.3,No
STU103237,Tanjim Chowdhury,18.0,Female,Single,3.7,3.49,0,86.2,Yes,No,99453.0,Medium,100.0,7.0,69.4,16.2,No
STU103238,Mehedi Islam,23.0,Female,Single,2.51,2.55,0,82.6,Yes,No,44700.0,High,76.3,5.0,75.3,6.8,No
STU103239,Tanjim Sultana,27.0,Male,Single,2.92,2.9,0,94.8,Yes,No,43274.0,High,70.7,6.0,70.7,14.6,Yes
STU103240,Sadia Karim,28.0,Female,Single,2.41,2.78,0,82.9,Yes,No,30924.0,High,71.4,6.0,53.9,12.1,No
STU103241,Tanjim Chowdhury,28.0,Male,Single,2.56,2.56,1,64.1,Yes,No,37621.0,High,36.4,5.0,41.1,2.9,No
STU103242,Sumaiya Ahmed,18.0,Female,Single,3.01,3.07,1,88.2,Yes,Yes,51001.0,Medium,78.5,7.0,90.9,8.3,No
STU103243,Nusrat Hossain,22.0,Female,Single,2.09,2.22,2,78.1,Yes,No,39859.0,Medium,42.6,2.0,40.9,2.7,No
STU103244,Raisa Khan,24.0,Male,Single,3.19,2.98,0,83.7,Yes,No,27695.0,Medium,72.0,6.0,69.7,17.4,No
STU103245,Nabila Khan,23.0,Male,Single,3.25,3.41,0,100.0,Yes,No,63216.0,Medium,86.0,4.0,72.2,10.9,No
STU103246,Adnan Hasan,19.0,Female,Single,2.97,3.09,0,81.8,Yes,Yes,89002.0,Low,99.6,5.0,92.8,21.9,No
STU103247,Jannat Hasan,28.0,Female,Single,2.62,2.65,1,60.1,Yes,Yes,18604.0,Medium,76.4,8.0,81.4,14.9,No
STU103248,Sakib Hasan,21.0,Female,Single,2.89,2.31,0,78.9,Yes,No,150172.0,Low,40.3,5.0,64.4,9.1,No
STU103249,Sakib Chowdhury,28.0,Female,Single,3.95,3.72,0,89.1,Yes,No,52789.0,Low,76.5,5.0,74.9,13.9,No
STU103250,Tanjim Islam,19.0,Female,Single,2.77,2.82,0,100.0,No,No,58735.0,Low,84.1,6.0,91.9,20.4,No
STU103251,Tasmia Rahman,28.0,Male,Single,2.65,2.62,0,82.1,Yes,No,102951.0,Medium,71.2,7.0,61.1,9.9,No
STU103252,Fahim Chowdhury,18.0,Male,Single,1.96,2.18,1,70.3,Yes,Yes,14068.0,High,72.4,6.0,66.4,4.6,No
STU103253,Raisa Islam,20.0,Male,Single,3.47,3.7,0,76.3,Yes,Yes,18804.0,Medium,70.0,5.0,67.0,13.6,No
STU103254,Shuvo Rahman,20.0,Male,Single,2.44,2.55,0,94.6,Yes,Yes,14764.0,Medium,72.6,5.0,86.1,3.5,No
STU103255,Tasmia Sultana,,Male,Single,3.04,3.27,0,63.6,Yes,Yes,22816.0,Medium,62.6,3.0,42.3,8.8,No
STU103256,Tanvir Hossain,18.0,Female,Single,3.95,4.0,0,94.2,Yes,No,62050.0,Medium,94.0,6.0,65.8,15.4,No
STU103257,Sumaiya Akter,26.0,Female,Married,3.17,3.01,0,64.0,Yes,Yes,22912.0,Medium,64.6,4.0,49.2,11.0,No
STU103258,Tanvir Ahmed,28.0,Male,Single,3.16,3.16,0,80.6,Yes,No,27025.0,High,86.2,8.0,77.9,12.9,No
STU103259,Arafat Chowdhury,23.0,Female,Single,2.85,2.52,0,75.0,Yes,No,29750.0,Medium,61.1,6.0,62.0,3.1,No
STU103260,Adnan Akter,21.0,Male,Single,3.14,3.59,0,80.5,No,No,41380.0,High,73.8,4.0,51.7,13.5,Yes
STU103261,Mariya Sultana,20.0,Male,Single,3.03,2.66,0,75.9,Yes,No,40266.0,High,99.1,6.0,95.5,11.0,No
STU103262,Sakib Islam,20.0,Female,Single,3.24,2.62,0,80.2,Yes,Yes,28695.0,Medium,86.9,6.0,89.8,9.2,No
STU103263,Rakib Karim,19.0,Female,Married,1.91,2.55,0,74.2,No,No,25170.0,High,81.0,6.0,78.2,11.2,No
STU103264,Nabila Islam,19.0,Male,Single,3.17,3.14,1,79.1,Yes,Yes,37873.0,Medium,64.9,,48.6,12.8,No
STU103265,Mariya Hasan,27.0,Male,Single,3.2,3.46,0,79.5,Yes,No,45015.0,Medium,68.0,9.0,100.0,16.2,No
STU103266,Mariya Rahman,22.0,Female,Single,4.0,4.0,0,87.8,Yes,No,,Medium,65.4,4.0,77.9,11.0,No
STU103267,Mehedi Akter,26.0,Male,Single,3.0,3.31,0,93.2,Yes,Yes,25926.0,Low,86.9,8.0,93.5,10.7,No
STU103268,Tasmia Akter,19.0,Male,Single,3.1,3.28,0,80.1,Yes,No,41633.0,High,86.1,6.0,67.8,11.8,No
STU103269,Jannat Rahman,19.0,Female,Single,3.18,3.36,0,98.9,Yes,Yes,14592.0,Low,75.3,6.0,62.1,17.1,No
STU103270,Nusrat Rahman,23.0,Male,Single,3.19,2.49,1,83.7,Yes,No,81944.0,Low,71.3,6.0,53.7,9.5,No
STU103271,Nusrat Ahmed,27.0,Male,Single,2.44,2.16,1,79.6,No,No,41431.0,High,39.4,3.0,45.4,4.0,No
STU103272,Sadia Hossain,19.0,Male,Single,3.37,2.58,0,78.7,Yes,No,69016.0,Low,100.0,6.0,82.3,11.1,No
STU103273,Arafat Hasan,21.0,Female,Single,2.59,2.34,0,68.2,No,No,87185.0,Low,50.9,4.0,56.9,12.3,No
STU103274,Raisa Ahmed,23.0,Female,Single,3.18,3.02,0,83.1,No,No,57382.0,Medium,65.2,6.0,79.0,17.9,No
STU103275,Tanvir Rahman,22.0,Male,Married,2.61,2.58,1,91.5,Yes,No,47966.0,Medium,60.6,6.0,72.0,7.5,No
STU103276,Adnan Hossain,18.0,Male,Married,2.9,2.62,0,71.5,No,Yes,15617.0,Medium,79.6,9.0,85.3,8.2,No
STU103277,Rakib Khan,23.0,Male,Single,2.79,2.68,0,82.1,Yes,No,40790.0,Medium,81.1,6.0,91.5,2.4,No
STU103278,Sadia Ahmed,18.0,Male,Single,2.89,2.73,0,71.7,Yes,Yes,25865.0,High,70.9,5.0,74.2,12.2,Yes
STU103279,Jannat Khan,20.0,Male,Single,2.96,3.07,0,78.9,Yes,Yes,24321.0,High,100.0,7.0,100.0,14.4,Yes
STU103280,Shuvo Akter,27.0,Female,Married,3.17,3.4,0,87.9,No,Yes,15527.0,Medium,86.5,6.0,80.9,18.6,No
STU103281,Tanvir Akter,22.0,Male,Single,2.96,3.02,1,82.4,No,No,39668.0,Medium,76.6,6.0,76.6,15.4,Yes
STU103282,Mehedi Islam,27.0,Male,Single,3.39,3.58,0,87.7,No,No,27642.0,Medium,92.4,8.0,71.8,15.8,No
STU103283,Mariya Chowdhury,22.0,Male,Single,2.76,2.82,1,83.0,Yes,No,29004.0,High,63.9,9.0,54.7,4.4,Yes
STU103284,Mahin Hossain,27.0,Male,Single,3.19,3.55,0,90.5,Yes,Yes,25484.0,Medium,65.6,5.0,71.7,19.7,No
STU103285,Tanvir Ahmed,23.0,Male,Single,2.63,3.18,0,80.5,Yes,Yes,92448.0,Low,73.8,4.0,71.8,10.0,No
STU103286,Jannat Sultana,27.0,Male,Single,3.8,3.07,0,89.1,Yes,Yes,24637.0,Medium,58.0,7.0,81.8,17.0,No
STU103287,Tasmia Hasan,25.0,Female,Single,3.2,3.54,0,77.6,Yes,No,35611.0,Medium,91.8,8.0,70.3,18.8,No
STU103288,Nusrat Ahmed,22.0,Female,Single,2.69,2.3,1,71.1,Yes,No,40131.0,Medium,63.4,3.0,48.6,1.0,Yes
STU103289,Nabila Sultana,28.0,Male,Single,3.78,3.84,0,84.5,No,No,39244.0,Medium,75.9,7.0,77.3,14.8,No
STU103290,Arafat Akter,18.0,Female,Single,3.23,3.31,0,87.8,No,No,116443.0,Medium,76.9,6.0,68.0,11.2,No
STU103291,Sadia Sultana,22.0,Male,Single,2.69,2.87,0,59.6,Yes,Yes,14680.0,Low,72.2,7.0,71.2,1.0,No
STU103292,Shuvo Rahman,20.0,Male,Single,2.94,2.93,0,77.8,Yes,No,50921.0,Medium,80.6,10.0,81.1,6.5,No
STU103293,Mahin Karim,21.0,Female,Single,2.49,2.49,1,79.0,Yes,No,72718.0,Low,67.2,6.0,70.6,2.0,No
STU103294,Arafat Islam,25.0,Male,Married,2.49,2.59,2,95.0,Yes,Yes,51702.0,Low,48.5,4.0,46.5,10.4,No
STU103295,Sakib Akter,24.0,Female,Single,3.54,3.44,0,86.0,Yes,No,146325.0,Low,61.2,6.0,59.8,11.0,No
STU103296,Tanjim Hossain,28.0,Female,Single,2.6,2.03,3,55.5,Yes,No,92850.0,Low,38.1,4.0,55.9,1.8,Yes
STU103297,Mahin Akter,22.0,Female,Single,2.4,2.4,0,83.3,No,No,30489.0,High,77.1,4.0,74.9,9.3,Yes
STU103298,Mim Sultana,19.0,Female,Single,3.29,3.06,0,76.4,Yes,No,39994.0,Medium,70.0,7.0,76.6,20.9,Yes
STU103299,Adnan Rahman,23.0,Male,Single,3.75,3.5,0,73.8,Yes,No,68440.0,Medium,90.6,4.0,80.9,15.7,No
STU103300,Nabila Karim,28.0,Female,Single,3.52,3.24,0,85.6,Yes,Yes,41934.0,Medium,99.9,6.0,84.2,12.7,No
STU103301,Arafat Hasan,23.0,Female,Single,4.0,3.41,0,97.2,No,Yes,42372.0,Medium,78.5,4.0,66.8,11.8,No
STU103302,Mahin Rahman,27.0,Female,Single,4.0,3.88,0,81.8,Yes,No,136377.0,Low,67.7,6.0,76.7,14.3,No
STU103303,Raisa Sultana,27.0,Male,Single,2.59,2.6,0,76.9,Yes,No,77969.0,Medium,81.0,6.0,80.2,12.2,No
STU103304,Nabila Hossain,28.0,Female,Single,2.86,3.09,0,89.0,Yes,No,140012.0,Low,100.0,9.0,75.3,13.0,No
STU103305,Mariya Chowdhury,23.0,Male,Single,2.29,2.12,1,81.1,Yes,No,42695.0,Medium,60.5,7.0,72.7,2.1,Yes
STU103306,Mahin Akter,26.0,Female,Married,2.48,2.95,3,85.4,Yes,Yes,48676.0,Medium,56.3,3.0,35.6,8.5,Yes
STU103307,Mahin Rahman,28.0,Male,Single,3.48,3.66,0,81.0,Yes,Yes,54066.0,Low,98.8,6.0,99.2,21.9,No
STU103308,Arafat Hossain,25.0,Female,Single,3.12,2.79,0,79.2,No,No,65705.0,Medium,78.2,4.0,66.2,11.8,No
STU103309,Tasmia Hasan,25.0,Male,Single,3.66,3.51,0,66.5,Yes,No,37775.0,Low,78.2,8.0,77.9,12.6,No
STU103310,Mahin Sultana,18.0,Male,Single,2.61,3.22,0,80.2,Yes,Yes,27061.0,Medium,75.6,6.0,73.1,14.0,No
STU103311,Nusrat Karim,22.0,Male,Single,2.75,2.98,0,72.4,Yes,No,28747.0,High,72.1,5.0,59.5,3.0,Yes
STU103312,Mim Ahmed,24.0,Male,Married,3.27,3.11,0,84.1,No,No,42023.0,High,66.9,7.0,64.5,11.1,No
STU103313,Shuvo Akter,23.0,Male,Single,3.48,3.74,0,95.9,Yes,Yes,18258.0,Medium,100.0,7.0,100.0,14.0,Yes
STU103314,Nusrat Ahmed,22.0,Male,Single,2.26,1.89,3,70.3,Yes,No,55138.0,Medium,38.1,5.0,53.7,1.0,No
STU103315,Shuvo Karim,25.0,Female,Single,2.89,2.73,0,69.4,Yes,No,12838.0,High,29.7,3.0,63.3,13.3,No
STU103316,Tanvir Chowdhury,20.0,Female,Single,3.18,2.48,0,74.3,Yes,No,19086.0,High,65.7,4.0,58.7,6.8,No
STU103317,Tanjim Karim,23.0,Female,Single,3.35,3.53,0,90.4,Yes,No,87400.0,Low,90.8,8.0,73.5,12.4,No
STU103318,Nusrat Chowdhury,22.0,Male,Married,3.44,3.09,1,80.9,No,No,46910.0,High,92.3,7.0,76.4,13.2,No
STU103319,Nabila Karim,25.0,Male,Single,2.97,2.94,0,75.2,Yes,Yes,56646.0,Medium,67.3,7.0,68.4,5.5,No
STU103320,Fahim Islam,21.0,Male,Single,2.44,1.98,2,71.2,Yes,Yes,53512.0,Medium,36.0,7.0,35.6,1.0,Yes
STU103321,Mahin Karim,25.0,Female,Single,2.13,2.19,0,82.4,Yes,Yes,130256.0,Low,80.7,8.0,76.7,5.5,No
STU103322,Tanjim Karim,27.0,Female,Married,2.92,2.9,0,79.5,Yes,No,87414.0,Low,64.6,7.0,71.8,10.0,Yes
STU103323,Sakib Rahman,19.0,Male,Single,2.87,2.43,4,56.5,Yes,Yes,113848.0,Low,50.8,6.0,61.4,12.5,Yes
STU103324,Raisa Hasan,26.0,Male,Single,2.64,2.5,2,75.4,Yes,Yes,33436.0,Medium,46.8,4.0,52.9,12.8,Yes
STU103325,Nusrat Islam,26.0,Female,Single,3.4,3.44,0,77.8,Yes,No,42096.0,Medium,68.3,7.0,74.3,7.7,No
STU103326,Adnan Ahmed,27.0,Female,Single,2.48,2.62,2,84.8,Yes,Yes,20356.0,Medium,58.9,5.0,48.9,7.7,Yes
STU103327,Arafat Hossain,27.0,Female,Single,2.7,3.18,0,59.7,Yes,No,75584.0,Medium,55.0,2.0,43.2,9.0,No
STU103328,Raisa Chowdhury,23.0,Female,Single,3.53,3.89,0,86.2,Yes,No,67112.0,Medium,68.3,7.0,83.4,17.2,No
STU103329,Mahin Ahmed,21.0,Male,Single,2.65,2.44,1,66.5,Yes,No,30367.0,High,52.4,6.0,59.0,1.3,No
STU103330,Jannat Karim,21.0,Male,Single,3.15,2.93,1,84.9,No,No,32962.0,High,72.5,5.0,80.3,19.1,No
STU103331,Nabila Hasan,23.0,Male,Single,3.0,2.57,0,91.4,Yes,No,57369.0,High,100.0,5.0,82.3,11.3,No
STU103332,Sakib Akter,22.0,Male,Single,3.11,2.81,0,74.6,Yes,No,39823.0,Medium,73.8,8.0,58.7,8.5,Yes
STU103333,Fahim Karim,23.0,Male,Single,3.4,3.65,0,78.8,Yes,No,30676.0,Medium,83.4,7.0,61.1,13.0,No
STU103334,Sakib Khan,24.0,Male,Single,3.15,2.67,1,82.2,Yes,No,36246.0,High,69.8,7.0,57.0,10.0,No
STU103335,Shuvo Rahman,24.0,Male,Single,2.38,2.33,1,57.5,Yes,No,35999.0,Medium,60.3,5.0,50.7,3.2,Yes
STU103336,Sumaiya Akter,26.0,Male,Single,2.45,2.36,2,73.1,Yes,Yes,56024.0,Medium,56.7,5.0,63.3,3.6,Yes
STU103337,Tasmia Chowdhury,25.0,Male,Single,3.13,2.91,1,,Yes,No,39719.0,High,82.4,5.0,73.0,13.0,No
STU103338,Sakib Khan,23.0,Male,Married,2.59,2.2,0,73.6,Yes,Yes,12000.0,Medium,,8.0,80.3,2.6,No
STU103339,Mehedi Hasan,23.0,Male,Single,3.43,2.86,0,73.3,Yes,Yes,42807.0,Medium,69.2,10.0,66.8,11.7,No
STU103340,Adnan Ahmed,22.0,Female,Single,3.14,2.75,0,61.0,Yes,Yes,30588.0,Medium,54.2,5.0,78.3,11.4,No
STU103341,Raisa Hossain,18.0,Female,Single,2.23,2.2,2,78.4,No,No,65000.0,Medium,62.4,6.0,67.9,1.0,No
STU103342,Nabila Chowdhury,26.0,Male,Single,3.85,4.0,0,95.7,Yes,Yes,49180.0,Medium,100.0,10.0,86.4,19.3,No
STU103343,Shuvo Islam,26.0,Male,Single,2.84,3.32,0,84.0,Yes,No,30665.0,Medium,89.5,4.0,73.2,15.0,No
STU103344,Hasan Karim,26.0,Male,Single,2.91,3.01,0,84.1,Yes,No,31338.0,High,70.6,10.0,89.2,15.4,Yes
STU103345,Arafat Karim,28.0,Female,Single,3.19,3.37,0,83.6,Yes,No,49459.0,Medium,80.8,9.0,71.4,12.9,No
STU103346,Tanjim Chowdhury,25.0,Male,Single,2.96,3.44,0,94.4,Yes,No,44038.0,Medium,100.0,6.0,95.0,11.9,No
STU103347,Mariya Hasan,27.0,Male,Single,3.43,3.53,0,84.5,Yes,No,37480.0,High,95.3,6.0,94.3,11.5,No
STU103348,Shuvo Hossain,20.0,Female,Single,2.54,2.84,1,77.4,Yes,No,42140.0,Medium,74.8,4.0,85.8,4.9,No
STU103349,Jannat Sultana,18.0,Male,Single,3.52,3.4,0,86.5,Yes,Yes,56439.0,Low,74.5,4.0,62.1,13.8,No
STU103350,Mariya Ahmed,28.0,Male,Married,3.31,3.52,0,82.7,Yes,Yes,18103.0,Medium,87.8,8.0,100.0,11.9,No
STU103351,Nabila Rahman,25.0,Male,Single,2.65,2.71,0,78.9,Yes,No,98047.0,Medium,92.4,6.0,100.0,16.1,No
STU103352,Shuvo Karim,24.0,Male,Single,3.11,3.04,1,78.1,Yes,No,35103.0,Medium,72.3,7.0,75.3,11.7,No
STU103353,Tasmia Hossain,22.0,Male,Single,3.55,4.0,0,83.8,Yes,Yes,84675.0,Low,56.8,7.0,46.6,17.3,No
STU103354,Mariya Khan,27.0,Female,Married,3.23,2.87,2,66.4,Yes,No,140778.0,Low,84.1,8.0,82.2,10.9,Yes
STU103355,Mahin Hasan,24.0,Male,Single,3.07,2.81,0,78.7,Yes,No,,Medium,83.6,8.0,88.2,11.0,No
STU103356,Mahin Hasan,27.0,Female,Single,3.28,3.63,0,84.3,No,Yes,15681.0,High,74.9,7.0,57.5,20.4,Yes
STU103357,Shuvo Rahman,21.0,Male,Single,3.32,3.61,0,96.4,Yes,No,23722.0,High,86.2,8.0,77.5,9.0,No
STU103358,Sadia Chowdhury,26.0,Male,Single,2.77,2.78,0,71.6,Yes,No,56677.0,Medium,66.6,6.0,82.8,10.4,No
STU103359,Sakib Sultana,28.0,Male,Single,3.07,3.17,0,78.4,No,No,31123.0,Medium,71.7,5.0,45.3,6.8,No
STU103360,Sakib Rahman,27.0,Male,Single,3.38,3.54,0,88.0,Yes,No,101388.0,Low,83.3,5.0,82.3,8.0,No
STU103361,Raisa Chowdhury,19.0,Male,Single,3.06,3.17,1,83.9,Yes,Yes,29928.0,Low,83.7,8.0,78.5,7.3,No
STU103362,Hasan Sultana,26.0,Male,Single,2.68,2.75,0,78.7,Yes,No,61147.0,High,91.2,9.0,68.8,19.6,No
STU103363,Adnan Rahman,26.0,Female,Single,3.13,2.87,0,88.4,Yes,No,42366.0,Medium,68.5,5.0,76.4,9.4,No
STU103364,Adnan Islam,22.0,Male,Single,2.82,3.2,1,79.6,Yes,Yes,45907.0,Low,83.9,6.0,75.7,13.3,No
STU103365,Mariya Sultana,28.0,Male,Single,3.26,3.2,0,75.8,Yes,Yes,63906.0,Low,65.9,6.0,68.1,18.6,No
STU103366,Mim Hossain,18.0,Male,Single,3.64,3.34,0,84.4,Yes,Yes,12000.0,Medium,94.9,7.0,88.7,10.8,No
STU103367,Tanvir Rahman,24.0,Male,Single,3.3,3.34,0,91.5,Yes,No,44182.0,Medium,87.5,5.0,78.9,13.8,No
STU103368,Jannat Rahman,27.0,Male,Single,2.63,2.73,0,88.6,No,No,73905.0,Medium,74.3,9.0,70.7,9.5,No
STU103369,Mariya Khan,27.0,Male,Single,3.14,3.25,0,92.5,Yes,Yes,23575.0,Medium,79.2,6.0,70.8,17.2,No
STU103370,Rakib Ahmed,21.0,Male,Single,1.84,2.13,4,64.8,No,No,64463.0,Medium,56.9,6.0,53.6,8.4,Yes
STU103371,Jannat Hasan,26.0,Male,Single,2.96,2.84,0,83.1,Yes,No,39668.0,High,57.9,4.0,54.8,5.9,Yes
STU103372,Sadia Khan,23.0,Female,Single,3.42,3.4,0,90.5,Yes,Yes,31399.0,Medium,97.1,6.0,100.0,12.4,No
STU103373,Hasan Khan,20.0,Male,Single,3.18,2.93,2,60.8,Yes,No,39268.0,Medium,52.7,4.0,43.6,13.6,Yes
STU103374,Sakib Islam,23.0,Male,Single,3.05,3.12,0,76.5,Yes,No,96754.0,Low,84.7,5.0,85.0,10.3,No
STU103375,Mariya Chowdhury,27.0,Female,Single,3.96,3.7,0,90.3,Yes,No,49424.0,Medium,89.0,5.0,68.7,15.5,Yes
STU103376,Nabila Hasan,23.0,Female,Single,2.23,2.06,2,59.6,Yes,No,22570.0,High,35.0,4.0,85.3,1.1,No
STU103377,Mehedi Sultana,22.0,Female,Single,2.33,2.63,0,89.4,No,No,52863.0,Medium,69.7,6.0,61.6,14.0,No
STU103378,Nusrat Akter,19.0,Male,Single,3.22,3.26,0,93.7,No,No,46177.0,Low,72.2,7.0,93.9,14.5,No
STU103379,Fahim Karim,27.0,Female,Single,3.4,3.83,0,83.8,Yes,No,83815.0,Medium,69.9,6.0,63.5,7.9,No
STU103380,Mahin Hasan,27.0,Female,Single,3.42,3.78,0,80.0,No,No,43264.0,High,88.8,6.0,90.7,12.7,No
STU103381,Shuvo Karim,19.0,Male,Single,2.74,2.81,0,84.3,Yes,No,80642.0,High,53.8,6.0,61.8,7.9,Yes
STU103382,Sumaiya Hossain,24.0,Female,Single,2.62,2.73,0,68.3,Yes,No,46736.0,Medium,58.5,4.0,68.3,9.1,No
STU103383,Nusrat Khan,19.0,Male,Single,2.55,2.48,0,79.1,Yes,Yes,55986.0,Medium,73.2,8.0,77.2,15.1,No
STU103384,Sumaiya Rahman,23.0,Female,Single,3.15,3.46,0,100.0,No,No,30019.0,Medium,75.3,6.0,82.2,15.7,No
STU103385,Adnan Islam,22.0,Female,Single,2.56,2.67,0,70.3,Yes,Yes,61517.0,Medium,82.3,8.0,84.5,9.8,No
STU103386,Mim Islam,21.0,Female,Married,3.5,3.77,0,81.2,Yes,No,136776.0,Low,100.0,8.0,85.4,19.0,No
STU103387,Nabila Khan,24.0,Female,Single,2.99,2.8,0,74.8,Yes,No,116005.0,Medium,89.9,7.0,82.7,11.7,No
STU103388,Nusrat Chowdhury,25.0,Male,Single,2.68,2.28,0,68.1,Yes,No,24426.0,High,67.9,6.0,70.9,5.3,No
STU103389,Adnan Ahmed,21.0,Male,Single,2.69,2.84,0,73.1,No,Yes,17593.0,Medium,68.8,4.0,70.1,7.3,No
STU103390,Fahim Chowdhury,18.0,Female,Married,2.31,2.52,0,93.6,Yes,No,55344.0,Medium,75.5,7.0,72.0,8.4,No
STU103391,Adnan Hasan,18.0,Female,Single,2.64,2.67,1,76.9,Yes,Yes,39358.0,Medium,85.9,6.0,82.1,5.7,No
STU103392,Raisa Chowdhury,18.0,Female,Single,2.75,2.92,0,89.6,Yes,Yes,28203.0,High,62.1,4.0,62.2,11.4,Yes
STU103393,Tanvir Akter,28.0,Female,Single,3.18,2.93,1,89.2,Yes,No,143973.0,Low,51.9,7.0,69.4,13.8,No
STU103394,Adnan Akter,18.0,Female,Single,2.96,3.24,0,67.7,Yes,Yes,245940.0,Low,70.9,5.0,87.1,15.5,No
STU103395,Tasmia Hasan,22.0,Female,Single,2.61,2.96,0,74.8,Yes,Yes,16570.0,Medium,75.7,8.0,70.2,15.1,No
STU103396,Mehedi Hasan,21.0,Male,Single,2.45,2.75,0,71.9,Yes,Yes,29254.0,Medium,81.6,5.0,83.6,8.0,No
STU103397,Nabila Hossain,26.0,Male,Single,2.89,2.93,1,54.8,Yes,Yes,22108.0,Medium,72.7,7.0,65.1,5.6,No
STU103398,Arafat Rahman,20.0,Female,Single,2.08,2.43,0,81.3,Yes,No,28585.0,Medium,87.0,6.0,72.0,13.5,No
STU103399,Tasmia Sultana,24.0,Male,Single,2.86,2.51,0,80.8,Yes,No,83444.0,Low,69.8,6.0,63.5,10.5,No
STU103400,Rakib Akter,28.0,Male,Single,3.5,3.67,0,99.3,No,No,51816.0,High,89.1,7.0,72.2,15.5,No
STU103401,Nabila Hasan,25.0,Male,Single,2.91,3.12,2,81.3,No,No,71120.0,Medium,70.7,7.0,46.7,13.4,Yes
STU103402,Tasmia Rahman,23.0,Female,Married,3.07,3.22,1,57.3,Yes,No,92956.0,Low,52.2,5.0,84.7,9.8,No
STU103403,Fahim Akter,27.0,Female,Single,3.02,2.74,2,67.6,Yes,Yes,54189.0,Low,76.1,4.0,67.2,15.8,No
STU103404,Arafat Hossain,18.0,Female,Married,2.38,2.45,1,68.9,Yes,Yes,26773.0,Medium,56.6,3.0,63.8,9.9,Yes
STU103405,Hasan Chowdhury,25.0,Male,Single,3.79,3.71,0,92.3,No,No,59810.0,Medium,84.2,7.0,71.6,16.2,No
STU103406,Raisa Islam,27.0,Female,Married,2.82,2.23,3,43.0,No,No,42454.0,Medium,43.7,7.0,43.2,1.0,Yes
STU103407,Tanvir Akter,20.0,Female,Single,3.0,2.65,0,84.1,No,No,41040.0,Medium,62.6,5.0,51.6,7.4,Yes
STU103408,Mim Hasan,25.0,Male,Single,2.7,3.05,0,89.5,Yes,No,28540.0,Medium,76.2,8.0,83.6,17.4,No
STU103409,Mehedi Islam,21.0,Male,Single,3.51,3.39,0,82.9,Yes,No,76333.0,Medium,86.8,8.0,73.8,17.4,No
STU103410,Tasmia Rahman,25.0,Male,Single,2.34,2.66,0,72.1,Yes,No,59325.0,Medium,85.3,8.0,100.0,17.7,No
STU103411,Sakib Rahman,28.0,Female,Single,3.59,3.93,0,100.0,Yes,No,71530.0,Low,96.4,6.0,79.4,14.5,No
STU103412,Jannat Akter,18.0,Female,Single,2.86,3.03,0,69.8,No,No,26927.0,High,93.5,8.0,88.5,6.5,No
STU103413,Tanjim Akter,20.0,Male,Married,2.76,2.58,0,88.9,Yes,No,80361.0,Medium,70.2,7.0,58.3,13.3,No
STU103414,Hasan Rahman,23.0,Female,Married,2.72,3.0,0,90.2,Yes,No,54537.0,Low,57.8,5.0,64.1,14.4,No
STU103415,Tanvir Chowdhury,26.0,Male,Married,3.81,3.88,0,94.1,No,No,75974.0,Medium,72.9,7.0,51.0,16.8,No
STU103416,Mehedi Ahmed,19.0,Male,Married,2.28,2.29,0,92.7,Yes,Yes,29227.0,Medium,76.7,5.0,60.9,12.6,No
STU103417,Mehedi Khan,28.0,Male,Single,2.76,2.49,2,72.0,Yes,Yes,49151.0,Low,54.8,6.0,72.1,12.5,No
STU103418,Mim Karim,18.0,Male,Married,2.42,2.27,3,72.7,Yes,No,84907.0,Medium,64.7,7.0,76.4,4.3,No
STU103419,Shuvo Akter,27.0,Male,Single,2.18,1.92,3,63.9,Yes,Yes,62249.0,Low,46.8,2.0,50.4,8.1,No
STU103420,Sumaiya Karim,20.0,Male,Single,3.59,3.88,0,86.1,Yes,No,42280.0,Medium,88.8,7.0,81.7,10.6,No
STU103421,Sadia Akter,21.0,Male,Single,2.99,3.45,0,90.3,Yes,No,60752.0,Medium,71.0,4.0,82.1,14.5,No
STU103422,Tanjim Khan,28.0,Male,Married,2.48,2.75,0,77.3,Yes,Yes,26622.0,Medium,42.8,3.0,59.0,9.0,Yes
STU103423,Shuvo Hossain,22.0,Female,Single,3.37,3.43,0,86.0,Yes,No,65567.0,High,76.9,7.0,65.4,15.7,No
STU103424,Raisa Rahman,20.0,Male,Single,2.82,2.73,1,77.4,Yes,Yes,74311.0,Low,52.9,5.0,67.6,11.6,No
STU103425,Hasan Akter,27.0,Male,Single,2.71,2.85,0,77.2,Yes,No,57700.0,Medium,53.6,4.0,69.0,13.9,No
STU103426,Sumaiya Rahman,28.0,Female,Single,3.26,3.13,0,89.7,Yes,No,43123.0,High,82.0,9.0,94.2,11.4,No
STU103427,Sumaiya Hasan,19.0,Male,Married,2.81,2.8,0,64.5,Yes,No,54623.0,Medium,77.2,7.0,88.4,6.9,No
STU103428,Tanjim Sultana,19.0,Female,Single,2.57,2.32,0,70.3,Yes,No,44002.0,Medium,68.5,5.0,48.0,11.9,No
STU103429,Tanvir Chowdhury,24.0,Female,Single,3.31,3.51,0,77.3,Yes,No,40970.0,Medium,84.7,7.0,67.6,11.8,No
STU103430,Mim Hasan,26.0,Male,Single,2.94,3.15,0,85.9,No,No,68657.0,Medium,69.0,3.0,100.0,5.9,No
STU103431,Mehedi Ahmed,27.0,Female,Single,3.34,3.61,0,84.7,Yes,No,107417.0,Medium,68.6,6.0,65.4,16.2,No
STU103432,Sumaiya Sultana,19.0,Female,Single,2.82,2.99,0,69.1,Yes,No,49934.0,Low,58.7,5.0,64.1,9.8,No
STU103433,Sadia Ahmed,24.0,Female,Single,3.46,3.6,0,91.1,Yes,Yes,33557.0,Medium,98.7,9.0,85.6,10.8,No
STU103434,Hasan Sultana,24.0,Female,Married,3.01,2.69,1,78.6,Yes,Yes,26676.0,High,64.5,4.0,60.7,3.4,Yes
STU103435,Mim Khan,28.0,Male,Single,3.48,3.15,0,83.5,Yes,Yes,31391.0,Medium,100.0,9.0,100.0,14.0,No
STU103436,Mehedi Akter,24.0,Female,Single,3.46,3.56,0,93.5,Yes,Yes,149607.0,Low,99.1,7.0,88.6,14.9,No
STU103437,Sakib Sultana,20.0,Male,Married,3.56,3.89,0,93.8,Yes,No,110216.0,Low,100.0,9.0,75.4,19.9,No
STU103438,Sadia Hasan,24.0,Male,Single,3.03,2.95,1,76.5,Yes,No,76265.0,Medium,69.4,7.0,63.8,11.8,Yes
STU103439,Rakib Hossain,18.0,Male,Single,3.17,3.17,0,87.1,Yes,No,90823.0,Low,82.2,7.0,89.5,14.9,No
STU103440,Tanjim Islam,27.0,Male,Single,2.9,2.9,0,93.5,Yes,Yes,33572.0,Low,62.0,7.0,56.9,7.4,No
STU103441,Sakib Khan,18.0,Male,Single,2.6,2.04,1,70.0,Yes,No,79981.0,Low,56.3,6.0,68.4,4.5,No
STU103442,Adnan Hasan,22.0,Female,Single,3.9,3.97,0,100.0,Yes,Yes,83826.0,Medium,100.0,7.0,80.2,20.5,No
STU103443,Rakib Hasan,19.0,Female,Married,2.66,2.5,2,89.0,Yes,Yes,42896.0,Low,95.0,10.0,76.6,8.5,No
STU103444,Nusrat Hossain,26.0,Male,Single,3.41,3.59,0,89.7,Yes,No,23461.0,Medium,78.5,3.0,91.8,19.7,No
STU103445,Raisa Hossain,24.0,Female,Single,3.33,3.32,0,75.5,Yes,No,20311.0,Medium,64.0,4.0,77.2,11.0,Yes
STU103446,Mahin Ahmed,21.0,Female,Single,3.08,3.03,1,76.5,Yes,No,56319.0,High,83.0,6.0,82.3,14.3,No
STU103447,Mehedi Sultana,21.0,Male,Single,2.93,2.88,0,82.5,Yes,Yes,34467.0,Medium,63.2,4.0,55.6,11.4,No
STU103448,Mariya Chowdhury,19.0,Male,Single,2.93,2.84,1,77.9,Yes,No,,Low,62.9,5.0,77.1,7.0,No
STU103449,Rakib Islam,22.0,Female,Single,2.7,2.3,1,74.5,Yes,No,38691.0,Medium,83.9,7.0,64.1,11.7,No
STU103450,Mahin Sultana,21.0,Female,Single,3.04,3.33,0,95.6,Yes,Yes,24447.0,Medium,79.4,5.0,74.0,11.6,No
STU103451,Mariya Karim,18.0,Female,Married,2.47,2.28,1,65.6,Yes,No,119107.0,Medium,67.7,6.0,69.3,9.5,Yes
STU103452,Shuvo Rahman,25.0,Female,Married,3.34,3.2,0,86.9,Yes,Yes,25182.0,Medium,97.1,6.0,100.0,17.8,No
STU103453,Adnan Sultana,20.0,Male,Single,2.9,2.92,0,89.7,Yes,Yes,31237.0,Low,70.3,7.0,75.4,14.7,No
STU103454,Nusrat Karim,23.0,Male,Single,2.57,2.23,1,70.6,Yes,No,44822.0,High,55.8,4.0,64.0,6.2,Yes
STU103455,Sakib Hasan,21.0,Female,Single,2.43,2.28,2,61.0,Yes,No,48679.0,Medium,50.0,5.0,45.5,1.0,Yes
STU103456,Mariya Islam,26.0,Male,Single,2.94,3.52,0,84.3,Yes,Yes,18977.0,Medium,85.2,5.0,93.4,16.8,No
STU103457,Sadia Rahman,24.0,Female,Single,2.96,3.06,0,73.1,Yes,No,70681.0,Medium,61.4,9.0,67.8,18.2,No
STU103458,Fahim Islam,26.0,Female,Single,2.77,2.51,3,62.7,Yes,No,64872.0,Low,46.2,4.0,28.2,12.6,No
STU103459,Sadia Islam,27.0,Female,Single,3.23,2.6,0,84.0,Yes,No,150178.0,Low,37.5,7.0,82.9,4.6,Yes
STU103460,Nabila Hossain,20.0,Female,Single,3.16,3.46,0,88.0,Yes,No,52794.0,Medium,70.3,4.0,61.3,15.2,No
STU103461,Tanjim Karim,18.0,Male,Single,3.03,2.72,0,86.2,Yes,No,42660.0,High,79.9,6.0,59.5,7.7,Yes
STU103462,Nabila Rahman,22.0,Female,Single,2.58,2.42,0,81.7,No,Yes,27078.0,High,79.0,7.0,70.8,16.1,Yes
STU103463,Nusrat Karim,20.0,Female,Single,2.67,2.54,0,76.5,Yes,Yes,22346.0,Low,77.4,7.0,89.9,12.9,Yes
STU103464,Mariya Khan,23.0,Female,Single,2.37,2.1,1,62.7,No,No,40656.0,Medium,74.0,5.0,98.4,7.5,Yes
STU103465,Mehedi Ahmed,25.0,Female,Single,2.91,2.89,0,84.0,No,Yes,21820.0,High,87.5,7.0,83.0,15.0,No
STU103466,Tanjim Sultana,28.0,Male,Single,3.25,3.09,0,77.9,Yes,No,70729.0,Medium,70.1,8.0,79.4,4.4,No
STU103467,Adnan Chowdhury,21.0,Female,Single,2.46,2.64,0,77.9,Yes,No,35562.0,Medium,79.3,4.0,70.8,8.9,No
STU103468,Hasan Rahman,22.0,Female,Married,2.75,2.79,0,73.9,No,No,88464.0,Medium,56.3,7.0,80.7,11.1,No
STU103469,Fahim Rahman,22.0,Male,Single,2.98,3.41,0,93.4,No,No,52827.0,High,73.7,7.0,66.0,10.4,Yes
STU103470,Adnan Hossain,21.0,Female,Single,3.25,3.69,0,67.3,Yes,Yes,53969.0,Low,81.7,7.0,88.1,14.6,No
STU103471,Adnan Hasan,21.0,Female,Single,2.34,2.05,0,79.0,Yes,No,26271.0,Low,51.6,2.0,88.9,7.7,No
STU103472,Sakib Sultana,21.0,Female,Single,4.0,3.9,0,,Yes,No,64242.0,Medium,68.8,7.0,83.4,18.6,No
STU103473,Arafat Karim,21.0,Male,Single,3.34,3.98,0,97.9,Yes,No,57182.0,Medium,97.5,5.0,90.1,17.5,No
STU103474,Fahim Hossain,21.0,Female,Single,2.73,2.38,1,63.1,No,No,15551.0,Medium,69.5,5.0,60.7,7.7,No
STU103475,Adnan Rahman,22.0,Female,Single,2.52,2.76,0,79.6,Yes,No,90934.0,Low,84.9,6.0,75.4,7.8,No
STU103476,Tanjim Sultana,19.0,Male,Single,3.13,3.29,0,80.5,No,No,72805.0,High,95.7,7.0,64.3,12.3,No
STU103477,Jannat Ahmed,19.0,Male,Married,3.21,2.96,0,80.2,Yes,No,29094.0,High,86.0,6.0,84.4,15.7,No
STU103478,Rakib Karim,26.0,Male,Single,2.55,2.31,0,,Yes,No,75338.0,Low,59.5,5.0,68.8,3.5,Yes
STU103479,Mehedi Ahmed,19.0,Female,Single,2.5,3.05,0,78.1,Yes,Yes,35739.0,Low,,6.0,58.6,16.5,Yes
STU103480,Jannat Islam,23.0,Female,Single,2.6,3.15,0,82.2,Yes,No,31531.0,High,73.4,7.0,76.7,16.9,No
STU103481,Hasan Akter,19.0,Male,Single,3.03,3.16,0,94.4,Yes,No,54591.0,Medium,80.4,10.0,74.6,15.3,No
STU103482,Sadia Hasan,22.0,Male,Married,3.03,2.62,1,89.0,Yes,No,77448.0,Medium,75.3,3.0,55.9,11.7,No
STU103483,Tanvir Rahman,21.0,Male,Single,3.97,4.0,0,92.1,Yes,Yes,104221.0,Low,86.1,5.0,72.7,12.7,No
STU103484,Tasmia Chowdhury,24.0,Female,Single,2.03,1.61,3,75.1,Yes,No,118270.0,Low,35.3,4.0,29.2,2.6,Yes
STU103485,Fahim Hasan,24.0,Male,Single,2.7,2.91,0,68.3,Yes,Yes,18764.0,High,70.4,5.0,68.3,7.1,Yes
STU103486,Arafat Hasan,23.0,Male,Single,2.76,2.28,2,77.5,No,No,17178.0,Medium,80.3,6.0,72.0,1.0,Yes
STU103487,Arafat Ahmed,27.0,Male,Single,3.22,3.22,0,85.7,Yes,Yes,35530.0,Low,91.9,7.0,72.5,15.7,No
STU103488,Mahin Khan,,Female,Single,3.24,3.5,0,82.7,Yes,Yes,27392.0,Medium,,6.0,50.8,21.6,No
STU103489,Nabila Khan,18.0,Male,Single,2.91,2.06,0,80.0,Yes,No,175045.0,Low,55.1,7.0,71.3,3.4,Yes
STU103490,Mahin Sultana,20.0,Male,Single,3.68,3.52,0,87.6,No,No,52501.0,Medium,95.2,9.0,72.7,18.1,Yes
STU103491,Rakib Chowdhury,26.0,Female,Single,2.5,2.54,2,67.0,No,No,40084.0,Medium,58.7,4.0,66.2,9.1,Yes
STU103492,Adnan Karim,18.0,Male,Single,2.69,2.58,1,82.0,No,No,33398.0,Medium,56.9,4.0,59.7,8.4,No
STU103493,Tanjim Sultana,22.0,Male,Single,2.41,2.21,2,69.2,Yes,No,50199.0,High,65.1,4.0,68.7,1.0,No
STU103494,Nabila Akter,19.0,Female,Single,2.93,2.89,0,74.7,Yes,Yes,14037.0,High,68.7,4.0,67.2,12.1,Yes
STU103495,Hasan Islam,21.0,Male,Single,2.85,3.16,0,90.6,Yes,Yes,73900.0,Low,82.2,4.0,93.3,19.6,No
STU103496,Nusrat Chowdhury,28.0,Female,Single,3.35,3.76,0,72.8,Yes,No,97233.0,Medium,76.5,8.0,100.0,20.1,No
STU103497,Fahim Ahmed,18.0,Male,Single,3.83,4.0,0,100.0,Yes,No,17527.0,High,78.6,8.0,81.1,9.9,No
STU103498,Tanjim Islam,20.0,Female,Single,3.67,4.0,0,98.2,Yes,Yes,61998.0,Low,85.9,6.0,56.2,22.5,No
STU103499,Mariya Chowdhury,27.0,Male,Single,2.45,2.29,3,50.3,Yes,No,57558.0,Low,49.3,5.0,61.8,4.4,Yes
STU103500,Raisa Hasan,24.0,Female,Single,3.02,3.2,0,94.5,Yes,No,60290.0,Low,76.5,5.0,66.8,18.4,No
STU103501,Nusrat Ahmed,27.0,Male,Single,3.35,3.04,0,83.1,Yes,No,59927.0,Medium,68.9,4.0,37.3,6.2,No
STU103502,Mim Khan,20.0,Male,Single,3.3,4.0,0,71.5,Yes,No,25089.0,Medium,68.7,7.0,66.8,14.4,No
STU103503,Nusrat Rahman,21.0,Female,Single,4.0,4.0,0,73.2,Yes,No,41714.0,High,85.5,7.0,94.4,18.2,No
STU103504,Fahim Hossain,19.0,Female,Married,2.9,3.14,0,88.3,Yes,Yes,72640.0,Low,80.9,5.0,88.5,18.3,No
STU103505,Tanvir Sultana,20.0,Male,Single,3.04,2.51,0,68.2,Yes,Yes,17774.0,Medium,54.1,7.0,57.4,7.6,No
STU103506,Mehedi Karim,26.0,Female,Single,4.0,4.0,0,82.1,Yes,Yes,47873.0,Low,88.4,9.0,100.0,15.9,No
STU103507,Fahim Karim,20.0,Male,Single,3.19,3.22,1,81.7,Yes,No,61598.0,Medium,75.6,5.0,60.9,12.0,No
STU103508,Tanvir Hasan,28.0,Female,Single,2.73,2.87,0,85.5,Yes,No,36924.0,Medium,78.1,4.0,98.6,19.4,No
STU103509,Nusrat Sultana,22.0,Male,Single,2.56,2.57,2,74.4,Yes,Yes,58394.0,Low,61.8,6.0,53.8,3.6,No
STU103510,Mahin Rahman,19.0,Female,Single,3.09,3.06,0,74.3,Yes,No,45999.0,High,65.4,9.0,63.4,10.1,Yes
STU103511,Tasmia Khan,21.0,Male,Single,3.48,3.39,0,78.4,Yes,Yes,39934.0,Medium,82.0,5.0,54.4,10.5,No
STU103512,Mariya Ahmed,24.0,Male,Married,3.47,3.45,0,76.0,Yes,No,35567.0,High,78.3,7.0,70.7,16.7,Yes
STU103513,Adnan Rahman,24.0,Male,Single,2.61,3.05,2,78.5,No,No,90729.0,Medium,69.1,5.0,69.4,6.4,Yes
STU103514,Hasan Karim,20.0,Male,Single,3.05,2.94,1,80.1,Yes,No,42180.0,High,79.0,7.0,70.1,11.9,No
STU103515,Shuvo Akter,22.0,Female,Single,2.8,3.47,0,89.4,Yes,Yes,28105.0,Medium,94.7,4.0,65.0,12.7,No
STU103516,Fahim Hasan,18.0,Female,Single,2.93,,1,80.3,Yes,Yes,22437.0,High,77.2,5.0,74.3,12.9,Yes
STU103517,Mim Khan,27.0,Female,Single,3.41,3.83,0,89.6,No,No,19592.0,High,92.8,8.0,83.3,18.2,No
STU103518,Fahim Khan,27.0,Male,Single,2.98,3.32,0,92.6,Yes,Yes,20261.0,Medium,97.8,8.0,86.7,18.8,No
STU103519,Arafat Hasan,27.0,Male,Single,3.29,2.82,0,81.5,Yes,Yes,35012.0,Medium,63.5,3.0,76.0,12.5,No
STU103520,Tanvir Khan,28.0,Female,Single,3.31,2.9,0,89.2,Yes,No,41907.0,Medium,63.8,4.0,67.2,15.8,No
STU103521,Rakib Akter,18.0,Female,Single,2.73,2.52,2,68.6,No,No,37956.0,High,,5.0,67.8,17.0,Yes
STU103522,Mariya Khan,22.0,Male,Single,3.55,3.09,0,75.6,Yes,Yes,28427.0,Medium,87.7,8.0,98.2,22.8,No
STU103523,Adnan Hasan,27.0,Female,Single,2.51,2.38,1,84.9,Yes,Yes,33348.0,Medium,75.6,6.0,62.9,10.1,No
STU103524,Sadia Chowdhury,26.0,Female,Married,2.43,2.44,2,67.3,Yes,No,65076.0,Medium,52.4,6.0,65.6,7.3,Yes
STU103525,Hasan Ahmed,18.0,Female,Single,2.79,2.98,1,77.9,Yes,No,79189.0,High,89.3,9.0,79.8,10.8,No
STU103526,Sadia Chowdhury,18.0,Male,Single,2.56,2.62,0,71.5,Yes,No,114543.0,Medium,57.7,5.0,56.9,8.1,No
STU103527,Mariya Hossain,21.0,Male,Married,3.27,3.27,0,100.0,Yes,Yes,45996.0,Low,78.2,7.0,91.9,15.0,No
STU103528,Tanvir Akter,21.0,Male,Single,4.0,4.0,0,76.2,Yes,No,92984.0,Medium,71.6,7.0,63.4,13.3,No
STU103529,Nusrat Khan,19.0,Male,Single,3.51,3.77,0,97.0,Yes,No,48801.0,Medium,83.8,6.0,85.5,19.1,No
STU103530,Mahin Khan,26.0,Male,Single,2.63,3.2,0,66.9,Yes,No,99236.0,Low,73.5,5.0,59.7,5.8,Yes
STU103531,Mehedi Akter,26.0,Male,Single,2.55,2.61,0,75.5,Yes,No,62191.0,Medium,62.8,7.0,52.1,10.0,Yes
STU103532,Sakib Chowdhury,19.0,Female,Single,3.44,2.72,0,86.4,Yes,No,46102.0,High,80.7,7.0,87.8,7.9,No
STU103533,Jannat Ahmed,26.0,Male,Single,2.47,2.6,1,90.9,Yes,Yes,15060.0,Medium,74.1,8.0,44.2,7.8,No
STU103534,Sumaiya Islam,23.0,Male,Married,2.56,3.24,0,81.8,Yes,No,41464.0,Medium,85.8,7.0,62.9,16.4,Yes
STU103535,Mehedi Sultana,25.0,Female,Single,3.17,3.47,0,80.9,Yes,Yes,28811.0,Medium,94.3,7.0,100.0,11.5,No
STU103536,Sakib Rahman,27.0,Female,Single,2.76,3.13,0,84.9,Yes,No,36790.0,Medium,92.7,7.0,100.0,11.3,No
STU103537,Jannat Rahman,21.0,Female,Single,3.05,3.08,0,97.5,Yes,Yes,89704.0,Low,82.8,6.0,92.7,8.4,No
STU103538,Mim Hasan,19.0,Male,Single,2.85,3.13,0,84.5,Yes,Yes,56843.0,Medium,80.5,3.0,62.4,18.4,No
STU103539,Nusrat Sultana,19.0,Female,Single,2.99,3.38,0,89.6,Yes,No,78181.0,Low,75.2,7.0,79.6,6.3,No
STU103540,Raisa Akter,26.0,Female,Single,3.39,3.29,0,78.6,Yes,No,61639.0,Medium,100.0,6.0,69.5,13.5,No
STU103541,Mariya Karim,18.0,Male,Single,3.28,3.13,0,91.2,Yes,Yes,26489.0,Medium,65.0,6.0,64.9,15.5,No
STU103542,Shuvo Ahmed,,Female,Single,3.41,3.55,0,72.3,Yes,No,130062.0,Low,67.6,6.0,61.3,18.9,No
STU103543,Jannat Khan,28.0,Male,Married,3.29,3.58,0,97.9,No,Yes,40933.0,Medium,82.4,7.0,94.1,20.2,No
STU103544,Tasmia Karim,20.0,Male,Single,3.32,2.49,1,86.9,No,No,79702.0,Medium,37.8,2.0,48.7,9.2,Yes
STU103545,Sumaiya Ahmed,20.0,Male,Single,3.0,2.94,1,96.7,Yes,Yes,110310.0,Low,73.3,4.0,41.6,7.5,No
STU103546,Sakib Hasan,19.0,Male,Single,2.35,1.76,1,81.0,Yes,Yes,21295.0,Medium,57.1,5.0,66.6,4.7,No
STU103547,Arafat Hossain,27.0,Male,Single,2.95,2.91,0,76.5,No,No,42777.0,High,63.9,6.0,62.8,3.9,Yes
STU103548,Mehedi Sultana,23.0,Female,Single,3.14,3.65,0,100.0,No,No,66059.0,Medium,90.9,8.0,76.8,13.5,No
STU103549,Sadia Chowdhury,27.0,Male,Single,3.03,2.85,0,90.9,Yes,No,38577.0,Medium,60.3,4.0,82.0,6.0,No
STU103550,Mariya Islam,19.0,Female,Single,3.19,3.1,1,73.3,Yes,No,202779.0,Low,57.9,4.0,61.8,8.5,No
STU103551,Fahim Akter,27.0,Female,Single,3.93,4.0,0,91.9,Yes,Yes,52124.0,Low,97.8,9.0,69.2,18.2,No
STU103552,Rakib Chowdhury,21.0,Male,Single,2.77,3.07,0,56.4,Yes,No,63266.0,Medium,73.5,9.0,66.3,7.5,No
STU103553,Tasmia Hossain,27.0,Male,Single,2.82,3.1,0,70.4,Yes,Yes,123479.0,Low,75.2,7.0,66.7,18.2,No
STU103554,Adnan Ahmed,26.0,Female,Single,3.54,3.56,0,93.8,Yes,No,21061.0,High,95.0,9.0,82.5,11.2,No
STU103555,Sumaiya Rahman,26.0,Female,Single,3.06,3.23,0,98.5,Yes,No,35316.0,Low,83.6,4.0,68.5,15.1,No
STU103556,Hasan Islam,23.0,Male,Single,3.2,3.36,0,92.3,Yes,Yes,26558.0,Medium,90.3,8.0,82.4,8.2,No
STU103557,Mahin Khan,21.0,Male,Married,2.73,2.52,0,78.7,No,No,57080.0,Medium,62.9,5.0,71.8,9.6,No
STU103558,Arafat Rahman,24.0,Female,Single,2.67,,1,62.9,Yes,No,110692.0,Low,40.8,,58.4,1.0,Yes
STU103559,Sadia Ahmed,18.0,Male,Single,2.46,2.19,2,75.3,Yes,Yes,25312.0,Low,56.5,7.0,60.3,10.3,No
STU103560,Rakib Akter,21.0,Female,Single,3.08,3.51,0,68.8,Yes,Yes,20710.0,High,88.9,6.0,82.4,15.3,No
STU103561,Adnan Chowdhury,22.0,Female,Married,2.56,3.22,0,88.4,Yes,Yes,49667.0,Low,,7.0,80.4,11.5,No
STU103562,Arafat Chowdhury,25.0,Male,Single,2.5,2.48,1,66.7,Yes,No,95048.0,Medium,51.8,4.0,74.3,9.2,No
STU103563,Raisa Islam,19.0,Male,Single,3.3,3.72,0,94.5,Yes,No,29162.0,Medium,94.0,5.0,63.0,16.4,No
STU103564,Mehedi Khan,22.0,Male,Married,2.71,2.63,0,86.2,Yes,Yes,25762.0,Medium,54.5,6.0,55.7,11.3,No
STU103565,Fahim Rahman,23.0,Female,Single,2.46,2.56,0,,Yes,Yes,107469.0,Low,74.2,6.0,75.7,13.7,No
STU103566,Nusrat Ahmed,22.0,Male,Single,2.41,2.23,2,78.2,Yes,No,40459.0,Medium,42.4,5.0,47.0,3.7,Yes
STU103567,Arafat Chowdhury,26.0,Male,Single,3.41,3.71,0,71.9,Yes,No,63813.0,Medium,84.8,7.0,69.2,16.1,Yes
STU103568,Sakib Akter,27.0,Female,Single,2.95,2.76,0,78.8,Yes,No,96187.0,Low,85.8,9.0,54.3,6.8,No
STU103569,Shuvo Chowdhury,18.0,Male,Single,2.82,2.55,0,85.5,Yes,Yes,59812.0,Low,59.3,5.0,75.8,12.8,No
STU103570,Nabila Hossain,20.0,Male,Single,3.08,3.09,0,88.3,No,No,45864.0,Medium,100.0,4.0,95.3,14.7,No
STU103571,Mahin Chowdhury,19.0,Female,Single,3.03,3.28,0,79.2,Yes,Yes,26412.0,Medium,89.5,9.0,67.0,17.0,No
STU103572,Tasmia Islam,20.0,Male,Single,2.76,2.81,0,88.4,Yes,Yes,33592.0,Medium,83.4,7.0,100.0,10.2,No
STU103573,Hasan Khan,27.0,Female,Single,2.85,2.71,0,87.9,Yes,Yes,54550.0,Low,69.3,4.0,72.0,3.1,No
STU103574,Sumaiya Islam,26.0,Female,Single,3.33,3.06,0,71.9,Yes,No,89177.0,Medium,85.2,8.0,71.3,10.0,Yes
STU103575,Mahin Karim,26.0,Male,Single,3.37,2.87,1,76.9,Yes,Yes,34575.0,High,69.3,4.0,51.9,1.0,Yes
STU103576,Sumaiya Karim,27.0,Male,Single,2.62,2.49,2,73.6,Yes,Yes,32521.0,Medium,61.9,2.0,51.2,6.0,Yes
STU103577,Adnan Hasan,19.0,Male,Single,3.58,3.53,0,87.9,Yes,No,58737.0,Medium,100.0,9.0,83.7,21.1,No
STU103578,Mehedi Ahmed,20.0,Female,Single,3.9,4.0,0,97.3,Yes,Yes,29569.0,Medium,96.8,9.0,85.5,14.2,No
STU103579,Mim Khan,21.0,Male,Single,2.87,2.52,0,74.4,Yes,No,57329.0,Medium,69.4,8.0,73.0,16.6,No
STU103580,Mariya Chowdhury,26.0,Female,Single,2.86,3.06,0,97.2,No,Yes,28101.0,Medium,82.1,6.0,80.9,8.9,Yes
STU103581,Rakib Hossain,20.0,Female,Single,2.6,2.42,0,73.8,No,Yes,51918.0,Medium,57.7,5.0,71.5,1.0,No
STU103582,Jannat Chowdhury,24.0,Male,Single,2.7,2.55,1,65.2,Yes,Yes,37741.0,High,65.9,5.0,60.0,3.7,Yes
STU103583,Mariya Akter,20.0,Female,Single,3.15,3.52,0,84.1,Yes,No,47911.0,Medium,80.4,4.0,81.6,17.5,No
STU103584,Mehedi Rahman,24.0,Male,Single,4.0,3.26,0,86.3,Yes,No,70104.0,Low,96.6,7.0,75.5,13.9,No
STU103585,Hasan Karim,24.0,Female,Single,3.33,2.96,0,71.1,Yes,No,42708.0,High,86.4,6.0,81.8,15.5,No
STU103586,Tanvir Karim,26.0,Female,Single,2.85,2.86,0,78.1,Yes,No,56205.0,Medium,68.5,4.0,65.2,15.9,Yes
STU103587,Tanvir Chowdhury,19.0,Male,Single,2.81,2.81,0,69.3,Yes,Yes,30755.0,Low,67.5,8.0,74.7,6.6,Yes
STU103588,Tanjim Islam,23.0,Male,Single,2.7,2.19,2,75.9,No,No,33296.0,Medium,42.0,3.0,40.8,6.5,Yes
STU103589,Hasan Sultana,26.0,Female,Single,3.48,3.33,0,83.0,Yes,Yes,24622.0,Low,52.9,7.0,48.1,6.6,No
STU103590,Shuvo Chowdhury,19.0,Female,Single,2.89,3.18,0,62.0,Yes,No,43480.0,Medium,76.3,8.0,71.8,9.2,No
STU103591,Tanvir Islam,19.0,Female,Single,3.2,2.86,1,87.2,No,No,52858.0,High,65.6,6.0,60.4,11.8,No
STU103592,Mehedi Hasan,22.0,Male,Single,2.89,3.22,0,73.2,Yes,Yes,55649.0,Medium,83.1,5.0,78.4,17.6,No
STU103593,Nabila Hossain,27.0,Male,Single,3.95,3.74,0,100.0,Yes,Yes,114428.0,Low,80.4,8.0,66.8,14.4,No
STU103594,Sumaiya Akter,27.0,Male,Single,2.76,2.2,0,69.4,Yes,Yes,58466.0,Medium,58.6,8.0,52.3,8.6,Yes
STU103595,Rakib Sultana,27.0,Female,Single,2.68,2.93,0,76.2,Yes,No,35474.0,High,71.6,5.0,59.1,10.0,No
STU103596,Mim Karim,25.0,Male,Single,2.78,2.86,0,82.3,Yes,No,161793.0,Low,72.5,7.0,54.8,22.3,No
STU103597,Rakib Khan,28.0,Male,Single,3.19,2.75,1,55.3,Yes,Yes,29202.0,High,37.1,4.0,66.4,8.0,Yes
STU103598,Mariya Akter,26.0,Female,Single,3.65,3.48,0,89.8,No,No,50236.0,Low,93.9,5.0,80.0,15.8,No
STU103599,Tasmia Ahmed,19.0,Male,Single,3.19,3.71,0,94.0,Yes,No,82914.0,Low,87.0,7.0,85.2,12.7,No
STU103600,Fahim Ahmed,22.0,Male,Single,3.32,3.52,0,94.3,No,No,61158.0,Medium,71.2,6.0,94.4,14.0,Yes
STU103601,Mahin Chowdhury,24.0,Male,Single,3.26,3.59,0,89.2,No,Yes,14273.0,High,99.7,6.0,67.4,18.0,No
STU103602,Mahin Akter,23.0,Female,Single,2.25,1.91,3,65.1,Yes,Yes,65321.0,Low,59.6,7.0,51.6,2.3,Yes
STU103603,Jannat Hossain,23.0,Male,Single,2.99,3.36,0,71.2,Yes,No,33270.0,High,78.3,5.0,93.1,11.7,No
STU103604,Nabila Chowdhury,,Male,Single,2.86,2.43,1,78.9,Yes,No,29604.0,Medium,62.5,5.0,60.3,10.2,No
STU103605,Arafat Karim,20.0,Male,Single,2.94,2.52,1,74.8,Yes,Yes,17866.0,Medium,60.0,6.0,76.7,6.0,No
STU103606,Rakib Hasan,20.0,Female,Single,2.63,2.88,0,77.2,Yes,Yes,48999.0,Medium,60.2,4.0,33.0,14.3,Yes
STU103607,Mim Akter,27.0,Female,Single,3.39,2.99,0,72.6,Yes,Yes,35083.0,Low,71.2,7.0,68.9,9.3,Yes
STU103608,Tanvir Karim,26.0,Male,Married,3.02,3.48,0,90.1,Yes,No,54302.0,High,60.5,6.0,39.9,11.0,No
STU103609,Tanvir Rahman,25.0,Male,Single,3.02,2.64,2,70.2,No,Yes,27767.0,Medium,72.1,6.0,67.6,11.8,Yes
STU103610,Nusrat Akter,22.0,Female,Single,2.93,2.64,0,62.2,Yes,No,250000.0,Low,55.7,7.0,63.8,11.6,Yes
STU103611,Rakib Hasan,23.0,Female,Single,2.72,3.06,0,80.5,No,No,35963.0,Medium,57.4,4.0,49.3,17.1,Yes
STU103612,Sakib Rahman,28.0,Female,Single,2.2,2.01,2,61.2,Yes,Yes,85209.0,Low,34.0,2.0,44.5,1.0,Yes
STU103613,Jannat Rahman,27.0,Female,Single,3.12,3.36,0,92.8,Yes,No,84295.0,Medium,82.9,3.0,86.3,14.9,No
STU103614,Jannat Karim,18.0,Female,Single,3.05,,0,78.2,Yes,Yes,76902.0,Low,75.6,5.0,82.9,14.4,No
STU103615,Adnan Akter,27.0,Female,Single,3.24,3.16,0,80.9,No,No,28078.0,Medium,72.5,6.0,81.9,18.0,No
STU103616,Hasan Islam,18.0,Male,Single,3.03,3.25,0,86.8,Yes,No,129362.0,Low,73.0,5.0,93.2,17.3,Yes
STU103617,Tanvir Rahman,21.0,Male,Married,2.51,2.26,3,82.2,Yes,No,52510.0,Medium,43.5,5.0,60.5,3.6,No
STU103618,Mim Karim,19.0,Male,Single,2.64,2.95,0,85.2,Yes,No,56010.0,Medium,86.9,5.0,69.9,14.7,No
STU103619,Mehedi Rahman,28.0,Female,Single,3.6,3.49,0,78.9,Yes,No,43079.0,High,87.5,6.0,79.9,10.0,No
STU103620,Tasmia Ahmed,24.0,Female,Single,3.14,3.18,0,69.4,Yes,No,45166.0,Medium,76.5,7.0,78.3,23.1,No
STU103621,Nusrat Rahman,19.0,Female,Single,3.36,3.06,1,91.5,Yes,No,46230.0,Medium,61.5,7.0,57.2,12.3,No
STU103622,Mehedi Akter,27.0,Male,Single,3.41,3.18,2,55.4,No,No,19320.0,High,54.8,7.0,49.2,9.5,Yes
STU103623,Shuvo Karim,19.0,Male,Single,2.56,2.3,1,73.2,Yes,No,51854.0,Medium,54.4,4.0,67.9,9.6,No
STU103624,Sadia Akter,22.0,Male,Single,2.85,2.66,1,97.5,No,No,69850.0,Medium,93.7,5.0,64.5,10.9,Yes
STU103625,Nabila Akter,21.0,Male,Single,3.31,3.77,0,72.2,Yes,No,32854.0,High,82.7,8.0,69.2,24.5,No
STU103626,Tanvir Chowdhury,25.0,Female,Married,2.63,2.97,0,71.7,Yes,No,42500.0,Medium,64.9,6.0,82.3,20.0,No
STU103627,Tanvir Khan,21.0,Female,Married,2.82,2.95,0,83.4,Yes,Yes,17646.0,Medium,96.7,7.0,80.2,11.0,No
STU103628,Arafat Rahman,23.0,Male,Single,2.77,2.57,2,65.3,No,No,82834.0,Medium,66.0,4.0,65.1,8.4,No
STU103629,Adnan Hasan,22.0,Male,Single,2.67,2.42,2,70.3,Yes,No,106081.0,Low,66.3,4.0,70.0,7.0,No
STU103630,Mahin Hasan,28.0,Female,Married,2.94,2.65,0,,Yes,No,50752.0,High,87.6,6.0,91.1,3.8,No
STU103631,Nusrat Karim,19.0,Male,Single,2.78,2.69,1,81.6,No,No,54639.0,High,79.6,10.0,66.4,12.8,Yes
STU103632,Sadia Chowdhury,28.0,Female,Single,2.82,2.9,2,85.2,Yes,Yes,52905.0,Low,62.0,5.0,62.2,9.3,No
STU103633,Sadia Ahmed,25.0,Male,Single,3.12,3.31,0,70.2,Yes,Yes,67927.0,Low,73.1,7.0,59.5,16.5,No
STU103634,Tasmia Sultana,19.0,Male,Single,3.45,3.45,0,97.0,Yes,No,51665.0,Low,91.0,6.0,82.7,10.3,No
STU103635,Hasan Karim,,Male,Single,3.34,3.51,0,98.2,Yes,No,79006.0,Medium,88.8,4.0,65.9,20.8,Yes
STU103636,Mahin Karim,26.0,Male,Single,3.08,3.36,0,92.5,Yes,No,65666.0,High,61.9,6.0,63.3,13.2,No
STU103637,Nusrat Ahmed,20.0,Female,Single,3.74,3.63,0,76.8,Yes,Yes,68720.0,Medium,64.6,4.0,70.4,8.3,No
STU103638,Hasan Karim,21.0,Male,Married,3.3,3.63,0,76.4,Yes,No,55581.0,High,81.0,5.0,62.7,10.0,No
STU103639,Adnan Rahman,25.0,Male,Single,3.36,3.07,0,85.2,No,No,66755.0,Medium,56.6,5.0,74.5,11.1,No
STU103640,Tanvir Khan,26.0,Male,Single,2.93,3.1,0,88.6,No,No,29552.0,High,63.6,8.0,57.9,9.9,No
STU103641,Rakib Sultana,20.0,Male,Single,2.83,2.84,0,91.3,Yes,No,15713.0,Medium,71.2,7.0,61.6,7.5,Yes
STU103642,Mahin Islam,22.0,Male,Married,3.17,3.22,0,79.4,Yes,No,43058.0,High,78.3,5.0,60.6,14.9,No
STU103643,Tasmia Akter,28.0,Male,Single,3.41,3.3,0,90.0,Yes,No,125149.0,Low,89.4,7.0,87.6,16.4,No
STU103644,Arafat Hasan,25.0,Female,Single,3.08,3.45,0,90.8,Yes,No,64799.0,Low,95.0,8.0,98.3,16.8,No
STU103645,Raisa Islam,20.0,Female,Married,2.72,2.53,0,72.4,Yes,No,67478.0,Medium,70.3,7.0,67.4,4.2,No
STU103646,Sumaiya Rahman,24.0,Male,Single,2.42,2.84,0,76.7,Yes,Yes,25856.0,Medium,83.7,6.0,60.1,11.5,No
STU103647,Mariya Hossain,28.0,Male,Single,2.29,2.71,2,59.3,Yes,Yes,57584.0,Medium,47.1,5.0,37.9,7.9,No
STU103648,Rakib Akter,25.0,Male,Married,3.02,3.15,0,73.7,Yes,No,24656.0,High,62.7,6.0,62.5,7.1,No
STU103649,Raisa Hasan,,Male,Single,3.37,3.27,0,78.5,Yes,No,44601.0,Medium,75.5,7.0,66.3,15.4,No
STU103650,Mariya Khan,28.0,Female,Single,1.96,1.71,2,70.4,No,No,38957.0,High,56.1,3.0,38.3,3.8,No
STU103651,Mariya Akter,20.0,Female,Single,2.73,2.13,1,92.4,Yes,No,58118.0,Low,74.7,6.0,73.1,1.0,No
STU103652,Mariya Khan,19.0,Female,Single,2.65,2.82,0,84.9,Yes,No,45819.0,Medium,89.4,8.0,76.5,8.6,No
STU103653,Rakib Hossain,27.0,Male,Single,3.17,2.84,0,69.5,Yes,No,73576.0,Medium,75.9,3.0,82.3,11.1,Yes
STU103654,Rakib Ahmed,24.0,Male,Single,2.7,2.41,0,73.0,Yes,No,79274.0,Medium,88.9,9.0,83.1,13.0,No
STU103655,Mehedi Chowdhury,26.0,Female,Single,2.45,2.61,0,88.3,Yes,No,88446.0,Medium,82.5,8.0,78.3,1.0,No
STU103656,Tasmia Hossain,18.0,Male,Single,2.73,2.6,0,71.5,Yes,Yes,237108.0,Low,66.4,6.0,65.7,14.0,Yes
STU103657,Fahim Hasan,20.0,Male,Single,2.66,2.72,1,90.3,Yes,Yes,29678.0,Medium,83.1,7.0,75.4,9.1,No
STU103658,Adnan Rahman,22.0,Female,Single,3.01,3.14,0,89.3,Yes,No,35981.0,Medium,98.7,8.0,100.0,19.0,No
STU103659,Nabila Akter,20.0,Female,Single,2.9,3.38,0,82.8,Yes,No,36492.0,Medium,63.4,4.0,43.4,3.3,No
STU103660,Adnan Hossain,18.0,Female,Single,3.2,3.26,0,66.9,Yes,No,15500.0,Medium,68.4,5.0,72.7,9.2,No
STU103661,Rakib Ahmed,24.0,Male,Single,3.0,2.83,0,89.7,Yes,Yes,52573.0,Low,64.4,6.0,64.8,13.0,No
STU103662,Mehedi Akter,24.0,Male,Single,3.46,3.43,0,91.3,No,No,42671.0,Medium,82.4,6.0,67.4,19.0,No
STU103663,Raisa Chowdhury,27.0,Male,Single,2.8,2.63,0,83.3,Yes,No,84888.0,Low,65.2,6.0,74.8,15.0,No
STU103664,Adnan Hasan,25.0,Female,Single,3.28,3.84,0,100.0,Yes,No,74385.0,Medium,98.3,8.0,80.2,21.6,No
STU103665,Rakib Hossain,22.0,Male,Single,3.14,3.25,0,75.6,Yes,No,57535.0,Medium,91.8,7.0,66.0,14.4,No
STU103666,Tanjim Islam,27.0,Female,Single,2.87,3.04,0,96.0,Yes,No,52237.0,High,96.3,8.0,73.1,16.1,No
STU103667,Sadia Chowdhury,22.0,Female,Single,3.31,3.72,0,86.0,Yes,No,33080.0,High,96.1,8.0,90.8,22.5,No
STU103668,Nabila Ahmed,22.0,Male,Married,2.64,2.38,1,76.4,Yes,No,50152.0,High,66.2,4.0,67.8,12.1,Yes
STU103669,Mehedi Islam,18.0,Male,Single,3.56,3.13,0,85.8,No,No,55525.0,Medium,67.6,8.0,51.0,10.6,Yes
STU103670,Tanvir Rahman,27.0,Male,Single,2.65,2.64,0,86.7,Yes,Yes,44349.0,Medium,87.4,6.0,58.6,14.2,No
STU103671,Adnan Akter,22.0,Female,Single,2.4,1.97,3,58.3,No,Yes,44522.0,Medium,59.0,6.0,50.6,3.5,Yes
STU103672,Arafat Ahmed,23.0,Female,Single,2.36,2.24,1,94.5,Yes,No,48650.0,Medium,27.8,3.0,10.0,10.0,No
STU103673,Tasmia Rahman,18.0,Female,Single,3.04,2.39,1,64.1,No,No,50533.0,Medium,83.7,7.0,92.9,6.9,Yes
STU103674,Sakib Karim,28.0,Male,Single,2.75,2.34,1,70.5,Yes,Yes,73857.0,Medium,41.7,6.0,49.7,8.8,Yes
STU103675,Mahin Khan,24.0,Male,Single,3.08,3.45,0,100.0,Yes,No,12000.0,High,77.4,6.0,83.8,18.7,No
STU103676,Tasmia Hossain,18.0,Female,Single,2.5,2.63,2,83.6,Yes,No,52497.0,Medium,71.3,7.0,75.0,4.8,No
STU103677,Jannat Rahman,28.0,Male,Single,3.22,3.76,0,84.9,Yes,Yes,51983.0,Medium,72.8,8.0,60.1,13.8,No
STU103678,Sadia Khan,19.0,Female,Single,3.08,3.07,0,88.7,Yes,No,71785.0,Medium,78.7,8.0,77.6,20.3,No
STU103679,Arafat Sultana,19.0,Female,Single,2.79,2.77,2,64.5,Yes,No,42552.0,Medium,45.5,5.0,52.9,10.3,Yes
STU103680,Mehedi Ahmed,22.0,Male,Single,3.28,3.35,0,77.5,Yes,No,14214.0,High,86.6,10.0,77.8,20.6,No
STU103681,Jannat Rahman,27.0,Male,Single,3.26,4.0,0,86.7,Yes,No,16565.0,Medium,86.7,7.0,65.3,15.6,No
STU103682,Tanjim Hasan,24.0,Male,Single,3.04,3.36,0,97.7,Yes,No,14333.0,High,80.3,8.0,85.4,11.0,No
STU103683,Nabila Rahman,18.0,Male,Single,3.4,3.15,0,64.2,Yes,No,78624.0,Low,80.0,10.0,68.9,14.0,No
STU103684,Mim Karim,27.0,Female,Single,3.5,3.62,0,94.9,Yes,No,20409.0,High,82.9,6.0,66.9,13.8,No
STU103685,Sakib Hasan,18.0,Female,Single,2.65,2.69,1,73.0,Yes,No,92996.0,Low,77.1,9.0,82.6,1.0,Yes
STU103686,Arafat Islam,18.0,Female,Single,3.51,3.73,0,93.4,Yes,No,36691.0,Medium,80.0,7.0,69.2,21.4,No
STU103687,Rakib Hossain,23.0,Female,Single,2.6,3.16,0,88.5,Yes,Yes,40007.0,Medium,69.5,8.0,67.0,19.3,No
STU103688,Tasmia Hasan,19.0,Male,Single,3.35,3.52,0,85.9,Yes,No,117392.0,Low,85.3,7.0,84.1,20.9,No
STU103689,Raisa Khan,18.0,Male,Single,3.43,3.32,0,77.7,Yes,No,52546.0,High,82.7,8.0,80.3,20.8,No
STU103690,Tanjim Akter,23.0,Female,Single,2.92,3.48,0,79.8,No,Yes,21241.0,Medium,79.7,4.0,59.6,17.5,Yes
STU103691,Arafat Ahmed,19.0,Male,Single,2.98,2.58,0,75.9,Yes,No,48101.0,Medium,62.4,4.0,48.7,8.1,No
STU103692,Sumaiya Islam,23.0,Female,Single,2.87,2.78,1,62.6,Yes,No,76292.0,Low,49.8,6.0,60.8,17.6,No
STU103693,Adnan Chowdhury,27.0,Female,Single,2.63,2.9,0,82.0,Yes,Yes,33566.0,Medium,76.6,7.0,75.7,17.8,No
STU103694,Shuvo Rahman,25.0,Male,Single,2.71,2.48,0,71.5,Yes,Yes,122652.0,Low,67.5,5.0,66.6,12.3,No
STU103695,Mehedi Hossain,19.0,Male,Single,3.22,3.21,0,79.5,No,Yes,22643.0,Medium,74.5,7.0,56.1,3.0,No
STU103696,Sumaiya Hossain,28.0,Female,Single,3.39,3.17,0,81.5,Yes,Yes,14115.0,Medium,98.1,,86.0,15.4,No
STU103697,Mim Sultana,26.0,Female,Single,2.99,2.98,0,88.6,No,No,117369.0,Low,69.6,7.0,73.2,10.5,No
STU103698,Arafat Ahmed,25.0,Male,Single,2.55,2.34,1,84.8,Yes,Yes,28200.0,Low,89.2,9.0,44.7,10.4,Yes
STU103699,Rakib Rahman,27.0,Female,Married,2.48,2.51,3,81.4,Yes,Yes,26332.0,High,54.1,3.0,47.3,2.8,Yes
STU103700,Adnan Karim,18.0,Female,Single,2.95,2.85,0,84.5,Yes,Yes,34148.0,Low,88.1,8.0,81.5,14.0,No
STU103701,Nusrat Ahmed,24.0,Female,Single,2.76,3.16,0,79.8,Yes,Yes,26347.0,High,80.9,7.0,77.5,10.4,Yes
STU103702,Adnan Islam,27.0,Male,Single,3.53,3.65,0,75.4,No,No,73793.0,Medium,96.2,6.0,100.0,19.9,No
STU103703,Fahim Khan,23.0,Male,Married,2.68,2.91,0,100.0,Yes,Yes,34848.0,Medium,100.0,6.0,98.9,9.3,No
STU103704,Jannat Khan,23.0,Female,Single,3.27,3.31,0,100.0,No,No,23392.0,High,89.2,6.0,85.8,15.9,No
STU103705,Tanvir Khan,23.0,Female,Single,2.72,2.59,0,86.8,Yes,Yes,38709.0,Low,62.8,5.0,77.7,10.3,Yes
STU103706,Mahin Rahman,23.0,Male,Single,2.87,2.97,1,84.7,Yes,No,27331.0,Medium,53.8,4.0,60.4,11.1,No
STU103707,Fahim Ahmed,27.0,Female,Single,3.08,3.14,0,79.9,No,No,44030.0,Medium,71.1,6.0,77.6,11.1,No
STU103708,Tanvir Karim,24.0,Female,Married,3.23,2.51,1,76.2,Yes,No,26622.0,High,78.4,8.0,86.8,7.1,Yes
STU103709,Nabila Akter,20.0,Male,Single,3.19,3.2,0,91.9,Yes,Yes,40430.0,Medium,,8.0,66.3,19.7,No
STU103710,Raisa Islam,23.0,Female,Married,2.75,2.95,0,,Yes,No,40974.0,Medium,83.7,5.0,100.0,12.9,No
STU103711,Sakib Islam,20.0,Female,Single,3.05,2.83,0,75.1,Yes,Yes,125513.0,Low,69.3,6.0,67.4,9.4,No
STU103712,Raisa Ahmed,24.0,Male,Single,2.83,3.09,1,79.8,Yes,Yes,86019.0,Low,84.8,6.0,87.3,11.2,No
STU103713,Mim Hasan,24.0,Male,Single,2.36,2.46,1,57.4,Yes,Yes,49484.0,Medium,63.0,5.0,69.5,10.1,No
STU103714,Sakib Hasan,25.0,Female,Single,3.1,2.98,2,62.5,No,No,38041.0,High,50.9,4.0,58.8,6.1,Yes
STU103715,Sakib Rahman,19.0,Male,Single,3.57,3.73,0,81.9,Yes,Yes,37771.0,Medium,79.5,7.0,90.2,14.9,No
STU103716,Hasan Ahmed,26.0,Male,Single,3.69,3.58,0,87.4,Yes,No,48292.0,Medium,100.0,8.0,89.2,14.6,No
STU103717,Mahin Akter,22.0,Female,Married,3.14,3.23,0,97.4,Yes,Yes,28359.0,High,66.8,5.0,81.7,19.2,No
STU103718,Mehedi Chowdhury,26.0,Female,Married,3.11,3.04,0,,Yes,Yes,36599.0,Medium,87.4,7.0,83.6,11.9,No
STU103719,Adnan Hossain,27.0,Female,Single,1.82,1.99,2,84.8,Yes,No,39217.0,Medium,44.1,4.0,39.1,1.0,Yes
STU103720,Sumaiya Karim,22.0,Female,Single,4.0,4.0,0,83.5,Yes,No,44488.0,High,89.9,6.0,68.0,13.2,No
STU103721,Mariya Islam,24.0,Male,Single,3.64,3.51,0,85.0,Yes,No,49100.0,Medium,100.0,8.0,92.7,14.5,No
STU103722,Tanjim Karim,28.0,Male,Single,3.34,3.61,0,73.6,Yes,No,67128.0,Medium,86.1,7.0,70.2,14.6,No
STU103723,Sadia Islam,26.0,Male,Single,3.03,2.94,0,77.6,Yes,Yes,74751.0,Medium,73.2,5.0,78.6,12.2,No
STU103724,Hasan Rahman,21.0,Male,Single,2.0,1.91,2,50.1,Yes,No,60661.0,Medium,41.1,6.0,37.7,1.0,Yes
STU103725,Nabila Ahmed,19.0,Female,Married,3.08,2.96,0,100.0,Yes,No,117452.0,Medium,98.0,9.0,100.0,13.6,No
STU103726,Sakib Sultana,26.0,Female,Single,3.01,2.51,0,68.7,Yes,No,64611.0,High,74.2,5.0,91.0,16.0,No
STU103727,Hasan Hasan,19.0,Male,Single,2.37,2.52,0,81.4,Yes,No,43653.0,High,83.8,7.0,86.3,9.8,Yes
STU103728,Mahin Hasan,20.0,Male,Single,3.2,3.29,0,80.0,Yes,No,43005.0,Low,90.9,7.0,80.4,19.5,No
STU103729,Sumaiya Hasan,27.0,Male,Single,3.56,3.61,0,84.7,Yes,No,74253.0,Low,94.8,7.0,82.9,17.2,No
STU103730,Mim Ahmed,19.0,Male,Single,3.15,3.62,0,86.3,Yes,No,39318.0,Medium,88.4,6.0,85.2,13.4,No
STU103731,Tasmia Khan,20.0,Male,Single,3.15,3.65,0,95.8,Yes,No,56284.0,Low,80.3,5.0,99.2,13.2,No
STU103732,Tasmia Khan,23.0,Male,Married,3.18,3.57,0,91.2,Yes,No,59428.0,High,91.7,7.0,85.5,17.6,No
STU103733,Raisa Chowdhury,20.0,Female,Single,2.85,2.78,0,82.4,No,No,12000.0,High,70.4,6.0,81.4,3.3,No
STU103734,Mariya Ahmed,27.0,Male,Single,3.34,3.26,0,89.3,No,No,19799.0,Medium,61.7,5.0,56.5,13.4,No
STU103735,Sadia Karim,25.0,Male,Single,3.69,3.38,0,88.4,Yes,No,72730.0,Medium,100.0,9.0,87.1,11.1,No
STU103736,Tanvir Rahman,28.0,Female,Single,3.02,3.04,0,70.8,Yes,No,57512.0,Medium,59.6,6.0,83.6,15.7,No
STU103737,Fahim Islam,23.0,Male,Single,2.66,2.66,0,77.1,Yes,No,12000.0,Medium,65.5,6.0,89.8,14.7,No
STU103738,Sakib Islam,24.0,Female,Single,2.38,2.54,0,84.5,Yes,No,12000.0,Medium,60.0,8.0,52.0,7.6,No
STU103739,Mahin Hossain,18.0,Male,Single,3.23,2.9,0,75.9,Yes,No,100039.0,Low,62.7,6.0,66.7,19.7,No
STU103740,Sadia Khan,20.0,Male,Single,3.28,3.16,0,86.5,Yes,Yes,64299.0,Medium,67.2,9.0,82.4,9.5,No
STU103741,Tanvir Hasan,20.0,Male,Single,3.16,2.66,0,89.2,Yes,No,96086.0,Low,68.7,5.0,84.4,6.1,No
STU103742,Raisa Sultana,19.0,Female,Single,2.89,2.68,0,73.2,Yes,No,26440.0,Medium,71.5,6.0,69.4,9.2,No
STU103743,Jannat Akter,24.0,Male,Married,3.12,3.39,0,94.3,Yes,Yes,32127.0,High,88.3,8.0,80.7,4.5,No
STU103744,Tanjim Hasan,26.0,Female,Single,2.76,2.43,1,73.5,No,Yes,122441.0,Low,71.8,3.0,62.1,8.0,No
STU103745,Sumaiya Sultana,21.0,Male,Single,2.68,3.2,0,84.3,No,No,56453.0,High,73.9,6.0,54.6,10.9,No
STU103746,Nabila Hossain,22.0,Male,Single,2.55,2.85,1,85.5,Yes,No,47135.0,Medium,40.1,8.0,48.4,17.8,Yes
STU103747,Adnan Rahman,20.0,Male,Married,2.56,2.71,0,85.0,No,No,41208.0,High,86.1,5.0,85.0,6.7,No
STU103748,Raisa Ahmed,28.0,Male,Single,3.24,3.64,0,62.6,Yes,Yes,17397.0,Medium,87.6,9.0,62.2,25.9,No
STU103749,Adnan Akter,26.0,Male,Single,2.88,2.84,0,64.2,Yes,No,83799.0,Low,60.1,5.0,98.2,15.0,No
STU103750,Mim Hossain,21.0,Male,Single,2.69,2.47,0,82.6,No,Yes,15174.0,Medium,,10.0,75.6,3.4,Yes
STU103751,Hasan Hossain,22.0,Male,Single,2.39,2.36,1,72.6,Yes,No,64573.0,Low,63.3,4.0,84.5,8.2,No
STU103752,Raisa Chowdhury,18.0,Male,Single,3.3,2.79,3,56.9,Yes,No,47107.0,Medium,,4.0,61.0,9.7,Yes
STU103753,Adnan Khan,28.0,Male,Single,3.48,3.84,0,82.8,Yes,No,52960.0,Medium,90.2,6.0,96.7,17.0,No
STU103754,Arafat Akter,19.0,Male,Married,2.54,2.43,1,59.2,Yes,No,32537.0,High,44.9,5.0,39.7,1.3,Yes
STU103755,Tasmia Chowdhury,26.0,Male,Single,2.94,2.72,0,78.8,Yes,No,100436.0,Low,63.7,5.0,76.3,5.8,No
STU103756,Adnan Khan,19.0,Female,Single,2.58,2.39,2,82.4,Yes,No,32738.0,High,65.4,5.0,54.4,4.5,Yes
STU103757,Jannat Chowdhury,22.0,Female,Single,2.94,2.94,0,75.1,Yes,Yes,44436.0,Medium,71.9,7.0,72.7,10.0,No
STU103758,Fahim Khan,25.0,Male,Single,3.27,3.31,0,86.7,Yes,No,45335.0,Medium,80.7,7.0,84.5,13.1,No
STU103759,Tasmia Islam,20.0,Male,Single,3.73,3.68,0,86.5,Yes,No,37497.0,High,98.0,4.0,88.2,10.9,No
STU103760,Tanvir Akter,23.0,Male,Married,2.8,2.75,0,94.4,Yes,Yes,56277.0,Low,45.6,6.0,52.5,10.6,No
STU103761,Mehedi Hasan,21.0,Female,Single,3.31,3.48,0,97.3,No,No,66930.0,High,100.0,6.0,88.6,18.1,No
STU103762,Nusrat Karim,28.0,Male,Single,3.33,3.0,0,67.7,Yes,No,42358.0,High,71.7,6.0,81.6,5.7,No
STU103763,Raisa Akter,24.0,Female,Single,2.93,3.0,0,80.3,Yes,Yes,63578.0,Medium,74.5,6.0,70.5,14.2,No
STU103764,Hasan Hasan,27.0,Male,Married,3.52,3.43,0,77.4,No,No,64064.0,Medium,83.3,7.0,82.3,2.5,No
STU103765,Mehedi Chowdhury,20.0,Male,Single,2.85,2.25,2,64.6,Yes,No,55996.0,Medium,47.9,3.0,51.4,1.0,No
STU103766,Adnan Islam,,Male,Single,3.2,2.87,0,88.0,Yes,No,103106.0,Low,63.2,7.0,52.9,6.0,No
STU103767,Mariya Rahman,27.0,Male,Single,2.74,2.5,1,76.8,Yes,No,109557.0,Low,71.7,5.0,87.5,11.6,No
STU103768,Nabila Chowdhury,26.0,Female,Single,3.24,3.74,0,94.9,Yes,No,36148.0,Medium,100.0,9.0,96.5,13.6,No
STU103769,Shuvo Karim,28.0,Male,Single,3.19,3.33,0,64.0,Yes,No,38155.0,Medium,86.6,7.0,74.9,11.8,Yes
STU103770,Tanvir Karim,27.0,Female,Single,3.53,3.62,0,95.3,Yes,Yes,65879.0,Low,100.0,8.0,76.3,19.9,No
STU103771,Tanjim Islam,18.0,Female,Single,3.83,3.68,0,91.3,Yes,No,43439.0,High,68.6,7.0,63.2,13.8,No
STU103772,Mim Hasan,20.0,Female,Single,3.41,3.26,0,98.5,Yes,No,53382.0,High,94.4,7.0,90.6,12.3,No
STU103773,Fahim Hossain,19.0,Male,Single,3.3,2.95,0,76.1,Yes,No,23620.0,Medium,67.3,9.0,70.8,2.1,No
STU103774,Fahim Karim,25.0,Male,Single,2.82,2.73,0,89.5,Yes,Yes,38739.0,Medium,67.9,5.0,80.8,12.3,No
STU103775,Shuvo Chowdhury,24.0,Male,Single,1.98,2.39,2,73.8,Yes,No,47100.0,Low,56.9,5.0,44.1,10.7,No
STU103776,Adnan Ahmed,19.0,Male,Single,3.58,3.19,0,84.7,Yes,No,27220.0,Medium,95.6,10.0,88.1,14.6,No
STU103777,Mariya Chowdhury,23.0,Female,Single,3.84,3.66,0,82.9,Yes,Yes,18134.0,Medium,73.0,7.0,70.1,19.4,No
STU103778,Tanjim Chowdhury,20.0,Male,Single,3.14,3.42,0,84.5,No,No,90779.0,Low,77.2,8.0,67.8,15.5,No
STU103779,Hasan Hossain,25.0,Female,Single,2.55,2.82,1,68.8,Yes,No,19260.0,Medium,48.3,4.0,74.3,5.9,No
STU103780,Fahim Khan,27.0,Male,Single,3.62,3.4,0,81.7,Yes,No,106228.0,Medium,58.6,2.0,59.8,17.9,No
STU103781,Mim Rahman,20.0,Female,Single,3.5,3.85,0,83.5,Yes,No,83771.0,Low,82.0,6.0,76.9,21.1,No
STU103782,Shuvo Ahmed,27.0,Male,Single,2.08,1.95,3,62.0,No,No,53330.0,Medium,57.3,5.0,32.5,2.3,Yes
STU103783,Tanjim Islam,26.0,Male,Single,3.06,2.72,1,75.1,Yes,Yes,57680.0,Medium,80.2,5.0,89.6,12.4,No
STU103784,Mahin Karim,18.0,Female,Single,3.11,3.56,0,85.1,Yes,Yes,67861.0,Medium,86.0,7.0,68.5,22.8,No
STU103785,Mariya Hasan,22.0,Male,Single,2.28,2.31,3,67.4,Yes,No,35788.0,High,50.8,3.0,32.1,3.0,Yes
STU103786,Fahim Karim,20.0,Female,Single,2.51,2.46,1,74.6,Yes,No,36679.0,Medium,55.0,5.0,70.1,10.7,Yes
STU103787,Raisa Hasan,23.0,Male,Single,3.49,3.54,0,87.3,Yes,No,40459.0,Medium,64.4,4.0,80.7,16.8,No
STU103788,Tanjim Sultana,27.0,Male,Single,3.03,2.74,3,70.7,Yes,No,54413.0,High,39.8,2.0,52.9,7.1,No
STU103789,Rakib Hasan,19.0,Female,Married,2.57,2.4,1,71.8,Yes,Yes,31162.0,Medium,76.5,6.0,50.0,8.2,No
STU103790,Hasan Akter,26.0,Female,Single,2.7,3.13,0,86.9,Yes,Yes,34038.0,Medium,62.5,6.0,71.2,3.1,No
STU103791,Fahim Akter,23.0,Male,Single,2.46,3.02,0,93.0,No,No,135371.0,Low,58.7,5.0,30.3,15.9,No
STU103792,Sadia Khan,24.0,Female,Single,3.03,2.7,2,70.6,Yes,No,53383.0,High,50.3,3.0,38.8,3.3,Yes
STU103793,Tanvir Khan,22.0,Female,Married,3.34,3.22,1,76.0,No,No,23745.0,Medium,48.5,3.0,51.4,12.2,No
STU103794,Arafat Hossain,26.0,Female,Married,3.53,3.53,0,89.6,Yes,No,72094.0,Medium,97.2,10.0,98.2,14.1,No
STU103795,Raisa Hossain,18.0,Male,Single,2.7,2.76,0,81.0,Yes,No,38521.0,Medium,71.5,7.0,74.9,17.2,No
STU103796,Raisa Khan,22.0,Male,Single,2.84,2.56,0,69.7,Yes,Yes,32290.0,Low,60.4,4.0,81.3,5.7,No
STU103797,Mariya Hossain,28.0,Female,Single,3.23,3.42,0,78.6,Yes,No,172351.0,Low,84.2,6.0,71.1,12.7,No
STU103798,Mahin Akter,27.0,Female,Single,3.43,3.65,0,81.8,Yes,No,46884.0,High,92.4,6.0,68.8,25.1,No
STU103799,Tasmia Ahmed,28.0,Male,Single,3.17,3.42,0,76.0,Yes,Yes,28940.0,Medium,79.3,6.0,75.0,17.6,No
STU103800,Jannat Rahman,23.0,Male,Single,3.57,3.8,0,92.3,Yes,Yes,32689.0,Low,88.7,9.0,76.1,14.4,No
STU103801,Tanvir Sultana,24.0,Male,Married,3.82,3.84,0,95.6,No,Yes,48831.0,Low,74.7,7.0,75.2,15.2,No
STU103802,Arafat Chowdhury,21.0,Female,Single,2.27,2.56,1,68.2,Yes,Yes,48649.0,Medium,53.4,6.0,65.3,9.6,Yes
STU103803,Jannat Karim,18.0,Male,Single,3.68,3.85,0,76.5,No,No,58176.0,Medium,92.0,5.0,95.0,14.0,Yes
STU103804,Nabila Khan,28.0,Male,Single,3.58,3.14,0,84.7,No,No,17578.0,Medium,77.8,5.0,77.4,10.9,No
STU103805,Mehedi Islam,25.0,Male,Single,2.47,2.03,1,71.5,Yes,Yes,24360.0,High,71.1,6.0,71.1,5.6,Yes
STU103806,Sakib Sultana,,Female,Single,3.21,3.3,0,100.0,No,No,40590.0,High,96.1,4.0,81.1,16.3,No
STU103807,Adnan Sultana,21.0,Male,Single,3.29,3.67,0,93.4,Yes,Yes,33576.0,Medium,63.6,5.0,70.4,17.3,No
STU103808,Nabila Ahmed,20.0,Male,Single,2.51,2.64,0,69.0,Yes,Yes,24884.0,Low,72.1,5.0,94.4,3.9,No
STU103809,Nabila Khan,24.0,Female,Single,2.97,3.15,0,74.6,No,No,55146.0,High,74.6,8.0,68.1,10.6,No
STU103810,Mim Akter,19.0,Female,Single,3.07,2.75,0,82.9,Yes,No,57843.0,Medium,50.1,6.0,58.3,9.7,No
STU103811,Adnan Sultana,25.0,Male,Single,2.51,2.53,3,68.8,No,No,115908.0,Low,28.5,4.0,52.5,9.4,Yes
STU103812,Nabila Hossain,23.0,Male,Single,2.85,3.19,1,79.5,Yes,No,66302.0,Medium,64.3,6.0,87.9,12.0,No
STU103813,Mahin Rahman,24.0,Female,Single,3.63,3.76,0,88.7,Yes,No,58620.0,Low,82.2,7.0,65.3,20.1,No
STU103814,Mim Khan,22.0,Female,Single,3.76,3.79,0,95.3,Yes,No,40902.0,High,98.8,7.0,74.9,15.4,No
STU103815,Rakib Akter,26.0,Female,Single,2.5,2.68,0,96.1,Yes,No,200276.0,Low,63.5,7.0,56.0,14.6,No
STU103816,Shuvo Hossain,22.0,Female,Single,1.8,1.87,1,81.9,Yes,No,37433.0,Medium,78.1,5.0,48.6,5.1,No
STU103817,Tasmia Chowdhury,28.0,Female,Single,3.56,3.91,0,80.1,Yes,Yes,37261.0,Medium,93.7,6.0,84.6,21.7,No
STU103818,Nusrat Hasan,22.0,Female,Single,3.82,3.89,0,84.3,Yes,No,76662.0,Medium,85.2,7.0,99.5,17.0,No
STU103819,Tanjim Islam,20.0,Male,Single,3.39,3.39,1,60.9,Yes,No,18650.0,High,73.3,6.0,80.8,16.7,Yes
STU103820,Sakib Karim,28.0,Male,Single,2.87,2.56,0,80.4,Yes,Yes,43075.0,Medium,92.3,9.0,82.2,10.1,No
STU103821,Sadia Akter,18.0,Male,Single,2.51,2.88,2,70.3,Yes,Yes,47596.0,Medium,59.2,4.0,73.0,10.3,No
STU103822,Jannat Karim,19.0,Male,Single,3.28,3.0,0,81.8,Yes,Yes,36036.0,Low,73.0,6.0,95.7,11.8,No
STU103823,Mariya Khan,25.0,Male,Single,3.47,3.55,0,79.0,Yes,Yes,80133.0,Low,87.1,7.0,80.6,16.3,No
STU103824,Nabila Chowdhury,18.0,Male,Single,2.7,2.94,0,74.0,Yes,No,59020.0,High,58.0,4.0,63.7,13.7,Yes
STU103825,Mehedi Khan,24.0,Female,Single,3.12,3.66,0,73.4,No,No,52949.0,Medium,80.0,7.0,67.8,18.8,No
STU103826,Mahin Karim,22.0,Male,Single,2.8,2.87,1,75.1,Yes,No,46693.0,Medium,59.6,4.0,72.1,4.5,Yes
STU103827,Sakib Ahmed,20.0,Male,Single,3.34,3.76,0,93.2,Yes,No,36952.0,High,98.7,7.0,100.0,22.1,No
STU103828,Fahim Hasan,28.0,Female,Single,2.07,2.08,1,65.6,Yes,No,14358.0,High,54.0,6.0,71.3,1.0,No
STU103829,Fahim Karim,24.0,Male,Single,3.18,3.01,0,87.9,No,Yes,60640.0,Medium,87.6,7.0,68.0,14.5,No
STU103830,Adnan Khan,26.0,Male,Single,2.84,3.67,0,81.1,Yes,No,76260.0,High,80.2,7.0,85.9,11.2,No
STU103831,Tanvir Karim,19.0,Male,Single,3.82,3.46,0,85.7,Yes,No,44828.0,Medium,64.8,4.0,58.3,18.2,No
STU103832,Mehedi Rahman,25.0,Female,Single,3.14,4.0,0,100.0,No,Yes,19774.0,Medium,100.0,9.0,61.5,22.8,No
STU103833,Adnan Ahmed,26.0,Male,Single,3.32,3.81,0,84.1,Yes,Yes,34283.0,Medium,75.2,6.0,74.0,16.9,No
STU103834,Mahin Karim,28.0,Female,Single,2.58,2.4,0,79.3,Yes,No,34634.0,Low,68.3,3.0,83.9,5.9,No
STU103835,Rakib Chowdhury,20.0,Male,Single,2.9,3.1,0,85.1,No,No,34960.0,Medium,81.3,5.0,69.2,22.3,No
STU103836,Jannat Islam,19.0,Male,Married,3.18,2.76,1,79.5,Yes,No,59263.0,Medium,78.0,4.0,64.9,9.1,Yes
STU103837,Nabila Islam,24.0,Male,Single,2.84,3.02,0,86.9,Yes,Yes,21903.0,Medium,95.2,6.0,93.3,11.2,No
STU103838,Rakib Akter,22.0,Female,Single,2.89,2.99,0,84.1,Yes,No,40455.0,Medium,72.2,6.0,72.7,1.0,No
STU103839,Mariya Karim,22.0,Female,Single,3.12,3.38,0,75.8,Yes,No,41223.0,High,66.7,2.0,67.1,7.5,No
STU103840,Shuvo Rahman,27.0,Female,Single,2.23,2.11,0,71.1,Yes,No,103362.0,Medium,33.3,5.0,41.7,10.1,No
STU103841,Tanvir Ahmed,22.0,Female,Single,2.76,2.81,0,85.7,Yes,No,55958.0,Medium,72.4,8.0,82.3,10.3,No
STU103842,Sumaiya Hasan,21.0,Male,Single,3.35,3.5,0,92.3,Yes,No,35323.0,High,56.8,7.0,60.1,11.5,No
STU103843,Raisa Sultana,22.0,Female,Single,2.82,2.68,0,72.7,Yes,Yes,96617.0,Low,55.6,3.0,57.2,11.9,No
STU103844,Mahin Karim,21.0,Male,Single,4.0,4.0,0,98.8,No,No,23177.0,Low,92.0,8.0,86.7,15.7,No
STU103845,Jannat Rahman,23.0,Female,Single,3.04,3.08,0,78.3,No,Yes,31100.0,High,92.5,9.0,67.8,8.7,Yes
STU103846,Rakib Khan,21.0,Male,Single,2.17,2.27,0,79.2,Yes,Yes,16552.0,Medium,63.2,9.0,64.5,9.6,No
STU103847,Mariya Hossain,19.0,Male,Single,3.2,2.95,0,83.4,Yes,Yes,107420.0,Low,84.4,5.0,82.0,14.5,No
STU103848,Nabila Akter,26.0,Male,Single,2.52,2.03,2,60.0,No,No,50625.0,Medium,48.4,6.0,59.0,6.4,Yes
STU103849,Sakib Rahman,19.0,Male,Married,3.15,2.75,1,74.5,Yes,No,40077.0,Medium,65.3,5.0,69.2,2.5,No
STU103850,Tanvir Hossain,26.0,Male,Single,2.75,2.92,1,60.0,Yes,No,88965.0,Medium,74.5,7.0,56.4,14.1,Yes
STU103851,Shuvo Karim,27.0,Female,Single,2.78,2.54,1,71.8,Yes,Yes,32712.0,Medium,65.5,5.0,45.0,10.6,No
STU103852,Mahin Islam,23.0,Male,Single,3.47,3.68,0,98.6,Yes,No,35193.0,Medium,83.9,7.0,75.6,17.6,No
STU103853,Fahim Hasan,26.0,Male,Single,2.29,2.78,0,63.1,Yes,No,82105.0,Medium,80.8,9.0,60.2,13.2,No
STU103854,Nabila Karim,26.0,Female,Single,2.78,3.01,1,71.3,Yes,Yes,32764.0,Medium,60.9,4.0,87.3,12.2,No
STU103855,Sumaiya Ahmed,20.0,Male,Married,2.73,2.86,1,73.7,Yes,Yes,34444.0,Low,54.1,3.0,37.7,5.9,No
STU103856,Tasmia Rahman,18.0,Female,Single,3.6,3.8,0,69.2,Yes,No,46689.0,Medium,66.1,5.0,74.6,11.1,No
STU103857,Sakib Hossain,18.0,Female,Single,2.84,3.17,0,65.3,No,No,54273.0,High,66.8,7.0,62.3,15.5,No
STU103858,Nabila Khan,20.0,Female,Single,2.58,2.67,1,94.9,No,No,67472.0,Medium,72.7,7.0,88.7,8.8,No
STU103859,Mehedi Rahman,22.0,Female,Single,3.1,3.3,0,89.7,Yes,No,40027.0,High,85.4,4.0,84.0,21.3,No
STU103860,Tanjim Rahman,20.0,Male,Single,2.6,2.43,1,83.4,Yes,Yes,17909.0,Medium,62.2,5.0,77.8,5.8,Yes
STU103861,Sumaiya Hasan,26.0,Male,Single,2.66,2.37,0,80.1,Yes,No,54666.0,High,63.0,6.0,57.7,8.3,No
STU103862,Shuvo Karim,26.0,Male,Single,3.31,3.16,1,85.5,No,No,50332.0,High,78.0,7.0,57.4,7.4,No
STU103863,Mariya Karim,20.0,Female,Married,1.71,1.61,2,62.0,Yes,No,49583.0,Medium,56.1,6.0,46.0,1.0,Yes
STU103864,Nusrat Akter,20.0,Male,Single,2.57,2.46,1,84.0,Yes,Yes,29695.0,Medium,27.1,6.0,27.5,2.8,No
STU103865,Sumaiya Karim,22.0,Male,Single,2.7,3.04,0,95.2,Yes,Yes,16024.0,Medium,57.0,5.0,62.2,6.6,No
STU103866,Rakib Ahmed,19.0,Male,Single,3.7,2.88,0,75.0,Yes,Yes,44221.0,Low,82.7,7.0,62.0,15.9,No
STU103867,Mahin Hossain,23.0,Female,Single,3.2,3.14,0,80.9,No,Yes,26722.0,Medium,71.7,4.0,69.7,16.4,No
STU103868,Raisa Ahmed,24.0,Male,Single,2.99,3.21,0,78.4,No,No,61131.0,Medium,86.5,9.0,74.5,5.2,No
STU103869,Nusrat Karim,26.0,Female,Single,2.95,3.17,0,82.6,Yes,No,67921.0,Medium,61.1,4.0,83.5,8.1,No
STU103870,Adnan Khan,23.0,Male,Single,3.06,2.81,2,81.1,Yes,Yes,19291.0,Medium,64.3,5.0,56.4,6.6,Yes
STU103871,Rakib Khan,20.0,Male,Single,3.11,3.63,0,85.4,Yes,No,30596.0,High,68.4,6.0,74.1,16.8,No
STU103872,Arafat Hasan,22.0,Male,Single,3.06,2.64,2,57.4,Yes,No,114921.0,Medium,58.6,5.0,64.2,6.1,No
STU103873,Sakib Hasan,21.0,Female,Single,3.88,3.77,0,96.9,No,No,35240.0,Medium,85.7,7.0,82.0,5.1,No
STU103874,Arafat Khan,22.0,Female,Single,2.8,2.71,1,69.8,Yes,No,50154.0,High,45.4,2.0,46.6,1.7,No
STU103875,Mehedi Khan,25.0,Male,Single,3.08,2.98,0,85.5,Yes,Yes,72968.0,Medium,83.2,4.0,78.9,18.6,No
STU103876,Mahin Rahman,25.0,Male,Single,3.02,3.43,0,89.9,Yes,No,50869.0,Low,89.6,6.0,95.4,12.3,No
STU103877,Adnan Hossain,23.0,Female,Single,3.42,3.43,0,81.6,Yes,No,81934.0,Low,76.7,8.0,83.3,16.6,No
STU103878,Tanjim Hasan,18.0,Male,Single,2.69,2.78,0,72.0,Yes,No,75296.0,Low,62.7,3.0,79.4,13.5,No
STU103879,Mehedi Akter,25.0,Male,Single,2.83,3.1,0,78.5,Yes,Yes,93549.0,Low,86.5,8.0,70.9,7.7,No
STU103880,Fahim Hossain,25.0,Male,Single,2.32,2.13,2,83.4,No,No,49507.0,High,61.5,7.0,75.3,5.0,Yes
STU103881,Sumaiya Rahman,19.0,Male,Single,3.44,3.4,0,76.6,Yes,Yes,36063.0,Medium,77.9,7.0,71.5,21.3,No
STU103882,Tanjim Akter,21.0,Male,Married,2.31,2.82,0,70.6,Yes,Yes,21815.0,Medium,54.5,4.0,75.1,11.2,No
STU103883,Sumaiya Hasan,19.0,Male,Single,3.24,3.36,0,86.6,No,No,56692.0,High,100.0,6.0,100.0,16.1,Yes
STU103884,Nusrat Rahman,21.0,Male,Married,3.76,3.43,0,83.5,Yes,Yes,89282.0,Low,80.3,8.0,57.3,14.6,No
STU103885,Jannat Hossain,27.0,Female,Single,3.87,3.61,0,83.2,Yes,Yes,29945.0,Medium,100.0,7.0,88.6,21.8,Yes
STU103886,Mariya Islam,24.0,Male,Married,2.86,3.13,0,74.9,Yes,No,31834.0,High,67.6,6.0,55.7,21.0,No
STU103887,Tanvir Akter,26.0,Female,Single,2.84,2.51,0,77.9,Yes,No,36925.0,Medium,63.3,5.0,63.6,1.0,No
STU103888,Shuvo Sultana,25.0,Male,Single,2.97,2.82,0,79.1,Yes,Yes,27395.0,Medium,66.0,6.0,82.6,19.9,No
STU103889,Mehedi Karim,26.0,Female,Married,3.41,3.47,0,97.8,Yes,No,48852.0,Medium,88.7,7.0,65.7,17.7,No
STU103890,Shuvo Karim,25.0,Male,Single,2.94,2.94,0,73.6,Yes,Yes,,Low,71.7,7.0,72.2,14.7,No
STU103891,Arafat Khan,19.0,Female,Single,2.88,3.32,0,80.2,Yes,Yes,23378.0,Medium,86.8,6.0,84.9,13.2,No
STU103892,Hasan Hossain,24.0,Male,Single,3.48,2.75,1,88.5,No,No,28523.0,High,68.1,4.0,86.1,17.3,Yes
STU103893,Nusrat Sultana,19.0,Female,Single,3.02,3.16,0,78.7,Yes,Yes,99438.0,Low,80.7,6.0,58.4,13.3,No
STU103894,Adnan Karim,28.0,Male,Single,2.93,2.85,0,74.3,Yes,Yes,47879.0,Medium,77.3,6.0,77.9,11.9,No
STU103895,Tanvir Chowdhury,19.0,Male,Single,2.61,3.0,0,86.0,Yes,No,99883.0,Medium,59.5,5.0,61.9,7.7,No
STU103896,Nusrat Ahmed,21.0,Female,Single,3.46,3.39,0,86.6,Yes,Yes,33418.0,Medium,68.6,9.0,77.4,8.9,No
STU103897,Fahim Sultana,18.0,Female,Single,3.11,3.05,0,79.6,Yes,No,20291.0,Medium,60.3,4.0,63.9,7.5,No
STU103898,Nusrat Akter,22.0,Male,Married,2.99,2.99,1,79.6,Yes,No,38721.0,Medium,78.7,8.0,75.9,15.9,No
STU103899,Tanjim Khan,23.0,Female,Single,2.16,1.96,1,75.0,Yes,No,111165.0,Low,70.2,5.0,69.2,10.8,No
STU103900,Mehedi Akter,26.0,Male,Single,3.43,3.25,0,85.5,No,Yes,12532.0,Medium,74.0,7.0,83.6,17.3,Yes
STU103901,Raisa Hossain,27.0,Male,Single,2.49,2.44,0,82.8,Yes,Yes,17257.0,Medium,75.9,6.0,86.1,9.1,No
STU103902,Tanvir Hasan,25.0,Female,Single,3.2,3.7,0,85.9,Yes,No,38225.0,Medium,79.6,7.0,69.2,19.6,No
STU103903,Mahin Hasan,19.0,Male,Single,2.65,2.5,0,68.8,Yes,No,80449.0,Medium,72.9,7.0,53.5,6.5,No
STU103904,Jannat Ahmed,18.0,Female,Single,2.52,2.31,1,78.6,Yes,Yes,25375.0,Medium,97.3,6.0,87.3,9.3,No
STU103905,Sumaiya Chowdhury,19.0,Male,Single,3.42,3.3,0,81.9,Yes,No,49446.0,Medium,97.9,4.0,81.1,13.0,No
STU103906,Fahim Sultana,24.0,Female,Single,3.05,3.05,0,79.7,Yes,No,43585.0,Medium,91.6,8.0,75.9,10.6,No
STU103907,Hasan Islam,21.0,Male,Single,3.02,3.56,0,93.2,Yes,No,86827.0,Medium,100.0,4.0,93.6,17.4,No
STU103908,Mahin Ahmed,27.0,Female,Single,3.88,3.65,0,100.0,Yes,No,160710.0,Low,96.0,6.0,100.0,19.2,No
STU103909,Sadia Khan,22.0,Female,Single,3.87,4.0,0,74.9,Yes,Yes,29186.0,Medium,98.7,6.0,77.6,17.6,No
STU103910,Adnan Rahman,24.0,Male,Single,2.89,3.02,0,79.4,Yes,No,36993.0,High,68.9,7.0,64.0,14.4,No
STU103911,Hasan Sultana,20.0,Female,Single,2.41,2.11,2,68.2,No,No,43367.0,Medium,60.9,8.0,47.6,5.1,Yes
STU103912,Raisa Rahman,27.0,Male,Single,3.64,3.47,0,86.8,Yes,Yes,28683.0,Low,71.8,6.0,66.3,6.0,No
STU103913,Mehedi Islam,19.0,Female,Single,2.39,1.81,2,64.9,Yes,No,119237.0,Low,65.9,5.0,28.3,1.0,No
STU103914,Raisa Khan,24.0,Female,Single,3.21,3.25,1,80.2,Yes,Yes,24363.0,Low,63.2,4.0,66.9,13.5,No
STU103915,Tasmia Ahmed,22.0,Male,Single,2.88,3.19,0,86.9,Yes,Yes,89818.0,Low,78.7,7.0,55.4,15.2,No
STU103916,Mariya Karim,18.0,Female,Single,3.03,3.04,0,80.6,No,No,35560.0,Medium,71.0,4.0,66.8,10.1,No
STU103917,Hasan Rahman,18.0,Male,Single,3.55,3.79,0,83.5,Yes,Yes,43500.0,Medium,86.7,4.0,81.8,13.2,No
STU103918,Rakib Ahmed,26.0,Male,Married,2.65,2.77,1,72.1,Yes,No,48115.0,Low,71.5,5.0,58.2,15.5,No
STU103919,Sumaiya Ahmed,22.0,Male,Single,2.73,3.09,0,94.7,Yes,Yes,34531.0,Low,61.4,5.0,81.1,14.6,No
STU103920,Mariya Karim,18.0,Female,Single,3.34,3.05,0,100.0,Yes,No,69060.0,Medium,82.5,3.0,75.3,5.0,No
STU103921,Mariya Khan,24.0,Male,Single,3.8,4.0,0,87.0,Yes,No,56945.0,Medium,100.0,10.0,77.4,19.3,No
STU103922,Arafat Hossain,26.0,Female,Single,4.0,4.0,0,87.1,Yes,No,104486.0,Low,89.1,6.0,80.6,18.4,No
STU103923,Shuvo Khan,,Male,Single,2.35,3.12,0,86.5,Yes,No,63923.0,Low,87.9,5.0,100.0,10.8,Yes
STU103924,Mahin Karim,18.0,Female,Single,2.81,3.24,0,85.1,Yes,No,23277.0,Medium,56.8,6.0,56.6,11.4,No
STU103925,Adnan Islam,27.0,Male,Single,2.54,2.59,0,77.4,Yes,No,41378.0,Medium,57.7,3.0,45.7,3.7,Yes
STU103926,Tanvir Hasan,21.0,Female,Single,3.38,3.09,0,71.5,Yes,No,107373.0,Medium,93.1,7.0,84.3,17.1,No
STU103927,Sadia Islam,20.0,Male,Single,3.03,2.78,0,72.9,No,No,32898.0,High,60.7,6.0,68.1,16.0,No
STU103928,Sadia Ahmed,22.0,Male,Single,3.4,3.34,0,91.0,Yes,No,101886.0,Low,77.2,5.0,81.3,10.5,No
STU103929,Tanjim Chowdhury,24.0,Male,Single,2.82,3.38,0,82.5,No,No,66932.0,Medium,77.5,6.0,47.9,13.3,No
STU103930,Mariya Islam,25.0,Female,Single,3.31,3.16,0,100.0,Yes,No,70008.0,High,79.4,7.0,100.0,8.8,No
STU103931,Rakib Rahman,19.0,Male,Single,2.92,2.97,0,99.1,No,No,13883.0,Medium,45.1,4.0,48.1,8.4,No
STU103932,Rakib Rahman,24.0,Female,Single,3.06,3.35,1,73.5,Yes,No,56714.0,Medium,81.9,9.0,100.0,16.2,No
STU103933,Tanjim Islam,18.0,Male,Married,2.74,1.75,2,77.9,Yes,No,141193.0,Medium,56.4,5.0,46.1,2.4,Yes
STU103934,Sumaiya Chowdhury,24.0,Female,Single,3.61,3.29,0,83.1,Yes,No,27874.0,Medium,90.0,7.0,62.8,17.6,No
STU103935,Sadia Ahmed,25.0,Male,Married,2.43,3.02,0,83.4,Yes,No,107954.0,Low,79.8,6.0,83.1,21.7,No
STU103936,Mehedi Akter,19.0,Male,Single,2.95,3.26,0,90.4,Yes,No,49809.0,Medium,74.2,,64.3,11.0,No
STU103937,Fahim Islam,26.0,Male,Single,3.8,4.0,0,99.0,Yes,Yes,28910.0,Medium,98.4,7.0,93.6,19.4,No
STU103938,Mim Hasan,18.0,Male,Single,3.57,3.29,0,77.8,Yes,No,38463.0,Medium,70.2,8.0,80.3,11.7,Yes
STU103939,Fahim Akter,,Male,Single,2.62,3.06,0,100.0,Yes,Yes,17590.0,Medium,87.8,9.0,62.6,16.2,Yes
STU103940,Hasan Akter,18.0,Female,Single,2.64,2.4,2,73.7,No,No,45992.0,Medium,71.2,7.0,62.9,7.6,Yes
STU103941,Fahim Karim,20.0,Female,Single,3.23,3.26,0,66.3,Yes,Yes,56446.0,Low,85.2,7.0,85.9,15.1,No
STU103942,Nusrat Islam,28.0,Female,Single,3.29,3.5,0,83.7,Yes,No,165229.0,Low,79.3,6.0,91.1,15.0,No
STU103943,Mariya Khan,23.0,Male,Single,3.54,3.79,0,100.0,Yes,No,55648.0,Medium,75.7,6.0,63.5,15.8,No
STU103944,Hasan Karim,20.0,Male,Single,2.37,2.51,2,66.8,Yes,No,98855.0,Medium,60.3,9.0,52.2,8.8,Yes
STU103945,Mim Rahman,25.0,Female,Single,3.59,3.53,0,100.0,Yes,Yes,25978.0,Medium,89.4,6.0,84.5,16.5,No
STU103946,Tanjim Hossain,22.0,Male,Single,2.59,2.04,1,72.4,Yes,Yes,40715.0,Medium,49.0,2.0,45.6,9.4,No
STU103947,Sakib Ahmed,19.0,Female,Single,3.6,3.63,0,87.0,No,Yes,53609.0,Medium,98.1,10.0,80.6,16.1,No
STU103948,Sumaiya Islam,21.0,Male,Single,2.27,1.62,5,46.5,Yes,Yes,28019.0,Medium,29.2,1.0,19.4,5.2,Yes
STU103949,Mariya Rahman,26.0,Female,Single,2.5,2.67,0,84.9,No,No,39926.0,Medium,81.5,5.0,70.0,11.8,Yes
STU103950,Fahim Akter,21.0,Male,Single,3.77,3.48,2,76.9,Yes,No,76804.0,Medium,42.4,4.0,59.7,20.0,No
STU103951,Jannat Hossain,27.0,Female,Single,3.8,3.75,0,87.8,Yes,No,171468.0,Low,59.3,5.0,75.5,20.2,No
STU103952,Shuvo Hasan,27.0,Male,Single,3.05,2.89,0,79.2,Yes,No,70684.0,Medium,81.2,6.0,64.9,11.7,No
STU103953,Tanvir Ahmed,25.0,Female,Married,2.85,3.02,1,86.8,Yes,Yes,30492.0,Medium,81.7,7.0,100.0,10.7,No
STU103954,Fahim Hossain,22.0,Male,Single,2.99,2.76,1,75.2,Yes,No,44106.0,Medium,55.4,4.0,70.2,3.8,No
STU103955,Nabila Chowdhury,28.0,Female,Single,3.19,3.26,0,61.5,Yes,No,25285.0,Medium,85.4,4.0,74.3,20.2,Yes
STU103956,Sakib Rahman,28.0,Female,Single,3.23,3.28,0,76.6,No,No,51845.0,High,91.5,7.0,74.2,23.3,No
STU103957,Tasmia Hossain,27.0,Male,Single,2.87,,0,69.2,Yes,No,102015.0,Low,68.7,4.0,73.4,8.5,No
STU103958,Adnan Karim,18.0,Male,Married,2.13,2.25,1,86.3,Yes,No,53118.0,Medium,74.8,7.0,69.1,7.6,No
STU103959,Raisa Ahmed,24.0,Male,Single,2.76,2.39,2,76.5,Yes,Yes,44765.0,Medium,67.6,5.0,55.8,8.2,No
STU103960,Mim Khan,20.0,Male,Single,2.3,1.95,3,65.0,Yes,No,43354.0,Medium,59.1,5.0,44.8,3.8,Yes
STU103961,Hasan Hossain,27.0,Male,Single,3.34,3.77,0,86.4,Yes,No,,Medium,88.7,9.0,75.3,13.2,No
STU103962,Sakib Sultana,25.0,Male,Single,3.17,2.7,0,66.9,Yes,No,,Low,72.5,6.0,84.6,15.2,No
STU103963,Jannat Akter,20.0,Male,Single,2.95,3.6,0,84.8,Yes,Yes,68740.0,Low,90.7,6.0,94.2,16.4,No
STU103964,Tanvir Akter,18.0,Female,Single,2.89,2.85,0,89.3,Yes,Yes,25509.0,Medium,67.5,5.0,90.8,19.5,No
STU103965,Adnan Islam,22.0,Female,Single,3.88,3.63,0,94.4,Yes,Yes,32474.0,High,71.9,6.0,82.8,14.2,No
STU103966,Nusrat Karim,19.0,Male,Single,3.52,3.77,0,92.1,Yes,No,88174.0,Medium,79.5,7.0,82.2,16.5,No
STU103967,Tanjim Hossain,28.0,Female,Single,3.09,2.92,0,68.9,Yes,No,56315.0,Low,79.9,6.0,84.5,10.2,No
STU103968,Arafat Hasan,21.0,Female,Single,2.76,2.86,0,74.3,Yes,Yes,16444.0,Medium,64.7,4.0,63.0,4.6,No
STU103969,Sakib Chowdhury,18.0,Male,Single,3.58,3.95,0,93.0,Yes,No,80418.0,Medium,71.6,8.0,75.1,16.4,No
STU103970,Tanjim Islam,26.0,Male,Single,3.05,3.26,0,73.8,Yes,No,35662.0,Low,46.3,3.0,58.0,8.5,No
STU103971,Sadia Rahman,23.0,Male,Single,2.71,2.84,1,84.2,Yes,No,30563.0,Medium,70.4,7.0,65.1,14.4,No
STU103972,Sakib Sultana,25.0,Female,Married,2.73,2.93,0,69.5,Yes,No,79884.0,Medium,82.9,,68.2,11.8,No
STU103973,Shuvo Khan,28.0,Female,Single,3.3,3.31,0,74.6,Yes,No,77201.0,Medium,68.0,6.0,67.3,10.4,No
STU103974,Fahim Akter,21.0,Male,Single,3.43,3.67,0,75.5,Yes,No,42396.0,High,79.8,5.0,74.6,9.4,No
STU103975,Fahim Khan,26.0,Female,Single,3.29,2.96,0,77.3,Yes,No,57242.0,Medium,65.0,2.0,63.2,14.2,No
STU103976,Mim Chowdhury,19.0,Male,Single,3.3,3.73,0,74.2,No,Yes,32230.0,High,77.0,4.0,84.9,13.5,No
STU103977,Sakib Khan,26.0,Male,Single,2.86,2.82,0,76.2,No,Yes,29947.0,Medium,65.8,6.0,64.3,12.4,No
STU103978,Mim Akter,22.0,Female,Single,2.76,2.81,0,72.3,Yes,No,36988.0,Medium,58.3,6.0,52.1,12.0,Yes
STU103979,Arafat Rahman,23.0,Female,Single,3.07,2.97,0,75.6,Yes,No,37139.0,Medium,87.8,9.0,69.1,15.9,No
STU103980,Mehedi Islam,20.0,Male,Single,2.96,3.14,0,89.2,Yes,Yes,32394.0,Low,85.9,7.0,75.6,9.3,No
STU103981,Mim Akter,21.0,Male,Single,2.55,2.87,1,77.8,Yes,No,73053.0,Medium,54.4,5.0,47.6,12.3,Yes
STU103982,Mehedi Rahman,23.0,Female,Single,2.99,2.69,0,85.5,Yes,No,47645.0,High,65.4,5.0,68.9,8.4,No
STU103983,Shuvo Chowdhury,24.0,Female,Single,3.31,3.29,0,100.0,Yes,Yes,26529.0,Medium,81.6,6.0,84.7,15.3,No
STU103984,Shuvo Islam,18.0,Female,Single,2.82,2.88,0,65.8,Yes,No,31835.0,High,69.3,6.0,59.7,10.5,Yes
STU103985,Hasan Hasan,24.0,Male,Single,3.71,3.85,0,83.9,Yes,No,22997.0,High,89.2,9.0,93.1,22.3,No
STU103986,Nabila Hasan,18.0,Male,Married,2.44,2.35,0,67.5,Yes,No,43161.0,Medium,58.3,6.0,47.7,9.3,Yes
STU103987,Nabila Akter,22.0,Male,Single,2.63,2.5,0,71.7,Yes,Yes,99745.0,Low,63.7,5.0,68.8,9.8,Yes
STU103988,Arafat Rahman,23.0,Male,Single,2.74,3.01,0,85.5,Yes,Yes,52953.0,Medium,80.2,5.0,58.5,23.7,No
STU103989,Adnan Hossain,19.0,Female,Single,3.37,3.52,0,100.0,Yes,Yes,47620.0,Low,82.2,3.0,95.0,22.2,No
STU103990,Mim Khan,27.0,Male,Single,3.1,3.16,1,86.1,Yes,No,19964.0,High,90.3,5.0,81.9,11.2,No
STU103991,Tasmia Hossain,26.0,Male,Single,2.6,2.98,0,86.2,Yes,Yes,95533.0,Low,88.4,6.0,92.5,10.8,No
STU103992,Tasmia Rahman,27.0,Male,Single,2.16,1.76,2,75.4,Yes,No,46155.0,Medium,47.9,5.0,61.2,1.8,Yes
STU103993,Mahin Hossain,23.0,Male,Single,2.47,2.71,0,93.1,Yes,No,47640.0,Medium,90.2,6.0,100.0,12.1,No
STU103994,Sakib Islam,24.0,Female,Single,2.21,2.32,0,92.8,Yes,No,23928.0,High,76.9,8.0,72.5,3.9,No
STU103995,Arafat Karim,27.0,Female,Single,3.39,2.96,0,86.0,Yes,No,42111.0,High,81.2,8.0,86.7,16.2,No
STU103996,Mim Hossain,25.0,Male,Single,2.52,2.87,0,72.3,No,Yes,27203.0,Medium,88.1,8.0,76.2,10.2,No
STU103997,Mariya Hossain,28.0,Female,Married,3.31,3.48,0,,Yes,Yes,31000.0,High,92.0,9.0,71.9,21.4,No
STU103998,Nabila Hasan,27.0,Female,Single,3.24,3.46,0,67.2,Yes,Yes,17645.0,Low,88.2,9.0,82.6,18.4,Yes
STU103999,Arafat Hossain,18.0,Female,Single,3.54,3.45,0,92.5,Yes,No,15445.0,High,70.3,5.0,86.4,10.4,No
STU104000,Raisa Hasan,25.0,Male,Single,2.68,2.91,0,73.6,Yes,No,147522.0,Low,70.8,5.0,66.7,10.9,No
STU104001,Mahin Ahmed,21.0,Male,Single,3.18,2.96,0,75.3,Yes,No,50234.0,Medium,63.9,5.0,58.8,4.8,No
STU104002,Sadia Khan,27.0,Male,Single,3.05,2.65,0,82.4,Yes,No,84481.0,High,54.7,4.0,55.3,10.7,No
STU104003,Sumaiya Karim,25.0,Female,Single,3.06,3.05,0,64.9,Yes,No,38412.0,High,50.4,2.0,46.2,6.8,No
STU104004,Sadia Ahmed,23.0,Female,Single,2.99,3.19,0,92.8,Yes,No,40820.0,Medium,90.4,8.0,76.5,14.4,No
STU104005,Arafat Islam,28.0,Male,Single,3.38,3.68,0,92.5,Yes,Yes,25144.0,High,90.0,7.0,68.8,14.6,No
STU104006,Mehedi Ahmed,26.0,Male,Single,3.33,3.37,0,81.1,No,No,62911.0,Medium,62.3,7.0,69.8,18.6,No
STU104007,Hasan Hasan,28.0,Male,Single,3.0,3.02,0,81.7,No,No,67849.0,Medium,75.5,4.0,80.7,11.9,No
STU104008,Mariya Islam,21.0,Male,Single,2.79,3.1,0,76.7,Yes,No,60020.0,Low,68.6,7.0,89.0,20.6,No
STU104009,Mim Hossain,19.0,Female,Single,2.74,2.64,0,100.0,Yes,No,45064.0,Medium,65.1,9.0,74.1,1.0,Yes
STU104010,Tanvir Khan,19.0,Male,Single,3.02,2.85,0,72.5,Yes,Yes,53029.0,Low,,5.0,71.2,9.1,No
STU104011,Fahim Rahman,22.0,Male,Single,3.1,3.59,0,89.6,No,Yes,35462.0,Medium,82.2,6.0,64.5,25.2,No
STU104012,Rakib Islam,27.0,Female,Single,2.96,2.88,0,78.6,Yes,Yes,79675.0,Low,84.2,7.0,80.3,10.7,No
STU104013,Nabila Islam,26.0,Male,Single,2.42,2.69,1,77.0,Yes,Yes,21254.0,Medium,59.6,6.0,50.2,11.7,Yes
STU104014,Mahin Ahmed,20.0,Female,Single,2.86,3.27,0,88.8,Yes,Yes,29030.0,Medium,53.4,2.0,75.0,8.3,No
STU104015,Nusrat Chowdhury,25.0,Male,Single,2.76,2.83,0,85.6,Yes,Yes,39800.0,High,75.8,8.0,67.8,20.9,No
STU104016,Fahim Chowdhury,21.0,Female,Single,3.01,3.09,0,79.5,Yes,Yes,22481.0,Medium,79.4,4.0,92.2,11.7,No
STU104017,Adnan Hasan,23.0,Male,Single,4.0,4.0,0,79.5,Yes,No,19354.0,High,84.8,8.0,81.1,12.8,No
STU104018,Mehedi Khan,27.0,Female,Single,3.19,2.8,1,70.8,No,No,39873.0,Medium,68.2,3.0,58.6,9.5,Yes
STU104019,Tanjim Karim,23.0,Male,Single,3.57,3.17,0,79.2,Yes,No,35401.0,Medium,70.8,5.0,75.3,8.0,No
STU104020,Adnan Ahmed,20.0,Male,Single,2.69,2.94,0,76.1,Yes,No,41216.0,High,70.3,7.0,68.8,6.4,No
STU104021,Nabila Hossain,22.0,Female,Single,3.01,2.89,0,71.7,Yes,No,,Low,71.4,5.0,65.7,4.7,No
STU104022,Mehedi Hossain,20.0,Male,Single,3.55,3.81,0,92.5,Yes,No,62796.0,Medium,99.4,9.0,99.2,14.3,No
STU104023,Mahin Ahmed,28.0,Female,Single,2.29,2.27,2,58.0,Yes,No,47530.0,Low,48.2,5.0,52.9,7.4,No
STU104024,Hasan Hasan,28.0,Male,Single,2.89,3.14,0,82.7,Yes,Yes,117380.0,Low,68.1,6.0,64.1,18.6,No
STU104025,Fahim Chowdhury,18.0,Male,Single,3.28,3.01,0,67.4,Yes,No,50098.0,Medium,64.5,5.0,83.8,15.1,No
STU104026,Tasmia Hossain,24.0,Female,Single,2.97,3.15,0,93.0,Yes,Yes,105354.0,Low,79.7,5.0,88.9,15.5,No
STU104027,Nusrat Islam,21.0,Female,Single,2.74,2.59,1,70.2,No,Yes,80173.0,Medium,46.9,7.0,43.7,7.3,No
STU104028,Hasan Hossain,24.0,Female,Single,2.77,2.99,0,75.3,No,No,84480.0,Medium,61.6,6.0,61.2,11.4,No
STU104029,Tanjim Rahman,20.0,Female,Single,3.14,3.85,0,80.8,Yes,No,19176.0,Medium,84.7,4.0,71.4,12.8,Yes
STU104030,Raisa Karim,28.0,Male,Single,2.29,,2,83.8,Yes,No,50045.0,Medium,77.3,7.0,100.0,7.6,No
STU104031,Mim Hossain,22.0,Female,Single,3.06,2.95,0,93.5,Yes,No,55394.0,Medium,,5.0,80.6,11.0,No
STU104032,Mim Karim,22.0,Male,Single,3.33,3.29,0,84.8,Yes,No,38347.0,High,78.7,6.0,75.8,14.4,No
STU104033,Tasmia Khan,19.0,Male,Single,2.84,2.93,1,74.0,Yes,No,49102.0,High,56.5,3.0,54.3,10.8,No
STU104034,Shuvo Chowdhury,28.0,Male,Single,2.3,1.61,1,86.6,Yes,Yes,25740.0,Medium,39.2,3.0,37.3,3.7,Yes
STU104035,Tanjim Sultana,27.0,Male,Single,2.77,2.78,1,81.7,Yes,Yes,99177.0,Low,81.8,7.0,88.9,10.6,No
STU104036,Nabila Chowdhury,19.0,Female,Single,2.94,2.88,0,78.7,Yes,Yes,45303.0,Low,82.5,7.0,78.8,15.4,No
STU104037,Jannat Khan,21.0,Male,Married,2.52,2.45,0,72.6,Yes,No,56301.0,Medium,72.6,4.0,89.0,5.8,Yes
STU104038,Sakib Akter,21.0,Female,Single,3.01,3.1,2,84.2,Yes,Yes,29094.0,Medium,66.9,6.0,61.7,5.7,No
STU104039,Tanjim Hasan,21.0,Male,Married,3.08,3.18,0,81.5,Yes,No,106795.0,Low,68.3,3.0,65.2,6.8,No
STU104040,Jannat Islam,23.0,Male,Single,3.54,3.64,0,75.1,Yes,No,70906.0,High,65.9,7.0,55.4,15.9,No
STU104041,Mim Karim,19.0,Male,Single,2.93,2.6,1,77.4,Yes,No,79958.0,Medium,67.4,6.0,60.8,9.9,No
STU104042,Fahim Khan,23.0,Female,Single,3.05,2.98,0,83.9,Yes,No,137110.0,Medium,59.4,5.0,64.9,10.6,No
STU104043,Mehedi Khan,24.0,Male,Single,2.75,2.66,2,73.7,Yes,No,40052.0,Medium,65.1,4.0,69.6,9.7,Yes
STU104044,Raisa Hasan,28.0,Female,Single,2.79,2.94,0,86.1,No,No,62475.0,Medium,76.2,5.0,80.0,17.6,No
STU104045,Hasan Rahman,27.0,Male,Married,3.32,3.03,1,76.3,Yes,No,59982.0,High,69.6,7.0,70.3,2.8,No
STU104046,Nusrat Islam,20.0,Male,Single,2.89,2.95,1,78.7,Yes,Yes,33113.0,Low,69.0,6.0,65.8,8.8,No
STU104047,Sakib Rahman,28.0,Female,Single,3.37,3.85,0,88.7,No,No,55617.0,Medium,89.4,8.0,90.3,14.3,No
STU104048,Mehedi Akter,25.0,Female,Single,2.98,2.18,0,63.4,Yes,Yes,29085.0,Medium,74.3,5.0,79.3,4.5,Yes
STU104049,Jannat Islam,19.0,Male,Married,2.49,2.43,0,83.8,Yes,No,44374.0,Medium,69.4,6.0,82.8,11.7,No
STU104050,Nusrat Karim,28.0,Female,Single,2.69,2.09,1,76.7,Yes,Yes,18499.0,Medium,57.2,6.0,66.6,5.6,No
STU104051,Jannat Akter,25.0,Female,Single,4.0,4.0,0,98.9,Yes,Yes,29205.0,Medium,94.3,7.0,100.0,16.9,No
STU104052,Sakib Khan,28.0,Female,Single,2.95,3.21,0,74.6,Yes,No,16439.0,High,71.3,7.0,66.1,16.2,Yes
STU104053,Mim Rahman,22.0,Female,Single,2.27,2.12,0,71.2,Yes,No,103578.0,Low,47.1,4.0,61.3,13.5,No
STU104054,Rakib Rahman,19.0,Female,Single,2.49,2.77,0,90.1,Yes,No,64872.0,Medium,82.1,5.0,100.0,13.2,No
STU104055,Hasan Islam,24.0,Male,Single,2.68,3.09,0,77.5,No,No,34780.0,Medium,52.2,5.0,56.6,8.3,Yes
STU104056,Sakib Islam,19.0,Female,Single,2.6,2.72,2,89.9,Yes,Yes,29748.0,High,62.7,3.0,78.5,6.9,No
STU104057,Mim Ahmed,23.0,Male,Single,2.51,2.35,0,62.8,Yes,No,84823.0,Low,53.3,8.0,59.3,11.3,No
STU104058,Hasan Sultana,27.0,Female,Single,3.66,3.82,0,83.5,Yes,No,119698.0,Low,68.3,5.0,68.7,13.9,No
STU104059,Sadia Hossain,20.0,Male,Single,3.3,3.8,0,84.2,Yes,Yes,69415.0,Low,99.5,7.0,85.7,18.5,No
STU104060,Arafat Sultana,26.0,Male,Single,2.91,2.51,0,85.0,Yes,No,93436.0,Low,68.2,6.0,68.0,9.1,No
STU104061,Tasmia Sultana,20.0,Female,Single,2.74,3.07,0,97.5,Yes,Yes,44769.0,Low,86.9,7.0,92.3,19.5,No
STU104062,Jannat Hossain,28.0,Male,Single,2.93,2.54,0,81.1,Yes,Yes,14349.0,Low,76.2,5.0,83.4,7.0,No
STU104063,Jannat Ahmed,20.0,Male,Single,3.8,3.35,0,61.2,Yes,Yes,42471.0,Medium,72.2,6.0,61.2,8.0,No
STU104064,Mehedi Hasan,22.0,Female,Single,2.61,2.24,2,69.2,Yes,Yes,48305.0,Medium,73.1,5.0,68.5,4.5,No
STU104065,Raisa Sultana,24.0,Female,Single,2.29,2.28,2,71.3,Yes,No,80761.0,Medium,60.6,7.0,72.7,4.3,Yes
STU104066,Tanjim Hossain,25.0,Female,Single,3.3,3.68,0,91.0,Yes,No,36442.0,High,91.3,8.0,60.2,15.0,No
STU104067,Nusrat Hossain,28.0,Male,Single,3.45,2.85,0,80.1,Yes,Yes,23861.0,Medium,84.6,6.0,79.7,9.6,No
STU104068,Mariya Hasan,24.0,Female,Single,3.65,3.95,0,100.0,Yes,Yes,16863.0,High,93.4,7.0,86.4,19.0,No
STU104069,Raisa Chowdhury,26.0,Male,Single,2.84,2.8,0,72.4,No,No,64694.0,High,68.9,5.0,80.7,6.3,Yes
STU104070,Mahin Sultana,22.0,Male,Single,2.85,2.52,0,68.8,Yes,No,38184.0,Medium,75.4,6.0,78.1,17.0,Yes
STU104071,Jannat Islam,27.0,Female,Single,3.91,4.0,0,84.5,Yes,Yes,24460.0,Low,83.5,7.0,81.1,16.7,No
STU104072,Raisa Ahmed,28.0,Female,Single,3.27,3.13,1,100.0,Yes,No,63345.0,Medium,73.1,7.0,65.4,10.6,No
STU104073,Sadia Karim,20.0,Male,Single,2.96,3.64,0,85.5,Yes,No,69674.0,Medium,71.8,6.0,74.4,16.0,No
STU104074,Sakib Ahmed,23.0,Male,Single,3.23,3.38,0,95.3,Yes,No,40292.0,High,74.9,6.0,76.8,13.3,No
STU104075,Sakib Sultana,22.0,Male,Single,2.8,2.82,0,90.7,No,No,78251.0,Medium,78.1,,95.1,10.2,No
STU104076,Tasmia Rahman,21.0,Male,Single,3.14,3.33,0,69.2,Yes,No,64387.0,Medium,99.0,9.0,77.0,20.2,No
STU104077,Arafat Hossain,19.0,Male,Single,3.13,3.53,0,85.7,Yes,No,41635.0,Medium,74.4,6.0,59.8,16.2,Yes
STU104078,Jannat Karim,24.0,Female,Single,3.38,3.81,0,98.5,Yes,No,39963.0,High,93.0,10.0,75.7,17.6,No
STU104079,Arafat Hasan,22.0,Female,Single,2.56,2.84,0,100.0,Yes,No,37422.0,High,85.1,9.0,74.5,8.6,No
STU104080,Nusrat Ahmed,21.0,Female,Married,3.16,3.57,0,96.3,Yes,No,45000.0,High,79.6,6.0,78.5,14.9,No
STU104081,Tanjim Karim,25.0,Male,Single,2.48,2.84,1,74.6,Yes,No,102569.0,Medium,74.1,6.0,83.0,4.4,No
STU104082,Raisa Karim,26.0,Female,Single,3.84,4.0,0,100.0,Yes,No,86443.0,Medium,80.2,2.0,78.4,19.9,No
STU104083,Mim Hossain,26.0,Male,Single,2.81,2.69,1,72.7,Yes,No,59784.0,Medium,53.1,3.0,51.8,12.8,No
STU104084,Rakib Ahmed,20.0,Male,Single,2.26,2.63,1,65.9,Yes,No,122499.0,Medium,59.6,5.0,45.8,11.6,Yes
STU104085,Sumaiya Hasan,20.0,Male,Single,4.0,3.87,0,95.3,Yes,No,84345.0,Low,76.8,6.0,74.3,14.7,No
STU104086,Nabila Akter,22.0,Female,Single,2.77,2.84,0,67.7,Yes,No,41368.0,Medium,51.5,6.0,76.1,2.8,No
STU104087,Sadia Khan,22.0,Female,Single,3.04,2.93,1,73.1,Yes,No,61636.0,Medium,46.1,6.0,49.7,8.1,Yes
STU104088,Mahin Khan,27.0,Male,Single,2.24,2.44,1,87.9,Yes,No,95120.0,Low,62.2,3.0,63.8,12.2,Yes
STU104089,Tanvir Karim,19.0,Male,Married,2.98,3.36,0,91.3,Yes,No,47249.0,High,100.0,6.0,100.0,17.1,No
STU104090,Sadia Karim,18.0,Male,Single,3.75,3.63,0,79.3,Yes,No,40145.0,High,95.1,5.0,65.2,16.7,No
STU104091,Hasan Khan,25.0,Female,Single,3.32,2.89,0,82.4,Yes,No,122663.0,Low,53.1,3.0,60.0,12.5,Yes
STU104092,Sumaiya Islam,20.0,Male,Single,2.23,,1,74.4,No,No,60830.0,High,48.7,5.0,62.1,5.9,Yes
STU104093,Raisa Hossain,18.0,Male,Single,2.66,2.97,0,89.9,Yes,Yes,79987.0,Low,72.6,7.0,68.0,11.6,No
STU104094,Nusrat Hasan,18.0,Female,Single,3.41,3.88,0,92.5,No,Yes,30418.0,Medium,91.9,9.0,83.9,20.5,No
STU104095,Sumaiya Chowdhury,28.0,Male,Single,3.29,3.55,0,87.8,Yes,No,74221.0,Medium,85.7,9.0,83.3,13.1,No
STU104096,Mim Hasan,19.0,Male,Single,2.78,3.06,0,82.1,No,No,40551.0,Medium,73.6,3.0,77.3,10.5,Yes
STU104097,Rakib Akter,,Male,Single,3.18,2.96,0,71.8,Yes,Yes,44079.0,Medium,66.4,5.0,87.0,16.0,No
STU104098,Rakib Hasan,23.0,Female,Single,2.46,2.68,1,88.9,Yes,No,26489.0,Medium,51.5,5.0,54.8,5.5,No
STU104099,Tanvir Sultana,20.0,Male,Single,2.41,3.06,0,86.2,Yes,Yes,39767.0,High,67.4,7.0,73.2,5.6,No
STU104100,Arafat Hasan,21.0,Female,Single,1.88,1.71,5,53.7,Yes,Yes,20591.0,Low,22.0,0.0,29.1,1.0,Yes
STU104101,Adnan Karim,19.0,Female,Single,3.42,3.05,0,80.1,Yes,Yes,83886.0,Low,51.1,4.0,82.2,12.1,No
STU104102,Shuvo Hossain,19.0,Male,Single,2.95,2.99,0,81.0,Yes,Yes,33332.0,Medium,64.0,8.0,70.0,15.9,No
STU104103,Fahim Karim,24.0,Male,Single,3.0,3.28,0,76.9,Yes,No,,Medium,93.1,7.0,90.3,23.5,No
STU104104,Mariya Ahmed,18.0,Male,Single,1.62,1.68,2,60.4,Yes,No,23800.0,Medium,40.5,6.0,55.6,1.0,Yes
STU104105,Nabila Rahman,24.0,Male,Single,2.98,3.51,0,95.0,Yes,No,58878.0,Medium,90.4,8.0,74.1,8.5,No
STU104106,Fahim Hossain,18.0,Female,Married,3.25,2.99,0,67.8,No,Yes,12000.0,Medium,90.3,6.0,86.6,21.0,No
STU104107,Raisa Akter,23.0,Female,Single,2.06,1.61,1,84.6,Yes,No,27383.0,Medium,73.7,7.0,82.2,8.0,Yes
STU104108,Raisa Chowdhury,20.0,Male,Married,3.02,3.45,0,85.6,Yes,Yes,94817.0,Low,68.3,7.0,41.9,13.0,No
STU104109,Shuvo Karim,25.0,Male,Single,2.97,2.55,1,68.3,Yes,Yes,31298.0,Medium,65.3,5.0,55.5,6.9,No
STU104110,Nabila Rahman,23.0,Male,Single,2.79,2.89,0,78.0,Yes,No,40149.0,Medium,83.1,6.0,96.5,10.7,No
STU104111,Fahim Khan,28.0,Male,Single,3.59,4.0,0,93.8,No,No,13680.0,High,82.4,5.0,52.6,16.5,No
STU104112,Mahin Akter,19.0,Female,Single,3.48,3.55,0,82.0,Yes,Yes,94732.0,Medium,87.7,8.0,98.8,16.6,No
STU104113,Mehedi Akter,25.0,Male,Single,4.0,3.79,0,94.3,Yes,No,39074.0,High,88.3,8.0,75.4,18.6,No
STU104114,Shuvo Akter,22.0,Female,Single,2.45,2.84,0,71.1,Yes,No,93009.0,Medium,75.9,5.0,76.4,15.2,No
STU104115,Raisa Khan,25.0,Male,Married,3.19,3.24,0,76.8,Yes,No,30837.0,Low,79.5,5.0,85.3,12.1,No
STU104116,Adnan Ahmed,25.0,Female,Single,3.67,3.61,0,89.1,Yes,Yes,19929.0,Medium,96.9,6.0,91.3,21.7,No
STU104117,Mariya Ahmed,23.0,Female,Single,2.69,3.18,0,77.9,Yes,No,97874.0,Low,66.2,5.0,68.7,10.5,No
STU104118,Tasmia Chowdhury,19.0,Male,Single,3.76,3.65,0,100.0,Yes,No,55900.0,High,92.7,8.0,79.3,18.2,Yes
STU104119,Sumaiya Sultana,25.0,Male,Single,3.16,2.98,0,89.3,Yes,No,47664.0,Medium,98.0,10.0,80.8,5.9,No
STU104120,Rakib Ahmed,28.0,Male,Single,2.21,1.94,2,72.2,Yes,No,32312.0,Medium,58.1,4.0,39.1,1.6,Yes
STU104121,Mehedi Islam,23.0,Male,Single,2.42,2.79,1,78.3,No,No,86799.0,Medium,77.0,9.0,81.2,11.6,No
STU104122,Jannat Rahman,23.0,Female,Single,2.74,2.87,0,77.8,Yes,No,16334.0,High,59.5,4.0,73.5,6.0,No
STU104123,Mehedi Rahman,25.0,Female,Single,2.96,2.81,1,75.2,Yes,Yes,69944.0,Low,43.3,5.0,43.1,4.9,No
STU104124,Rakib Islam,18.0,Female,Single,3.56,3.13,0,75.5,Yes,Yes,23323.0,Medium,73.8,8.0,70.2,15.8,No
STU104125,Mariya Akter,19.0,Female,Single,2.96,3.38,0,87.0,No,No,57935.0,High,95.4,6.0,66.4,9.9,No
STU104126,Tasmia Hasan,26.0,Male,Single,3.54,3.4,0,74.0,Yes,Yes,134618.0,Low,73.2,4.0,81.2,15.0,No
STU104127,Tanjim Ahmed,28.0,Female,Married,3.05,2.5,0,91.1,No,No,44018.0,Medium,68.9,6.0,65.7,14.4,Yes
STU104128,Jannat Chowdhury,25.0,Female,Married,3.01,3.03,0,82.8,Yes,No,,High,66.2,7.0,59.8,15.9,No
STU104129,Mariya Karim,24.0,Male,Single,2.87,3.18,0,95.8,Yes,Yes,33892.0,Medium,75.8,6.0,83.8,21.5,No
STU104130,Adnan Khan,24.0,Male,Single,3.44,3.66,0,95.3,Yes,No,41270.0,Medium,84.9,8.0,80.7,16.2,No
STU104131,Mehedi Khan,22.0,Male,Single,3.06,3.08,0,82.0,Yes,No,35270.0,Medium,89.3,8.0,89.3,15.7,No
STU104132,Hasan Chowdhury,19.0,Male,Single,2.67,2.54,0,82.3,Yes,No,45548.0,Medium,86.8,5.0,70.9,11.7,Yes
STU104133,Raisa Akter,28.0,Male,Single,3.15,2.98,1,75.0,Yes,No,38448.0,Medium,60.4,5.0,42.6,11.8,Yes
STU104134,Adnan Rahman,23.0,Female,Married,2.79,3.18,0,82.5,Yes,No,41005.0,High,62.3,7.0,57.5,13.8,Yes
STU104135,Jannat Sultana,27.0,Female,Single,2.77,2.18,2,62.5,Yes,Yes,33029.0,Medium,43.7,3.0,48.1,1.0,No
STU104136,Tanjim Sultana,20.0,Male,Single,3.53,3.25,0,99.0,Yes,No,41990.0,Medium,84.4,6.0,79.0,15.0,No
STU104137,Hasan Islam,21.0,Male,Single,2.93,2.9,0,82.9,No,No,44049.0,Medium,79.8,8.0,67.3,19.1,Yes
STU104138,Shuvo Hasan,27.0,Female,Married,3.96,3.36,0,92.5,Yes,Yes,112276.0,Low,71.9,6.0,64.3,16.3,No
STU104139,Mariya Khan,28.0,Female,Married,3.33,3.27,0,80.2,Yes,No,108030.0,Medium,100.0,8.0,98.9,12.9,No
STU104140,Sakib Islam,19.0,Male,Single,2.66,2.29,1,87.5,Yes,No,53862.0,Low,60.8,3.0,59.5,10.1,No
STU104141,Mehedi Karim,19.0,Female,Single,2.62,2.77,1,70.6,Yes,No,35243.0,Medium,65.9,6.0,90.1,2.4,Yes
STU104142,Nusrat Islam,25.0,Female,Single,2.44,2.27,0,75.1,Yes,No,54478.0,High,69.6,5.0,66.2,10.3,No
STU104143,Mahin Rahman,25.0,Female,Single,3.27,3.15,0,79.0,Yes,No,28698.0,High,63.5,3.0,68.4,3.4,No
STU104144,Adnan Rahman,27.0,Male,Single,2.61,2.42,0,79.8,Yes,No,33179.0,Medium,81.1,6.0,84.3,5.0,No
STU104145,Sakib Hossain,23.0,Male,Single,1.98,2.18,0,69.2,Yes,No,46403.0,Medium,82.3,8.0,72.3,5.8,No
STU104146,Mahin Hasan,22.0,Female,Single,2.26,2.24,0,81.2,Yes,Yes,31241.0,Medium,56.0,6.0,36.6,3.3,No
STU104147,Nusrat Rahman,25.0,Male,Single,2.5,2.79,0,82.7,Yes,Yes,31581.0,Medium,83.2,7.0,94.7,14.7,Yes
STU104148,Nusrat Akter,21.0,Female,Single,3.15,3.51,0,84.7,Yes,Yes,34834.0,Low,78.4,6.0,73.4,12.6,No
STU104149,Tasmia Chowdhury,28.0,Male,Single,2.96,2.88,0,71.4,No,Yes,158206.0,Low,64.7,3.0,63.7,5.3,No
STU104150,Mariya Khan,21.0,Male,Single,3.42,3.22,1,80.0,Yes,Yes,49494.0,High,72.1,7.0,67.3,10.3,No
STU104151,Sakib Khan,22.0,Male,Single,2.59,2.47,0,76.8,Yes,Yes,17379.0,Medium,67.4,6.0,79.5,7.8,Yes
STU104152,Sumaiya Hossain,18.0,Male,Single,2.85,3.65,0,95.3,Yes,No,50100.0,Medium,92.5,7.0,88.0,17.3,No
STU104153,Sakib Rahman,18.0,Female,Single,3.79,3.6,0,84.2,Yes,No,,Medium,92.7,7.0,69.2,14.1,No
STU104154,Rakib Hossain,19.0,Male,Married,2.85,2.79,2,65.5,Yes,No,43529.0,High,56.1,6.0,56.9,12.1,No
STU104155,Shuvo Sultana,25.0,Female,Single,3.1,3.17,0,67.4,Yes,Yes,62924.0,Low,72.0,7.0,71.7,14.1,No
STU104156,Mim Akter,24.0,Female,Single,2.7,2.87,0,91.3,Yes,No,32893.0,Medium,94.0,9.0,74.2,11.6,No
STU104157,Tanvir Ahmed,27.0,Male,Single,2.9,2.93,0,79.8,No,No,41548.0,Medium,63.6,7.0,52.4,14.8,No
STU104158,Mehedi Khan,26.0,Female,Single,3.21,3.75,0,90.9,Yes,No,42879.0,Low,92.9,7.0,72.1,26.4,No
STU104159,Mahin Rahman,22.0,Male,Single,3.3,3.37,0,80.3,Yes,Yes,30823.0,Medium,65.8,5.0,61.8,13.4,No
STU104160,Tanvir Hasan,19.0,Female,Single,3.05,3.01,0,76.7,Yes,Yes,26694.0,Low,82.5,6.0,66.9,5.1,No
STU104161,Mahin Islam,24.0,Female,Single,2.88,3.17,0,82.5,Yes,No,46956.0,Medium,76.1,6.0,82.4,12.6,No
STU104162,Sakib Hasan,25.0,Male,Married,3.06,2.79,0,72.8,Yes,Yes,51053.0,Medium,65.1,7.0,86.7,16.5,Yes
STU104163,Tanvir Rahman,24.0,Male,Single,2.67,2.83,0,77.3,Yes,No,12000.0,High,54.6,5.0,63.9,8.4,No
STU104164,Sumaiya Karim,24.0,Female,Single,2.9,2.79,0,86.8,Yes,Yes,33895.0,Medium,76.4,6.0,70.9,11.7,No
STU104165,Tanvir Akter,22.0,Female,Single,3.15,3.54,0,92.6,No,No,38494.0,Medium,85.3,7.0,64.6,9.9,Yes
STU104166,Mehedi Chowdhury,19.0,Male,Single,3.44,3.85,0,84.3,No,No,49731.0,Medium,93.3,8.0,75.9,19.6,Yes
STU104167,Mahin Khan,23.0,Female,Single,2.59,,0,76.2,Yes,Yes,70676.0,Medium,56.0,4.0,68.5,5.0,No
STU104168,Nabila Hossain,21.0,Male,Single,2.92,2.66,0,61.9,Yes,No,37902.0,Medium,81.3,6.0,90.1,15.4,No
STU104169,Tasmia Karim,27.0,Female,Single,2.55,1.99,1,55.9,Yes,No,61947.0,Medium,43.1,3.0,41.2,1.4,Yes
STU104170,Nusrat Islam,19.0,Male,Single,2.8,2.87,0,76.3,Yes,Yes,21102.0,Medium,60.7,4.0,78.5,3.9,Yes
STU104171,Mehedi Rahman,26.0,Female,Single,3.45,2.81,0,80.9,Yes,No,94085.0,Medium,82.0,8.0,66.9,13.0,No
STU104172,Sumaiya Sultana,24.0,Male,Single,2.76,2.73,0,68.4,No,Yes,43760.0,Medium,62.1,7.0,77.4,8.0,Yes
STU104173,Mim Rahman,23.0,Female,Married,2.96,2.79,2,80.6,No,Yes,19658.0,Medium,83.6,8.0,59.2,4.4,Yes
STU104174,Nabila Sultana,22.0,Female,Single,2.44,2.61,0,86.5,Yes,Yes,62449.0,Low,55.2,6.0,70.6,12.2,No
STU104175,Nusrat Chowdhury,20.0,Female,Single,2.75,2.74,1,69.4,Yes,No,38894.0,Medium,62.1,2.0,54.8,8.2,Yes
STU104176,Shuvo Akter,27.0,Female,Single,2.3,2.13,0,67.1,Yes,No,123552.0,Low,76.7,6.0,99.9,12.3,No
STU104177,Sadia Islam,27.0,Male,Single,3.13,3.38,0,88.7,Yes,No,108281.0,Medium,83.7,7.0,81.7,12.5,No
STU104178,Adnan Chowdhury,21.0,Female,Single,3.17,2.84,0,95.7,Yes,No,73338.0,Medium,67.9,4.0,55.9,9.6,No
STU104179,Jannat Hossain,20.0,Female,Married,3.15,3.32,0,80.8,Yes,No,12000.0,Medium,79.9,4.0,75.3,16.1,No
STU104180,Hasan Hossain,28.0,Female,Married,3.18,3.8,0,96.8,No,No,39718.0,Medium,89.5,7.0,86.1,19.5,No
STU104181,Sumaiya Sultana,25.0,Male,Single,3.15,3.44,1,82.3,Yes,No,90445.0,High,90.1,8.0,75.7,10.5,No
STU104182,Mahin Karim,20.0,Male,Single,2.31,2.19,1,73.1,Yes,Yes,71452.0,Medium,79.8,8.0,75.5,7.3,No
STU104183,Rakib Akter,24.0,Male,Single,2.65,2.34,0,75.0,Yes,Yes,27096.0,Medium,62.8,3.0,52.0,19.0,Yes
STU104184,Mariya Islam,24.0,Male,Single,1.99,2.27,1,81.6,Yes,No,42488.0,Medium,59.8,6.0,59.4,13.7,Yes
STU104185,Adnan Ahmed,24.0,Male,Single,2.79,2.42,1,92.2,Yes,No,62397.0,Medium,63.4,3.0,45.2,9.5,No
STU104186,Shuvo Akter,24.0,Female,Single,2.61,2.61,0,86.6,Yes,Yes,18728.0,High,75.6,7.0,70.3,19.3,No
STU104187,Arafat Hasan,19.0,Female,Single,2.98,3.2,0,73.0,No,Yes,19642.0,High,81.4,5.0,100.0,14.7,Yes
STU104188,Arafat Akter,27.0,Female,Single,4.0,3.7,0,85.3,Yes,No,171906.0,Low,89.1,8.0,83.8,13.5,No
STU104189,Mim Chowdhury,20.0,Male,Single,3.35,3.03,0,64.7,Yes,No,37993.0,Medium,54.0,5.0,48.0,16.3,Yes
STU104190,Nusrat Hasan,27.0,Male,Single,3.69,3.29,0,100.0,No,Yes,15741.0,Medium,72.7,9.0,67.8,7.5,No
STU104191,Arafat Islam,26.0,Female,Single,3.37,3.85,0,92.0,No,Yes,30745.0,Low,100.0,8.0,81.5,14.5,No
STU104192,Sakib Hasan,20.0,Male,Single,2.95,3.46,0,78.5,Yes,No,53810.0,Medium,64.5,6.0,88.4,14.3,No
STU104193,Fahim Sultana,19.0,Male,Single,3.0,3.5,0,88.4,Yes,Yes,69689.0,Medium,78.3,7.0,62.0,20.6,No
STU104194,Mariya Ahmed,26.0,Female,Single,3.39,3.93,0,100.0,No,Yes,31324.0,High,100.0,7.0,82.5,23.5,No
STU104195,Mehedi Karim,27.0,Male,Single,3.11,2.92,2,67.8,Yes,Yes,23298.0,Medium,63.1,7.0,48.0,4.1,Yes
STU104196,Sakib Hasan,26.0,Male,Single,2.87,2.33,2,65.5,Yes,No,72658.0,Medium,55.2,9.0,71.5,1.9,Yes
STU104197,Jannat Hossain,21.0,Female,Single,3.64,4.0,0,79.4,Yes,Yes,26764.0,High,81.6,6.0,55.2,12.9,No
STU104198,Hasan Ahmed,26.0,Male,Single,3.2,3.48,1,87.9,No,Yes,39153.0,Medium,84.5,5.0,63.4,14.4,No
STU104199,Fahim Khan,20.0,Female,Single,2.36,2.61,0,77.7,Yes,Yes,65102.0,Low,81.1,3.0,79.3,11.5,No
STU104200,Sumaiya Sultana,24.0,Male,Single,2.92,2.61,4,47.4,Yes,Yes,34447.0,Medium,47.7,8.0,60.5,3.8,Yes
STU104201,Sakib Rahman,24.0,Female,Single,3.02,3.05,1,82.5,Yes,No,135662.0,Low,69.9,7.0,79.6,9.0,No
STU104202,Nusrat Islam,28.0,Male,Single,2.82,2.87,0,89.5,No,Yes,28161.0,Medium,72.6,6.0,82.5,8.5,No
STU104203,Jannat Akter,25.0,Female,Single,2.83,2.81,0,75.7,Yes,Yes,36755.0,Medium,70.8,7.0,74.0,16.8,No
STU104204,Tanvir Karim,27.0,Male,Single,2.81,2.56,1,75.0,Yes,No,36206.0,High,68.8,4.0,68.2,5.6,No
STU104205,Tanjim Hasan,21.0,Female,Single,2.2,1.63,3,60.2,Yes,No,31704.0,High,14.0,5.0,46.2,1.0,Yes
STU104206,Jannat Hossain,20.0,Male,Single,2.12,1.89,1,76.3,Yes,No,81722.0,Low,61.6,6.0,78.7,14.1,Yes
STU104207,Shuvo Hasan,20.0,Male,Single,2.71,1.84,4,45.9,Yes,No,37152.0,High,43.6,4.0,39.6,1.0,Yes
STU104208,Jannat Islam,22.0,Female,Single,2.82,2.7,0,73.7,Yes,Yes,216341.0,Low,66.3,6.0,64.5,11.5,No
STU104209,Tanvir Hossain,28.0,Male,Single,2.4,2.21,1,69.9,Yes,No,47582.0,Medium,49.9,3.0,40.0,2.6,No
STU104210,Tanvir Akter,18.0,Male,Married,2.54,2.19,2,76.4,Yes,No,50770.0,High,45.3,3.0,53.8,5.2,Yes
STU104211,Jannat Islam,27.0,Male,Single,2.89,3.01,0,82.1,No,No,19016.0,Medium,52.2,3.0,63.9,6.9,No
STU104212,Sadia Hossain,20.0,Male,Single,3.46,3.36,0,73.1,Yes,Yes,32736.0,Medium,77.0,7.0,59.9,10.0,No
STU104213,Tanvir Chowdhury,23.0,Male,Single,3.43,3.35,0,79.6,No,No,65557.0,Medium,82.4,7.0,83.7,11.5,Yes
STU104214,Nusrat Islam,20.0,Male,Single,3.45,3.87,0,100.0,Yes,No,60735.0,Medium,100.0,5.0,74.7,14.2,No
STU104215,Adnan Khan,,Male,Single,2.55,2.45,0,65.7,No,No,25098.0,High,93.4,5.0,81.0,15.3,No
STU104216,Mahin Ahmed,26.0,Female,Married,2.9,3.04,0,91.5,Yes,Yes,34923.0,Medium,80.5,8.0,89.6,12.5,No
STU104217,Sakib Hossain,19.0,Male,Single,3.56,3.23,0,92.3,Yes,Yes,12000.0,High,94.8,8.0,100.0,19.3,No
STU104218,Arafat Ahmed,28.0,Male,Single,2.21,2.28,2,81.2,Yes,No,29128.0,Low,39.5,4.0,35.0,6.9,No
STU104219,Rakib Rahman,19.0,Female,Single,2.79,2.76,1,87.0,Yes,Yes,116400.0,Low,65.0,7.0,57.4,20.6,Yes
STU104220,Sumaiya Sultana,23.0,Female,Single,3.1,3.13,0,95.3,Yes,No,51160.0,Medium,94.0,5.0,95.1,12.1,No
STU104221,Mehedi Ahmed,23.0,Male,Single,2.23,1.87,1,53.8,Yes,Yes,83427.0,Low,50.0,6.0,63.5,1.5,Yes
STU104222,Shuvo Hasan,28.0,Male,Single,3.19,2.85,0,92.6,Yes,Yes,17820.0,Medium,91.1,3.0,90.2,14.9,No
STU104223,Adnan Islam,28.0,Female,Single,3.7,3.59,0,91.2,Yes,No,47435.0,Medium,99.2,7.0,52.1,19.1,No
STU104224,Raisa Islam,25.0,Male,Single,3.55,3.95,0,84.5,Yes,No,42194.0,Medium,100.0,9.0,73.0,17.2,No
STU104225,Shuvo Rahman,28.0,Male,Single,2.92,2.49,0,67.3,No,No,31959.0,High,73.4,7.0,78.6,11.9,Yes
STU104226,Tanjim Rahman,19.0,Male,Single,3.37,3.87,0,89.2,Yes,No,39639.0,Medium,86.9,9.0,98.0,12.5,No
STU104227,Mahin Ahmed,26.0,Female,Single,2.23,2.02,2,89.6,Yes,No,33674.0,High,69.2,6.0,56.6,7.0,Yes
STU104228,Nusrat Akter,19.0,Male,Single,3.13,3.15,0,87.9,Yes,No,23698.0,Medium,67.7,6.0,69.1,9.5,No
STU104229,Nusrat Ahmed,18.0,Female,Married,2.86,3.16,0,78.9,Yes,No,48456.0,Medium,100.0,9.0,73.6,13.3,No
STU104230,Hasan Ahmed,27.0,Female,Single,2.93,2.83,0,100.0,Yes,No,72778.0,Medium,74.1,8.0,91.6,7.1,No
STU104231,Tanjim Chowdhury,19.0,Male,Single,3.05,2.97,0,87.6,Yes,No,29273.0,Medium,77.1,6.0,61.8,9.5,No
STU104232,Sakib Hossain,24.0,Female,Married,3.17,3.61,0,,Yes,No,30023.0,High,90.5,8.0,92.2,12.7,Yes
STU104233,Sakib Karim,25.0,Male,Single,2.35,2.68,0,82.0,Yes,No,70107.0,Medium,80.0,5.0,64.1,12.9,No
STU104234,Mariya Rahman,22.0,Female,Single,2.56,2.77,0,84.8,No,No,46224.0,High,88.8,9.0,52.6,18.9,No
STU104235,Raisa Islam,23.0,Male,Single,2.88,2.84,0,58.5,No,No,37145.0,High,56.2,5.0,67.4,3.9,No
STU104236,Nabila Ahmed,18.0,Male,Single,2.2,2.18,0,76.8,Yes,No,47507.0,High,49.8,5.0,58.3,9.3,No
STU104237,Hasan Hasan,23.0,Male,Married,3.06,2.74,0,87.1,Yes,Yes,139846.0,Low,64.2,5.0,74.4,13.9,No
STU104238,Rakib Sultana,25.0,Male,Single,3.37,3.29,0,98.5,Yes,No,84691.0,Low,87.2,2.0,82.4,13.4,No
STU104239,Fahim Khan,20.0,Male,Single,3.63,3.65,0,100.0,Yes,No,116138.0,Low,97.8,6.0,73.3,12.2,No
STU104240,Rakib Hossain,28.0,Male,Single,3.04,3.03,0,92.2,Yes,No,67447.0,Medium,87.1,5.0,76.7,9.4,No
STU104241,Tanjim Karim,18.0,Male,Single,3.85,3.94,0,91.4,No,No,29586.0,Medium,94.4,8.0,97.7,20.7,No
STU104242,Raisa Chowdhury,28.0,Female,Married,2.98,3.32,0,85.2,Yes,Yes,35289.0,Medium,84.4,3.0,87.4,11.8,Yes
STU104243,Nusrat Chowdhury,21.0,Male,Single,2.43,1.98,2,61.6,Yes,Yes,29688.0,Medium,61.5,6.0,66.5,3.9,Yes
STU104244,Mariya Khan,18.0,Female,Single,2.97,2.78,2,79.2,No,No,63381.0,Medium,74.4,5.0,92.0,2.8,Yes
STU104245,Mahin Hossain,25.0,Male,Single,2.91,3.25,0,100.0,Yes,No,38075.0,Medium,68.0,6.0,76.2,14.8,No
STU104246,Sumaiya Ahmed,22.0,Male,Married,3.23,3.97,0,86.5,Yes,Yes,28450.0,Medium,94.5,7.0,95.5,22.4,No
STU104247,Hasan Chowdhury,18.0,Male,Single,3.12,2.8,1,79.1,Yes,Yes,42271.0,Low,,6.0,52.2,6.6,No
STU104248,Sakib Akter,25.0,Male,Single,3.09,2.9,1,71.8,Yes,No,20842.0,Medium,58.3,7.0,72.9,7.4,Yes
STU104249,Hasan Rahman,26.0,Female,Single,3.44,3.04,1,88.7,Yes,Yes,78373.0,Low,84.2,8.0,79.7,6.3,No
STU104250,Adnan Sultana,27.0,Male,Single,2.81,2.2,0,86.8,No,No,26447.0,High,67.1,8.0,77.6,6.3,Yes
STU104251,Hasan Akter,19.0,Female,Single,3.24,3.32,0,78.4,Yes,No,74331.0,Medium,87.2,6.0,82.6,15.0,No
STU104252,Mariya Khan,26.0,Female,Single,3.13,3.3,0,89.7,Yes,Yes,58145.0,Low,66.6,4.0,78.7,13.8,No
STU104253,Adnan Ahmed,25.0,Male,Single,3.05,2.96,0,58.0,Yes,No,61773.0,Medium,54.0,7.0,64.7,15.0,Yes
STU104254,Adnan Khan,24.0,Female,Single,2.97,2.88,0,78.6,Yes,No,23966.0,Medium,85.2,6.0,81.2,17.0,No
STU104255,Shuvo Hossain,20.0,Male,Single,2.43,2.39,0,88.7,Yes,Yes,,Medium,80.5,4.0,97.7,11.5,No
STU104256,Shuvo Khan,19.0,Male,Single,2.89,2.72,0,75.5,Yes,Yes,33830.0,Medium,44.9,3.0,60.8,2.4,Yes
STU104257,Raisa Islam,24.0,Female,Single,2.91,2.9,1,66.5,Yes,Yes,17167.0,Medium,63.0,6.0,83.4,12.0,Yes
STU104258,Mim Islam,22.0,Male,Married,2.67,3.09,0,88.9,Yes,No,99136.0,Low,50.3,4.0,66.5,5.6,No
STU104259,Jannat Khan,23.0,Male,Single,2.39,2.14,2,68.1,Yes,No,42703.0,Medium,76.5,8.0,85.1,5.9,No
STU104260,Hasan Chowdhury,21.0,Male,Single,2.75,2.66,0,81.1,Yes,No,35123.0,Medium,65.0,4.0,69.0,11.0,No
STU104261,Arafat Akter,19.0,Male,Single,2.79,2.75,0,83.0,Yes,No,95808.0,Medium,69.5,4.0,63.3,9.0,No
STU104262,Jannat Akter,26.0,Male,Single,2.4,2.23,0,84.0,No,No,76595.0,Medium,58.4,5.0,57.5,13.3,Yes
STU104263,Nabila Chowdhury,20.0,Male,Married,2.4,2.42,0,87.1,Yes,No,250000.0,Low,66.5,3.0,65.4,7.5,No
STU104264,Nusrat Ahmed,24.0,Male,Single,2.06,1.31,1,69.0,Yes,Yes,26663.0,Medium,39.8,3.0,26.8,1.1,Yes
STU104265,Nusrat Chowdhury,25.0,Male,Single,3.13,3.3,0,95.0,Yes,Yes,32898.0,Low,98.3,9.0,75.3,20.7,No
STU104266,Tanvir Islam,19.0,Female,Single,3.44,3.15,0,83.0,Yes,No,130789.0,Low,75.8,9.0,86.4,9.7,No
STU104267,Tanjim Akter,23.0,Male,Single,3.01,2.76,0,82.9,Yes,Yes,28100.0,Low,66.3,5.0,79.4,9.3,No
STU104268,Shuvo Khan,28.0,Female,Single,2.82,2.77,1,77.4,Yes,No,30105.0,Medium,72.5,5.0,73.5,14.6,No
STU104269,Tanjim Rahman,25.0,Female,Married,2.37,1.96,2,57.1,Yes,No,43034.0,Medium,23.1,3.0,62.6,3.9,Yes
STU104270,Jannat Rahman,24.0,Female,Single,2.01,2.41,0,90.7,Yes,Yes,111419.0,Low,64.2,7.0,59.3,8.7,No
STU104271,Raisa Sultana,28.0,Female,Single,2.99,2.74,0,80.4,Yes,Yes,33615.0,Low,69.2,7.0,75.7,4.2,Yes
STU104272,Sadia Khan,20.0,Male,Single,3.28,4.0,0,100.0,Yes,No,157490.0,Low,80.3,5.0,84.9,16.5,No
STU104273,Arafat Hasan,18.0,Male,Single,2.63,,0,84.7,Yes,No,44673.0,High,80.9,8.0,73.8,6.8,No
STU104274,Tasmia Sultana,23.0,Male,Single,3.47,3.3,0,88.3,Yes,Yes,94107.0,Low,80.8,6.0,71.3,17.4,No
STU104275,Tanvir Khan,25.0,Female,Single,2.69,2.6,1,84.3,Yes,No,37305.0,Low,74.6,9.0,69.5,9.5,No
STU104276,Jannat Karim,23.0,Female,Single,3.49,3.53,0,88.9,No,No,26322.0,Medium,91.1,8.0,76.8,8.9,No
STU104277,Shuvo Ahmed,22.0,Male,Single,2.65,3.16,1,,Yes,No,61688.0,Medium,88.3,6.0,100.0,5.7,No
STU104278,Mahin Hossain,28.0,Male,Single,1.8,2.09,2,67.5,Yes,Yes,20234.0,Medium,40.0,4.0,46.8,1.0,Yes
STU104279,Tasmia Khan,25.0,Female,Single,3.28,3.54,0,96.9,Yes,No,18241.0,Medium,98.9,7.0,92.7,11.0,No
STU104280,Raisa Akter,19.0,Male,Single,2.58,2.49,1,81.5,Yes,No,66380.0,Medium,59.1,6.0,57.0,5.5,No
STU104281,Raisa Akter,18.0,Male,Single,2.31,2.14,0,67.5,Yes,No,32843.0,High,61.6,5.0,89.5,9.0,No
STU104282,Sumaiya Hasan,18.0,Male,Single,3.22,3.41,0,88.0,Yes,Yes,21089.0,Medium,88.2,6.0,81.0,11.4,No
STU104283,Raisa Chowdhury,21.0,Female,Single,2.6,3.0,0,73.2,Yes,Yes,32352.0,Medium,85.5,8.0,63.7,15.8,No
STU104284,Sadia Karim,23.0,Male,Single,2.36,2.32,3,68.5,Yes,No,61290.0,Medium,51.8,5.0,41.4,2.7,Yes
STU104285,Nabila Hossain,26.0,Male,Single,3.59,3.38,0,94.3,Yes,Yes,26825.0,Medium,96.0,5.0,95.6,16.8,No
STU104286,Mariya Ahmed,18.0,Female,Single,2.91,2.6,0,73.4,Yes,Yes,12000.0,Medium,85.3,9.0,81.2,4.5,No
STU104287,Arafat Hossain,18.0,Male,Single,2.35,1.85,2,66.0,Yes,No,41199.0,High,43.9,6.0,61.9,6.6,No
STU104288,Rakib Sultana,22.0,Female,Single,2.79,2.66,3,61.9,No,No,54811.0,Medium,49.2,6.0,62.9,11.6,Yes
STU104289,Mahin Hossain,27.0,Male,Single,3.96,3.88,0,94.6,Yes,No,70315.0,Low,80.9,6.0,73.7,15.6,No
STU104290,Shuvo Akter,22.0,Male,Single,3.05,3.04,0,83.7,Yes,No,78962.0,Low,70.5,4.0,70.7,9.8,No
STU104291,Tanjim Karim,22.0,Female,Single,2.71,2.87,0,75.2,No,Yes,41237.0,Medium,74.6,8.0,69.1,11.7,No
STU104292,Shuvo Islam,27.0,Female,Single,3.23,3.08,0,86.5,Yes,No,127977.0,Medium,76.6,5.0,79.9,11.7,Yes
STU104293,Jannat Chowdhury,23.0,Male,Single,2.8,3.33,0,84.5,No,Yes,,Low,78.4,5.0,58.5,12.1,No
STU104294,Sumaiya Chowdhury,25.0,Male,Single,2.77,2.43,0,82.0,Yes,No,39728.0,Medium,72.6,6.0,70.5,18.5,Yes
STU104295,Mariya Hasan,20.0,Female,Single,2.7,2.91,1,70.0,Yes,No,38375.0,High,63.8,3.0,59.2,14.2,No
STU104296,Sadia Khan,26.0,Male,Married,3.38,3.02,0,79.2,Yes,No,48670.0,Medium,58.1,6.0,65.6,12.7,No
STU104297,Mehedi Islam,18.0,Female,Single,3.09,2.83,0,81.9,No,No,59525.0,Medium,63.2,4.0,63.1,11.6,No
STU104298,Mim Ahmed,21.0,Female,Single,3.64,3.72,0,94.0,Yes,Yes,96969.0,Low,93.3,7.0,89.0,10.4,No
STU104299,Sakib Hasan,26.0,Male,Married,3.14,3.45,0,76.8,Yes,Yes,33417.0,Medium,82.9,8.0,92.7,13.4,Yes
STU104300,Sakib Ahmed,25.0,Female,Single,3.69,3.6,0,87.9,Yes,Yes,28941.0,Low,74.9,8.0,90.1,13.1,No
STU104301,Nusrat Akter,27.0,Male,Single,3.29,3.32,0,93.5,No,No,48630.0,Medium,75.9,8.0,70.2,18.2,No
STU104302,Jannat Karim,26.0,Female,Married,2.88,3.26,0,84.7,Yes,No,35367.0,High,71.5,8.0,84.3,9.2,No
STU104303,Rakib Sultana,18.0,Male,Single,2.94,2.57,0,75.7,No,No,24296.0,High,64.5,6.0,39.6,11.1,Yes
STU104304,Tasmia Karim,26.0,Female,Single,3.82,4.0,0,85.2,Yes,No,87263.0,Medium,99.5,4.0,93.8,15.6,No
STU104305,Mahin Chowdhury,20.0,Female,Single,3.59,3.38,0,80.3,No,No,85759.0,Low,98.8,7.0,70.7,16.8,No
STU104306,Hasan Khan,28.0,Female,Single,3.7,3.77,0,90.2,Yes,Yes,20061.0,High,90.7,8.0,94.7,14.5,No
STU104307,Sakib Chowdhury,27.0,Female,Single,2.55,2.71,0,61.8,Yes,No,41749.0,Medium,83.3,6.0,93.3,12.1,No
STU104308,Sakib Khan,26.0,Male,Single,2.16,1.8,2,61.5,No,No,61807.0,Low,41.9,4.0,57.6,3.0,Yes
STU104309,Shuvo Hasan,18.0,Male,Single,2.62,2.4,1,77.9,Yes,No,129506.0,Low,67.3,4.0,62.3,9.6,No
STU104310,Tanvir Khan,18.0,Female,Single,3.07,3.27,0,90.9,Yes,Yes,43488.0,High,79.4,7.0,64.2,18.1,No
STU104311,Rakib Islam,26.0,Female,Single,2.71,2.63,0,70.6,Yes,No,72340.0,Medium,75.5,5.0,74.3,13.1,No
STU104312,Nusrat Rahman,28.0,Female,Married,3.01,2.8,0,74.7,Yes,No,36735.0,High,81.0,6.0,74.8,15.2,Yes
STU104313,Hasan Rahman,23.0,Female,Single,2.8,2.86,0,81.5,Yes,No,57760.0,Low,67.1,7.0,69.6,16.8,No
STU104314,Tasmia Sultana,21.0,Male,Single,2.21,1.88,2,72.6,Yes,No,73885.0,Medium,64.2,5.0,64.1,3.7,No
STU104315,Mahin Hossain,24.0,Male,Single,3.19,2.84,1,74.4,Yes,No,54519.0,Low,60.8,8.0,76.4,9.5,No
STU104316,Fahim Hasan,22.0,Male,Single,3.01,2.3,2,69.2,Yes,No,45664.0,Medium,41.4,4.0,40.5,1.0,Yes
STU104317,Sumaiya Khan,27.0,Female,Single,3.6,3.71,0,90.7,Yes,No,76620.0,Medium,100.0,5.0,73.3,15.1,No
STU104318,Raisa Chowdhury,24.0,Male,Single,3.07,3.08,0,72.3,Yes,Yes,95456.0,Low,77.3,7.0,74.8,4.6,No
STU104319,Fahim Khan,25.0,Female,Married,3.35,3.51,0,100.0,Yes,Yes,48889.0,Medium,90.1,7.0,81.0,19.6,No
STU104320,Tanvir Karim,25.0,Male,Single,2.63,3.0,0,82.7,Yes,No,79413.0,Low,79.7,7.0,77.9,11.0,No
STU104321,Mariya Khan,18.0,Male,Single,3.16,3.08,1,76.5,Yes,No,33050.0,High,66.9,5.0,69.9,17.0,No
STU104322,Jannat Ahmed,25.0,Male,Single,3.36,3.34,0,95.0,Yes,No,36148.0,Medium,91.7,8.0,83.2,15.8,No
STU104323,Mahin Ahmed,23.0,Male,Single,3.25,3.35,0,86.0,Yes,No,,Medium,66.2,5.0,59.1,10.1,No
STU104324,Hasan Ahmed,21.0,Female,Single,2.9,2.73,0,78.2,No,No,12000.0,High,94.3,5.0,87.3,5.8,Yes
STU104325,Hasan Hasan,25.0,Male,Single,3.16,2.72,1,80.1,Yes,No,39471.0,Medium,57.2,6.0,78.9,1.0,Yes
STU104326,Jannat Akter,20.0,Male,Married,3.28,2.93,0,81.9,No,Yes,50695.0,Medium,61.4,6.0,66.1,5.8,No
STU104327,Tanvir Akter,21.0,Male,Single,3.54,3.53,0,80.7,Yes,Yes,23733.0,High,89.3,8.0,84.0,17.7,No
STU104328,Raisa Karim,23.0,Female,Single,2.75,3.05,0,92.0,Yes,Yes,81340.0,Low,68.4,2.0,84.7,14.5,No
STU104329,Mariya Hossain,28.0,Female,Married,2.5,2.97,2,62.3,Yes,No,43826.0,Medium,71.2,6.0,54.5,10.7,No
STU104330,Sakib Chowdhury,24.0,Male,Single,2.63,2.54,0,74.7,Yes,No,66618.0,Low,76.3,6.0,73.1,10.9,No
STU104331,Tanjim Hossain,21.0,Female,Single,3.07,3.12,0,99.6,Yes,Yes,103222.0,Low,69.7,7.0,84.0,7.1,No
STU104332,Arafat Khan,21.0,Male,Married,3.0,3.56,0,87.5,Yes,No,88555.0,Medium,83.2,7.0,87.8,11.5,No
STU104333,Rakib Hossain,24.0,Male,Single,3.28,3.44,0,71.2,Yes,No,37172.0,High,95.7,7.0,94.1,12.6,No
STU104334,Jannat Ahmed,23.0,Female,Single,3.37,3.42,0,95.5,Yes,Yes,24074.0,Medium,79.6,9.0,48.4,16.1,No
STU104335,Mahin Khan,28.0,Male,Single,2.15,2.21,2,67.2,No,No,36036.0,Medium,44.2,7.0,42.5,1.0,No
STU104336,Jannat Hossain,25.0,Female,Single,2.78,2.96,0,72.1,Yes,No,49050.0,Medium,70.3,8.0,53.5,14.0,No
STU104337,Adnan Rahman,18.0,Male,Single,3.1,2.73,1,86.3,Yes,Yes,16921.0,High,76.2,7.0,88.3,5.2,No
STU104338,Mariya Hasan,27.0,Female,Single,3.5,3.73,0,97.7,Yes,Yes,107756.0,Low,84.3,6.0,84.7,20.8,No
STU104339,Adnan Chowdhury,28.0,Male,Single,2.98,3.11,0,95.7,No,No,48106.0,Low,72.7,9.0,71.9,8.6,No
STU104340,Raisa Khan,24.0,Female,Single,3.61,3.94,0,80.8,No,No,39571.0,Medium,94.9,9.0,75.6,14.4,No
STU104341,Nusrat Khan,24.0,Female,Single,3.25,3.4,0,83.9,Yes,Yes,15546.0,High,100.0,9.0,83.2,18.6,No
STU104342,Fahim Rahman,28.0,Male,Single,3.17,3.48,0,83.2,Yes,No,45326.0,Medium,81.8,6.0,100.0,15.1,No
STU104343,Nabila Ahmed,24.0,Male,Single,2.95,2.67,0,71.0,Yes,Yes,47435.0,Low,60.7,4.0,65.8,9.8,Yes
STU104344,Sakib Rahman,24.0,Male,Single,2.99,2.81,0,85.6,Yes,No,28368.0,Low,71.6,4.0,64.4,13.6,No
STU104345,Tanvir Chowdhury,27.0,Female,Single,3.15,3.19,0,93.4,Yes,No,53004.0,Medium,63.8,6.0,53.4,12.5,No
STU104346,Tasmia Akter,27.0,Male,Single,2.91,2.69,1,72.4,No,No,41911.0,Medium,64.1,6.0,86.6,13.5,No
STU104347,Shuvo Hossain,25.0,Male,Single,3.5,3.76,0,89.5,No,Yes,18612.0,Medium,93.9,4.0,83.8,15.0,No
STU104348,Mim Hasan,26.0,Female,Single,3.4,2.97,0,83.1,Yes,No,65534.0,Medium,68.2,7.0,65.7,11.5,Yes
STU104349,Fahim Ahmed,26.0,Male,Single,3.54,3.49,0,95.7,Yes,Yes,175137.0,Low,67.0,3.0,53.2,17.1,No
STU104350,Rakib Chowdhury,19.0,Female,Single,2.53,2.36,1,74.0,Yes,No,120460.0,Medium,72.2,6.0,58.1,13.3,Yes
STU104351,Hasan Sultana,24.0,Male,Single,2.52,2.29,1,73.7,Yes,Yes,58973.0,Low,42.2,6.0,66.9,1.7,No
STU104352,Sadia Hasan,24.0,Male,Single,3.22,2.81,2,82.7,Yes,No,52411.0,High,63.1,9.0,42.0,7.3,No
STU104353,Tanvir Chowdhury,21.0,Female,Single,2.96,2.98,0,82.9,Yes,Yes,19641.0,Medium,94.4,7.0,69.2,13.2,No
STU104354,Mehedi Rahman,26.0,Female,Single,3.12,3.09,0,77.6,Yes,Yes,51679.0,Medium,79.7,6.0,71.8,13.0,No
STU104355,Arafat Islam,25.0,Male,Single,2.5,3.07,0,72.7,Yes,No,38290.0,High,50.0,5.0,65.6,12.0,No
STU104356,Arafat Chowdhury,18.0,Male,Single,2.34,3.09,0,77.2,Yes,No,12000.0,High,60.8,5.0,67.2,15.6,No
STU104357,Sumaiya Islam,19.0,Male,Married,3.1,2.78,1,79.5,Yes,Yes,36581.0,Medium,58.4,6.0,55.1,10.7,No
STU104358,Arafat Hasan,19.0,Male,Single,2.66,2.09,1,60.0,Yes,No,32807.0,Medium,39.3,3.0,44.2,2.8,Yes
STU104359,Mariya Ahmed,28.0,Male,Single,3.32,2.96,0,84.1,Yes,Yes,19237.0,High,59.2,4.0,57.4,13.7,No
STU104360,Mahin Hasan,25.0,Male,Single,2.72,2.7,0,66.0,Yes,No,42557.0,Medium,54.0,4.0,60.9,18.8,No
STU104361,Adnan Rahman,18.0,Female,Single,2.6,2.94,0,72.5,Yes,Yes,19962.0,Medium,79.1,8.0,65.8,10.5,No
STU104362,Sadia Khan,21.0,Female,Single,1.98,1.84,4,66.6,No,No,56223.0,High,50.8,6.0,51.5,1.0,Yes
STU104363,Sadia Akter,27.0,Male,Single,3.56,3.73,0,83.9,Yes,No,61173.0,Medium,65.3,6.0,83.5,11.0,No
STU104364,Tanvir Sultana,22.0,Male,Single,3.31,3.07,0,84.7,Yes,Yes,14473.0,Medium,100.0,10.0,100.0,19.6,No
STU104365,Nusrat Rahman,26.0,Male,Single,2.33,2.18,3,65.9,Yes,Yes,35877.0,Low,59.1,6.0,36.7,1.0,Yes
STU104366,Sumaiya Khan,24.0,Male,Single,2.1,2.15,3,80.2,Yes,No,34779.0,Medium,74.2,9.0,51.8,3.4,Yes
STU104367,Raisa Chowdhury,25.0,Female,Single,2.73,2.73,2,75.0,Yes,No,39522.0,Medium,48.6,7.0,59.0,10.0,No
STU104368,Fahim Sultana,28.0,Female,Single,3.43,3.42,0,76.1,Yes,No,12000.0,Medium,63.7,4.0,69.3,9.2,No
STU104369,Adnan Karim,26.0,Female,Single,2.76,2.44,1,80.0,No,No,55638.0,Medium,74.6,8.0,73.1,11.0,Yes
STU104370,Nusrat Chowdhury,24.0,Female,Single,2.91,,0,74.7,Yes,No,103753.0,Low,82.1,9.0,95.6,14.0,No
STU104371,Fahim Hasan,22.0,Male,Single,3.45,3.81,0,97.4,Yes,No,103615.0,Medium,95.2,5.0,100.0,7.9,No
STU104372,Sumaiya Karim,22.0,Male,Married,2.56,2.93,0,88.5,Yes,Yes,74215.0,Low,73.2,7.0,82.0,16.1,No
STU104373,Tanvir Hasan,27.0,Female,Single,2.69,2.49,0,80.6,Yes,Yes,14867.0,Medium,66.4,3.0,50.9,13.0,Yes
STU104374,Hasan Hossain,28.0,Male,Married,3.1,3.13,0,89.9,Yes,Yes,31836.0,Medium,90.4,7.0,80.0,10.6,No
STU104375,Fahim Hossain,23.0,Female,Single,2.87,2.72,0,90.3,Yes,Yes,59361.0,Medium,67.5,7.0,86.1,7.3,No
STU104376,Hasan Akter,22.0,Female,Single,2.61,2.31,0,76.3,No,No,57980.0,Medium,47.3,3.0,79.6,5.3,Yes
STU104377,Rakib Sultana,28.0,Female,Single,3.32,3.4,0,86.8,No,No,85231.0,Medium,86.1,8.0,77.1,18.1,No
STU104378,Hasan Sultana,26.0,Male,Single,3.23,2.6,1,78.0,Yes,No,38951.0,High,81.9,4.0,80.5,11.9,No
STU104379,Sadia Chowdhury,20.0,Male,Single,3.37,3.63,0,80.4,Yes,Yes,23003.0,Low,64.8,6.0,76.4,15.7,No
STU104380,Shuvo Karim,20.0,Female,Single,2.93,2.58,0,73.5,Yes,Yes,60240.0,Medium,67.3,6.0,79.8,13.5,Yes
STU104381,Mahin Rahman,24.0,Female,Single,2.21,2.11,1,72.4,No,No,34626.0,High,31.8,4.0,60.4,1.0,No
STU104382,Rakib Karim,24.0,Female,Single,3.0,2.32,2,70.5,Yes,Yes,96908.0,Low,69.4,5.0,33.0,2.6,Yes
STU104383,Nusrat Hasan,23.0,Female,Single,2.47,3.02,0,84.4,No,No,65128.0,High,66.0,7.0,77.1,17.5,No
STU104384,Nusrat Karim,20.0,Male,Single,2.09,2.29,0,71.8,Yes,Yes,36728.0,Medium,63.7,7.0,66.3,5.5,Yes
STU104385,Jannat Khan,24.0,Male,Single,2.88,,0,68.0,No,No,49366.0,Medium,70.3,9.0,73.3,10.3,No
STU104386,Mahin Ahmed,22.0,Male,Single,3.05,2.84,1,90.9,Yes,No,83145.0,Medium,74.0,10.0,58.6,9.3,No
STU104387,Tanjim Hasan,24.0,Male,Single,3.72,3.4,0,72.7,Yes,No,60238.0,Medium,83.6,5.0,68.4,12.9,No
STU104388,Raisa Hossain,19.0,Female,Single,2.46,2.4,0,84.5,Yes,Yes,48552.0,Low,88.0,6.0,77.7,9.9,No
STU104389,Shuvo Hossain,23.0,Female,Single,3.3,3.4,0,82.4,Yes,No,51689.0,Medium,76.7,6.0,81.6,13.2,Yes
STU104390,Arafat Hossain,25.0,Male,Single,2.28,2.21,1,74.5,Yes,No,38051.0,High,56.9,5.0,43.6,8.8,No
STU104391,Mahin Hasan,18.0,Male,Single,3.57,3.73,0,93.8,Yes,No,56456.0,Low,75.1,6.0,74.2,23.2,No
STU104392,Tanjim Khan,21.0,Male,Single,2.68,3.24,0,79.8,Yes,No,45564.0,Medium,56.4,6.0,83.1,11.3,No
STU104393,Sakib Karim,28.0,Female,Single,2.85,2.53,0,65.9,Yes,Yes,25440.0,Medium,57.4,4.0,90.3,12.9,No
STU104394,Jannat Karim,18.0,Male,Single,2.86,2.93,0,90.4,Yes,Yes,56938.0,Low,82.9,6.0,79.0,12.5,No
STU104395,Nabila Khan,18.0,Male,Single,3.34,3.86,0,94.9,Yes,No,60934.0,Medium,87.8,3.0,76.7,15.5,No
STU104396,Sumaiya Hasan,27.0,Male,Single,2.35,2.25,0,76.7,No,No,78298.0,Low,80.6,7.0,72.4,4.3,No
STU104397,Nusrat Akter,28.0,Male,Single,2.92,2.88,0,88.5,Yes,No,18824.0,High,76.2,5.0,82.1,9.5,No
STU104398,Mahin Akter,25.0,Female,Married,2.71,2.85,0,83.8,Yes,No,52134.0,Medium,91.7,6.0,90.2,1.3,No
STU104399,Tanvir Islam,24.0,Male,Single,3.99,4.0,0,89.5,Yes,No,36355.0,Medium,91.9,9.0,79.7,20.4,No
STU104400,Sadia Sultana,27.0,Male,Single,2.51,2.83,1,75.8,Yes,No,61633.0,Medium,60.8,5.0,53.3,10.6,No
STU104401,Tasmia Hossain,18.0,Male,Single,1.84,1.87,0,53.6,No,Yes,22847.0,Medium,36.5,5.0,38.4,3.6,Yes
STU104402,Adnan Ahmed,28.0,Male,Single,3.76,3.52,0,88.6,Yes,No,91788.0,Medium,56.3,7.0,61.2,9.2,No
STU104403,Arafat Hasan,19.0,Female,Single,3.22,3.39,0,76.0,Yes,Yes,24931.0,Medium,,7.0,85.1,14.0,No
STU104404,Mehedi Rahman,21.0,Male,Single,2.65,2.36,1,77.8,Yes,Yes,34085.0,Medium,70.8,8.0,59.0,8.7,No
STU104405,Mahin Chowdhury,18.0,Male,Married,2.99,,0,80.1,Yes,No,200008.0,Low,70.8,9.0,65.1,12.2,Yes
STU104406,Arafat Hasan,20.0,Female,Single,2.64,2.66,0,63.8,Yes,No,47365.0,Medium,53.8,5.0,60.0,5.9,No
STU104407,Sumaiya Chowdhury,25.0,Male,Single,2.12,2.14,1,71.5,No,No,81990.0,Medium,56.3,5.0,50.5,5.9,Yes
STU104408,Sumaiya Hossain,25.0,Female,Married,2.93,,0,77.2,Yes,No,51571.0,High,71.9,7.0,96.1,6.0,No
STU104409,Fahim Khan,25.0,Male,Single,2.92,3.22,0,96.2,Yes,Yes,90404.0,Low,77.5,4.0,81.3,15.8,No
STU104410,Mariya Rahman,23.0,Male,Married,3.15,3.34,0,66.7,Yes,No,70040.0,Low,80.9,7.0,86.3,16.0,No
STU104411,Mim Karim,23.0,Female,Single,2.56,2.77,0,72.7,Yes,Yes,29007.0,Medium,67.2,7.0,55.4,17.4,No
STU104412,Rakib Rahman,22.0,Female,Single,2.65,2.51,0,67.5,No,Yes,16931.0,Medium,83.2,4.0,75.0,5.8,No
STU104413,Hasan Akter,26.0,Female,Single,2.83,2.34,0,83.8,No,Yes,22302.0,Medium,62.3,4.0,75.4,6.2,No
STU104414,Rakib Hossain,21.0,Male,Single,2.56,2.44,1,76.4,No,No,34084.0,Medium,54.6,3.0,62.9,6.5,Yes
STU104415,Rakib Hasan,27.0,Male,Single,3.51,3.64,0,93.9,Yes,No,61392.0,Medium,83.9,7.0,100.0,12.0,No
STU104416,Rakib Chowdhury,24.0,Male,Single,3.38,3.39,0,75.1,Yes,No,78059.0,Medium,87.7,6.0,89.3,10.9,No
STU104417,Sumaiya Islam,18.0,Male,Single,2.77,2.64,1,67.4,Yes,Yes,43856.0,Medium,68.5,8.0,59.5,7.7,No
STU104418,Rakib Chowdhury,26.0,Female,Single,3.24,3.31,0,85.0,Yes,Yes,49301.0,Medium,74.0,7.0,73.4,8.1,No
STU104419,Tanvir Hossain,24.0,Male,Married,2.44,2.36,2,86.5,Yes,Yes,12596.0,Medium,49.5,7.0,58.4,9.2,Yes
STU104420,Shuvo Akter,27.0,Male,Single,2.79,2.81,0,85.3,Yes,No,38493.0,Medium,58.6,5.0,77.0,9.0,No
STU104421,Adnan Khan,26.0,Female,Single,3.66,3.06,1,71.6,Yes,No,42731.0,Medium,54.8,8.0,29.9,11.7,No
STU104422,Sadia Hossain,24.0,Male,Single,3.29,3.52,0,88.1,Yes,No,57601.0,Medium,100.0,4.0,76.8,17.5,No
STU104423,Mim Chowdhury,19.0,Female,Single,3.13,3.31,0,89.9,Yes,No,37613.0,High,72.8,7.0,76.2,14.5,No
STU104424,Mahin Rahman,23.0,Male,Married,2.84,3.47,0,73.5,Yes,No,34165.0,Medium,68.8,6.0,42.1,16.3,No
STU104425,Raisa Chowdhury,27.0,Male,Single,2.98,2.77,0,77.8,Yes,No,127132.0,Low,80.0,8.0,90.8,9.3,No
STU104426,Adnan Sultana,28.0,Female,Single,2.34,2.19,1,70.9,Yes,No,21085.0,High,58.1,5.0,62.6,14.8,Yes
STU104427,Mariya Rahman,21.0,Male,Single,2.85,2.91,0,97.4,Yes,No,95416.0,Low,92.4,9.0,81.4,12.4,No
STU104428,Adnan Sultana,20.0,Male,Single,3.17,3.16,0,84.1,Yes,No,63410.0,Medium,93.8,6.0,66.7,10.9,No
STU104429,Mahin Hossain,19.0,Female,Single,2.99,3.46,0,100.0,Yes,No,41985.0,Medium,100.0,7.0,100.0,10.8,No
STU104430,Fahim Chowdhury,23.0,Female,Single,2.99,2.87,1,71.2,Yes,No,151109.0,Low,60.3,5.0,46.9,3.7,No
STU104431,Jannat Khan,25.0,Female,Single,2.71,2.66,0,84.2,Yes,Yes,43432.0,Medium,41.6,5.0,68.8,21.9,No
STU104432,Tasmia Sultana,23.0,Female,Single,2.59,2.42,2,58.9,Yes,Yes,28089.0,Medium,33.3,2.0,71.5,5.6,Yes
STU104433,Mariya Chowdhury,26.0,Male,Single,2.55,3.01,0,87.6,Yes,No,50622.0,High,78.6,7.0,96.7,9.6,Yes
STU104434,Sumaiya Rahman,22.0,Female,Single,2.89,3.03,0,78.8,Yes,Yes,,Low,88.2,5.0,83.9,9.7,No
STU104435,Sakib Ahmed,19.0,Female,Single,3.33,3.8,0,85.5,Yes,No,60984.0,High,75.3,5.0,70.7,18.8,No
STU104436,Mahin Rahman,25.0,Male,Single,2.61,3.49,0,92.3,Yes,Yes,33433.0,High,90.2,9.0,93.1,12.3,No
STU104437,Raisa Khan,26.0,Female,Single,3.02,2.79,0,87.6,Yes,No,64876.0,Low,70.2,7.0,69.8,12.5,No
STU104438,Nabila Rahman,27.0,Male,Single,3.01,3.33,0,87.4,Yes,Yes,17492.0,Medium,100.0,10.0,91.1,18.1,No
STU104439,Sumaiya Islam,21.0,Male,Single,3.42,3.34,0,100.0,Yes,No,95139.0,Low,79.4,5.0,61.6,15.2,No
STU104440,Tasmia Khan,23.0,Female,Single,3.01,2.8,0,81.0,No,Yes,69876.0,Low,82.7,5.0,88.3,4.0,No
STU104441,Mahin Hasan,28.0,Male,Single,2.33,1.89,1,73.1,No,No,13649.0,High,53.6,4.0,50.8,9.8,Yes
STU104442,Mehedi Rahman,27.0,Male,Single,3.96,4.0,0,92.4,Yes,No,30091.0,Medium,94.9,8.0,100.0,20.7,No
STU104443,Mariya Islam,25.0,Male,Single,3.44,3.74,0,94.2,Yes,No,89310.0,Low,82.8,9.0,62.7,24.5,No
STU104444,Arafat Sultana,26.0,Female,Single,3.22,3.15,0,83.4,Yes,No,39648.0,High,82.0,7.0,71.2,15.7,No
STU104445,Arafat Karim,,Male,Single,2.74,2.93,0,72.2,Yes,No,44131.0,Medium,47.0,2.0,55.4,6.9,No
STU104446,Hasan Ahmed,23.0,Male,Single,2.86,2.31,2,73.9,Yes,No,97512.0,Low,41.0,4.0,41.7,3.4,No
STU104447,Raisa Khan,28.0,Female,Single,2.36,2.33,3,53.8,Yes,Yes,32475.0,High,34.1,4.0,35.4,3.1,Yes
STU104448,Mim Hossain,21.0,Female,Single,2.85,2.62,2,80.7,No,Yes,13833.0,Medium,70.1,8.0,65.9,7.2,Yes
STU104449,Nabila Karim,22.0,Male,Single,3.08,3.51,0,96.7,Yes,No,96244.0,Low,82.8,7.0,70.4,12.7,No
STU104450,Raisa Sultana,24.0,Female,Single,2.99,3.44,0,81.2,Yes,No,35383.0,Medium,53.8,5.0,52.9,14.0,No
STU104451,Rakib Karim,26.0,Female,Single,3.79,4.0,0,85.3,Yes,No,44349.0,High,89.1,7.0,78.2,15.7,No
STU104452,Sumaiya Islam,27.0,Female,Married,3.3,3.59,0,69.1,Yes,No,40434.0,High,60.0,4.0,75.8,20.2,Yes
STU104453,Sadia Rahman,28.0,Male,Single,3.44,3.24,0,83.5,Yes,Yes,,Low,89.5,7.0,96.4,8.5,No
STU104454,Fahim Akter,23.0,Female,Single,3.24,3.46,0,89.1,Yes,No,27993.0,Medium,89.8,8.0,74.2,14.8,No
STU104455,Mehedi Hasan,23.0,Male,Single,3.07,2.66,2,76.3,Yes,No,40759.0,Low,44.1,5.0,53.2,3.1,No
STU104456,Tanjim Akter,25.0,Male,Single,3.2,2.75,1,79.4,Yes,No,26597.0,Medium,72.6,3.0,73.7,9.0,No
STU104457,Sumaiya Hossain,28.0,Male,Single,2.11,2.08,2,66.2,Yes,No,95652.0,Low,70.5,7.0,82.3,8.8,No
STU104458,Adnan Islam,21.0,Female,Single,2.88,3.04,0,90.5,Yes,No,87824.0,Medium,63.0,6.0,91.6,13.5,No
STU104459,Sumaiya Karim,20.0,Male,Single,2.37,2.55,0,69.7,Yes,Yes,61003.0,Medium,67.1,7.0,41.4,15.8,No
STU104460,Tanjim Islam,24.0,Male,Married,2.47,2.09,1,63.3,Yes,No,59936.0,Medium,57.1,5.0,38.4,1.0,No
STU104461,Mahin Islam,22.0,Female,Single,3.54,3.07,1,67.4,Yes,No,17672.0,Medium,60.0,6.0,60.8,4.4,No
STU104462,Sumaiya Rahman,19.0,Female,Single,2.52,2.38,0,71.1,Yes,No,83826.0,Medium,68.1,3.0,55.6,4.5,No
STU104463,Rakib Sultana,19.0,Female,Single,2.4,2.14,0,64.8,Yes,Yes,35150.0,Medium,52.7,4.0,50.8,1.0,No
STU104464,Nusrat Akter,28.0,Male,Single,3.18,3.36,0,64.3,Yes,No,94566.0,Medium,57.3,7.0,45.9,14.6,No
STU104465,Nusrat Hasan,23.0,Male,Single,2.97,2.67,0,72.8,Yes,Yes,114462.0,Low,75.3,7.0,77.0,13.7,No
STU104466,Mariya Islam,25.0,Female,Married,3.2,3.78,0,95.6,Yes,No,39399.0,High,83.3,6.0,73.7,22.1,No
STU104467,Tanjim Chowdhury,18.0,Male,Single,3.79,3.9,0,91.8,Yes,No,13108.0,Medium,74.9,5.0,86.8,10.3,No
STU104468,Sumaiya Islam,28.0,Female,Single,3.26,3.21,0,89.4,Yes,No,51106.0,Medium,86.1,8.0,77.1,11.2,No
STU104469,Hasan Rahman,23.0,Male,Single,2.3,1.96,0,78.4,Yes,No,23813.0,High,64.7,3.0,69.0,1.0,No
STU104470,Sumaiya Rahman,19.0,Female,Single,3.42,3.02,1,76.3,No,Yes,32360.0,High,88.4,8.0,97.0,8.2,Yes
STU104471,Rakib Ahmed,19.0,Male,Single,2.9,2.8,0,78.4,Yes,No,40071.0,Medium,78.0,9.0,78.1,13.5,No
STU104472,Fahim Hasan,24.0,Male,Single,3.08,2.9,0,74.8,No,No,75779.0,Medium,67.0,4.0,70.4,3.0,No
STU104473,Tasmia Islam,27.0,Female,Single,2.26,1.74,1,71.1,No,No,57632.0,Medium,60.7,6.0,48.3,1.0,Yes
STU104474,Tanjim Hossain,18.0,Male,Married,3.23,3.64,0,100.0,Yes,Yes,104913.0,Low,77.5,7.0,76.2,15.3,No
STU104475,Arafat Rahman,23.0,Male,Single,2.41,2.08,0,62.9,Yes,Yes,29072.0,Medium,75.6,7.0,66.6,1.0,No
STU104476,Jannat Hasan,24.0,Female,Single,3.24,3.35,0,93.7,Yes,Yes,83638.0,Low,76.9,7.0,75.4,18.6,No
STU104477,Raisa Hossain,25.0,Male,Single,2.67,2.81,0,75.7,Yes,No,68914.0,Medium,51.1,7.0,42.1,6.8,No
STU104478,Mahin Karim,24.0,Male,Single,3.32,2.84,1,90.8,Yes,No,65175.0,High,65.6,4.0,62.1,17.4,Yes
STU104479,Mehedi Hasan,23.0,Male,Single,2.42,2.3,1,76.7,Yes,Yes,82933.0,Low,55.2,4.0,45.4,7.0,No
STU104480,Tanjim Chowdhury,26.0,Male,Single,2.3,1.87,2,61.8,Yes,Yes,71000.0,Medium,58.2,3.0,78.1,2.2,No
STU104481,Rakib Akter,20.0,Male,Single,2.76,2.88,0,78.9,Yes,Yes,18492.0,Medium,60.7,5.0,77.2,5.8,Yes
STU104482,Arafat Sultana,28.0,Female,Single,3.12,3.14,0,89.6,Yes,No,32753.0,High,74.2,8.0,73.3,8.1,No
STU104483,Jannat Karim,23.0,Female,Single,2.48,2.46,2,86.9,Yes,No,76917.0,Medium,63.4,6.0,61.9,1.9,No
STU104484,Tanvir Rahman,21.0,Male,Single,3.09,,1,85.0,No,Yes,58716.0,Medium,70.8,7.0,67.9,11.8,No
STU104485,Mahin Khan,19.0,Male,Single,3.39,3.75,0,84.0,No,Yes,79703.0,Medium,100.0,7.0,100.0,22.4,No
STU104486,Shuvo Islam,18.0,Female,Single,2.4,2.29,1,77.7,No,No,50347.0,Medium,69.3,3.0,60.5,9.5,No
STU104487,Nabila Ahmed,18.0,Female,Single,3.09,2.65,0,93.6,Yes,Yes,33603.0,Medium,65.7,6.0,100.0,3.7,No
STU104488,Tasmia Islam,28.0,Male,Single,3.24,2.96,0,85.9,Yes,Yes,28655.0,Medium,84.4,5.0,76.2,12.7,No
STU104489,Mehedi Khan,27.0,Female,Single,2.91,2.31,1,72.3,Yes,Yes,18195.0,High,55.8,4.0,40.5,6.0,No
STU104490,Sakib Ahmed,20.0,Female,Single,2.96,2.77,0,67.4,Yes,Yes,60143.0,Medium,88.9,5.0,83.3,10.6,No
STU104491,Sumaiya Hasan,21.0,Male,Single,2.37,2.09,2,79.8,Yes,Yes,20308.0,Medium,53.0,6.0,57.0,1.0,No
STU104492,Adnan Karim,19.0,Male,Single,3.2,3.41,0,84.1,Yes,No,45015.0,High,90.4,8.0,76.3,5.0,Yes
STU104493,Fahim Hasan,28.0,Male,Single,3.03,3.2,0,77.2,Yes,Yes,42243.0,Low,89.5,8.0,69.7,11.5,No
STU104494,Tasmia Akter,28.0,Female,Single,3.07,3.13,1,86.6,Yes,No,83063.0,Low,71.2,5.0,48.6,8.6,No
STU104495,Shuvo Karim,28.0,Female,Single,3.93,4.0,0,96.9,Yes,No,158873.0,Low,91.3,7.0,74.7,22.6,No
STU104496,Jannat Chowdhury,18.0,Female,Single,2.91,2.55,2,64.1,No,Yes,36361.0,High,50.9,3.0,59.4,9.6,Yes
STU104497,Mariya Karim,21.0,Male,Single,3.15,3.24,0,77.1,Yes,Yes,60063.0,Low,84.5,4.0,89.5,15.3,No
STU104498,Mehedi Karim,24.0,Female,Single,3.58,3.15,1,85.3,No,No,44955.0,High,100.0,8.0,100.0,10.8,No
STU104499,Sumaiya Karim,27.0,Female,Married,2.98,2.84,0,91.6,Yes,No,27497.0,Medium,84.1,8.0,100.0,17.3,No
STU104500,Sadia Chowdhury,28.0,Female,Single,2.68,2.78,0,77.3,Yes,No,86192.0,Low,75.6,7.0,59.1,18.4,Yes
STU104501,Sakib Chowdhury,23.0,Male,Single,3.18,3.02,0,80.3,Yes,No,56070.0,Low,65.9,4.0,52.2,14.3,No
STU104502,Tanjim Khan,23.0,Female,Single,2.69,3.18,0,77.2,Yes,Yes,62227.0,Low,89.1,8.0,71.5,11.9,No
STU104503,Mehedi Akter,28.0,Male,Married,3.54,3.44,0,96.6,Yes,No,73722.0,Medium,88.2,9.0,82.7,14.3,No
STU104504,Mahin Karim,26.0,Female,Single,3.23,3.47,0,91.7,No,Yes,74016.0,Medium,100.0,8.0,77.2,26.3,Yes
STU104505,Hasan Hasan,19.0,Female,Single,2.61,2.53,1,65.2,Yes,No,41103.0,Medium,81.0,8.0,72.0,10.5,No
STU104506,Tasmia Karim,21.0,Male,Single,2.44,2.48,1,89.8,Yes,No,80193.0,Low,69.6,5.0,65.0,13.5,No
STU104507,Tanvir Akter,22.0,Female,Single,3.07,2.96,0,100.0,Yes,Yes,41154.0,Medium,85.5,5.0,84.1,11.5,No
STU104508,Sadia Rahman,18.0,Male,Single,3.11,3.17,0,67.1,Yes,No,23204.0,High,72.4,2.0,72.5,9.1,Yes
STU104509,Raisa Hossain,25.0,Female,Single,2.44,2.96,2,78.8,Yes,No,59192.0,High,54.3,6.0,65.2,5.6,No
STU104510,Mim Sultana,25.0,Male,Single,3.35,3.82,0,74.6,Yes,No,94834.0,Medium,92.4,8.0,79.3,7.3,No
STU104511,Shuvo Islam,23.0,Female,Single,3.3,3.15,0,80.6,Yes,No,31155.0,High,74.5,6.0,84.4,10.5,No
STU104512,Mehedi Karim,22.0,Female,Married,3.15,3.09,0,69.5,No,No,18860.0,Medium,97.9,7.0,63.8,21.5,Yes
STU104513,Shuvo Ahmed,25.0,Male,Single,3.34,3.36,0,98.1,Yes,Yes,48240.0,Low,86.4,5.0,74.7,15.7,No
STU104514,Sakib Islam,20.0,Male,Single,2.55,2.75,0,76.7,Yes,No,25302.0,Medium,56.0,5.0,67.9,7.9,No
STU104515,Mahin Chowdhury,20.0,Male,Single,2.58,3.14,0,92.2,Yes,Yes,32928.0,Medium,86.3,6.0,77.6,9.1,Yes
STU104516,Rakib Hossain,19.0,Male,Single,2.88,3.27,0,85.7,No,Yes,47401.0,Medium,90.4,6.0,61.2,16.8,No
STU104517,Mehedi Islam,22.0,Female,Single,2.71,2.63,0,94.4,Yes,Yes,12000.0,Medium,82.2,7.0,62.9,12.9,No
STU104518,Tanjim Chowdhury,20.0,Female,Single,3.23,3.35,0,73.9,Yes,No,34998.0,Medium,80.8,6.0,66.3,16.3,No
STU104519,Mahin Karim,20.0,Female,Single,3.36,3.43,1,62.7,Yes,Yes,36438.0,Low,68.6,7.0,54.4,10.7,No
STU104520,Shuvo Chowdhury,23.0,Female,Single,2.68,2.5,0,72.8,Yes,No,124435.0,Medium,69.8,6.0,70.6,7.7,Yes
STU104521,Tanvir Rahman,25.0,Male,Single,2.61,2.91,1,74.9,Yes,Yes,41292.0,Medium,70.3,,53.9,10.5,No
STU104522,Tanjim Ahmed,19.0,Female,Single,3.38,2.63,1,61.7,Yes,No,145373.0,Low,46.6,,67.0,2.0,No
STU104523,Mehedi Akter,21.0,Female,Single,2.56,2.86,0,84.7,Yes,No,88784.0,Low,98.9,6.0,77.4,17.7,No
STU104524,Tanjim Ahmed,28.0,Male,Married,2.87,3.0,0,85.4,Yes,No,57581.0,Medium,80.6,9.0,64.0,7.7,No
STU104525,Mahin Islam,24.0,Male,Single,2.55,2.0,1,83.0,Yes,Yes,54786.0,Low,60.4,6.0,74.1,13.6,No
STU104526,Tanvir Chowdhury,18.0,Male,Single,2.73,2.42,0,86.7,No,No,53810.0,Medium,90.6,10.0,80.6,11.3,Yes
STU104527,Raisa Chowdhury,18.0,Female,Single,2.32,1.7,3,58.1,Yes,No,48479.0,Medium,23.1,2.0,24.5,1.6,Yes
STU104528,Fahim Hasan,27.0,Female,Single,3.58,4.0,0,79.6,Yes,No,19931.0,High,100.0,7.0,93.5,13.3,No
STU104529,Nabila Ahmed,24.0,Female,Single,3.46,3.16,1,64.8,Yes,Yes,54486.0,Low,58.2,5.0,50.2,11.9,No
STU104530,Nusrat Khan,24.0,Male,Single,2.64,2.91,0,79.5,Yes,Yes,47424.0,Low,91.1,7.0,87.5,16.6,No
STU104531,Adnan Khan,18.0,Female,Single,3.21,3.49,0,,Yes,No,50510.0,Medium,70.7,6.0,66.1,15.5,No
STU104532,Nabila Karim,18.0,Male,Single,2.35,2.32,1,77.0,Yes,Yes,117295.0,Low,51.0,5.0,33.6,6.8,Yes
STU104533,Tasmia Khan,21.0,Female,Single,3.28,3.08,2,62.0,No,No,40148.0,Medium,68.9,7.0,58.1,9.5,No
STU104534,Tanjim Rahman,22.0,Male,Single,2.6,2.76,0,81.3,Yes,Yes,25050.0,Medium,75.1,7.0,99.8,12.4,No
STU104535,Sakib Hossain,22.0,Male,Married,3.55,3.61,0,91.6,No,Yes,33059.0,Medium,75.2,8.0,94.2,13.7,No
STU104536,Sakib Akter,21.0,Female,Single,3.23,3.51,0,80.3,Yes,Yes,71244.0,Low,71.1,3.0,80.6,15.7,No
STU104537,Mim Sultana,25.0,Female,Single,2.84,2.48,3,73.9,Yes,No,52620.0,High,49.9,7.0,70.8,11.6,No
STU104538,Tasmia Rahman,24.0,Male,Single,2.82,3.12,0,80.8,Yes,No,46154.0,Medium,89.9,6.0,82.0,18.6,No
STU104539,Hasan Karim,26.0,Male,Single,3.07,3.47,0,96.4,Yes,Yes,21142.0,Medium,89.9,,87.4,16.2,No
STU104540,Adnan Hossain,24.0,Male,Single,2.58,2.51,0,91.0,Yes,No,86965.0,Medium,79.7,7.0,75.1,5.4,No
STU104541,Sakib Hossain,27.0,Male,Single,3.51,3.22,0,84.0,Yes,No,32144.0,High,72.6,8.0,61.4,12.2,No
STU104542,Sakib Hossain,18.0,Male,Single,3.14,2.99,0,89.7,Yes,No,54869.0,Medium,84.0,9.0,66.5,14.5,No
STU104543,Arafat Hossain,24.0,Female,Single,3.43,3.24,0,71.8,Yes,No,42583.0,High,58.4,7.0,72.6,14.4,No
STU104544,Fahim Akter,18.0,Female,Married,1.9,1.84,1,65.5,Yes,No,18785.0,Medium,41.8,7.0,33.8,7.9,No
STU104545,Mim Hossain,24.0,Male,Single,3.01,2.79,0,83.6,No,No,55168.0,Medium,85.2,5.0,72.6,7.0,No
STU104546,Hasan Khan,27.0,Female,Single,3.11,3.25,0,80.0,Yes,No,23281.0,High,81.7,10.0,87.3,18.0,No
STU104547,Mariya Akter,25.0,Male,Single,3.0,3.19,0,81.0,Yes,No,54148.0,Medium,99.4,7.0,100.0,17.5,No
STU104548,Hasan Rahman,28.0,Male,Single,3.01,2.9,0,72.5,Yes,Yes,33734.0,Medium,79.0,5.0,87.3,17.1,No
STU104549,Tanjim Chowdhury,26.0,Male,Single,2.86,2.27,0,91.7,Yes,Yes,40491.0,Low,55.2,3.0,51.8,2.2,No
STU104550,Sakib Islam,20.0,Female,Single,4.0,4.0,0,81.4,Yes,No,66481.0,Medium,97.2,7.0,87.1,30.0,No
STU104551,Mahin Karim,21.0,Male,Single,3.11,2.67,2,80.3,Yes,Yes,22480.0,Medium,47.3,1.0,43.3,3.1,No
STU104552,Fahim Karim,21.0,Male,Married,3.06,3.13,0,78.5,Yes,No,247367.0,Low,84.3,6.0,78.0,10.9,No
STU104553,Sumaiya Khan,26.0,Male,Single,3.42,3.44,0,91.1,Yes,Yes,28264.0,Medium,81.2,6.0,89.2,12.0,No
STU104554,Hasan Rahman,24.0,Male,Single,2.75,2.65,0,73.5,No,No,66064.0,Medium,60.2,6.0,51.5,11.9,No
STU104555,Fahim Ahmed,20.0,Male,Single,2.42,2.61,0,75.7,Yes,Yes,73895.0,Low,69.1,5.0,67.3,10.9,No
STU104556,Adnan Karim,27.0,Female,Single,3.41,3.52,0,89.8,Yes,No,104246.0,Low,70.4,4.0,41.8,13.4,No
STU104557,Jannat Akter,22.0,Female,Married,2.85,2.97,2,81.2,Yes,Yes,31155.0,High,63.2,6.0,55.6,15.7,No
STU104558,Hasan Hasan,24.0,Female,Single,3.61,3.86,0,96.8,Yes,Yes,29820.0,Medium,66.3,7.0,69.6,19.1,No
STU104559,Jannat Hossain,25.0,Male,Single,3.58,3.46,0,85.9,Yes,No,82271.0,Low,95.6,8.0,73.7,13.9,Yes
STU104560,Fahim Sultana,18.0,Male,Single,1.95,1.83,3,73.3,No,No,60712.0,Medium,50.2,2.0,28.1,1.0,Yes
STU104561,Mahin Rahman,19.0,Male,Single,3.03,3.36,0,86.9,Yes,No,61459.0,High,79.9,8.0,67.2,18.7,No
STU104562,Jannat Akter,24.0,Male,Single,3.48,3.68,0,86.1,Yes,No,97059.0,Low,91.2,9.0,65.4,12.9,No
STU104563,Shuvo Hasan,28.0,Female,Single,2.21,2.07,0,82.2,Yes,Yes,47427.0,Low,51.0,6.0,91.5,8.5,No
STU104564,Adnan Hasan,19.0,Male,Single,3.16,2.56,3,70.5,Yes,No,49707.0,Medium,51.5,7.0,48.9,1.0,Yes
STU104565,Shuvo Khan,24.0,Male,Single,3.3,3.41,0,87.5,Yes,No,93482.0,Medium,89.8,9.0,93.6,15.1,No
STU104566,Mahin Islam,26.0,Female,Single,2.98,3.12,0,74.1,Yes,Yes,49579.0,Medium,64.2,6.0,54.4,18.2,No
STU104567,Adnan Chowdhury,28.0,Male,Single,2.98,2.61,2,67.1,No,Yes,25760.0,Medium,72.0,6.0,54.1,10.4,No
STU104568,Rakib Khan,19.0,Female,Single,3.54,3.28,0,87.9,Yes,Yes,27454.0,Medium,78.5,7.0,59.5,20.5,No
STU104569,Fahim Rahman,24.0,Male,Single,2.33,2.21,2,61.7,Yes,No,38844.0,Medium,29.5,4.0,45.1,1.5,Yes
STU104570,Arafat Islam,21.0,Female,Single,3.37,3.51,0,86.3,Yes,No,54743.0,Medium,86.2,8.0,69.1,16.5,No
STU104571,Nabila Hasan,28.0,Male,Single,3.21,3.95,0,72.5,Yes,No,76229.0,Medium,80.2,6.0,76.8,16.6,No
STU104572,Mariya Karim,19.0,Female,Single,3.59,3.92,0,100.0,Yes,No,168230.0,Low,100.0,7.0,86.5,18.6,No
STU104573,Rakib Chowdhury,24.0,Male,Single,2.57,2.12,2,75.0,No,No,39296.0,Medium,51.4,6.0,59.3,1.0,Yes
STU104574,Tanvir Akter,22.0,Female,Single,3.66,3.53,0,,Yes,No,20822.0,High,92.3,8.0,74.7,16.1,No
STU104575,Tasmia Chowdhury,18.0,Male,Married,2.38,2.35,2,84.3,Yes,Yes,18718.0,Medium,55.9,2.0,51.7,5.0,No
STU104576,Sadia Chowdhury,22.0,Female,Single,2.85,3.0,1,71.0,Yes,No,39996.0,Medium,48.6,7.0,80.8,7.7,No
STU104577,Mim Hasan,20.0,Male,Married,2.48,2.23,2,64.8,Yes,No,44757.0,Medium,56.1,8.0,42.0,3.3,Yes
STU104578,Adnan Hossain,24.0,Male,Single,3.33,3.5,0,90.6,Yes,No,63097.0,Medium,88.6,6.0,81.4,14.0,No
STU104579,Adnan Karim,23.0,Female,Single,2.66,2.5,1,83.4,Yes,No,172898.0,Low,77.4,5.0,72.5,12.9,No
STU104580,Tasmia Akter,25.0,Female,Single,3.51,3.69,0,82.3,Yes,No,63215.0,Medium,63.5,5.0,61.1,15.6,Yes
STU104581,Mehedi Rahman,22.0,Male,Single,2.24,2.26,1,77.2,Yes,Yes,47185.0,Medium,67.1,5.0,47.7,6.2,Yes
STU104582,Rakib Akter,19.0,Female,Single,2.8,3.41,0,88.3,Yes,No,78061.0,Medium,88.0,7.0,69.4,17.0,No
STU104583,Jannat Hasan,26.0,Male,Single,3.8,4.0,0,89.8,Yes,No,18836.0,High,94.6,6.0,77.8,20.1,No
STU104584,Tanvir Sultana,28.0,Female,Single,2.66,3.05,1,74.5,Yes,No,51624.0,High,39.5,7.0,45.3,8.6,Yes
STU104585,Sakib Sultana,25.0,Female,Single,3.48,3.16,0,90.9,No,No,18388.0,Medium,93.0,8.0,71.1,9.5,No
STU104586,Hasan Sultana,23.0,Male,Single,3.31,3.15,0,65.1,Yes,No,97603.0,Medium,58.7,6.0,60.1,2.2,No
STU104587,Mahin Rahman,27.0,Female,Single,2.41,2.51,2,73.3,Yes,Yes,21412.0,Medium,69.6,,66.8,14.7,Yes
STU104588,Sakib Khan,24.0,Female,Single,3.1,2.73,0,73.6,Yes,No,77772.0,Medium,90.1,,65.1,11.2,Yes
STU104589,Tanjim Ahmed,26.0,Male,Single,3.69,4.0,0,88.9,Yes,No,70346.0,Medium,99.8,9.0,85.2,15.4,Yes
STU104590,Raisa Khan,24.0,Female,Single,2.82,2.85,1,71.6,No,No,101214.0,Medium,69.4,6.0,66.1,7.1,Yes
STU104591,Mariya Karim,20.0,Male,Single,2.69,3.02,0,71.3,No,Yes,27117.0,Medium,70.0,6.0,68.1,15.6,Yes
STU104592,Hasan Khan,23.0,Female,Single,3.15,3.29,0,78.5,No,No,43581.0,Medium,79.8,8.0,88.8,22.2,No
STU104593,Nabila Chowdhury,28.0,Female,Single,2.9,2.92,0,76.3,Yes,No,77265.0,High,60.4,7.0,78.6,14.8,No
STU104594,Nabila Islam,28.0,Male,Single,2.33,2.29,0,74.2,Yes,No,54473.0,Medium,69.6,4.0,76.0,4.9,Yes
STU104595,Tanvir Akter,24.0,Female,Single,2.9,2.67,2,73.2,Yes,No,58948.0,Medium,58.6,7.0,68.3,14.6,No
STU104596,Tanjim Hasan,19.0,Female,Married,2.78,2.53,1,80.9,Yes,No,67520.0,Medium,51.8,8.0,63.3,14.8,Yes
STU104597,Mim Karim,20.0,Female,Single,2.94,3.21,0,97.0,No,No,37484.0,High,71.9,,76.5,5.1,No
STU104598,Nusrat Chowdhury,21.0,Male,Single,1.92,2.12,1,72.6,Yes,Yes,26498.0,Medium,57.4,5.0,48.1,12.5,No
STU104599,Sakib Ahmed,,Male,Single,3.16,3.53,0,76.9,Yes,Yes,29130.0,Medium,64.5,7.0,66.4,10.5,No
STU104600,Jannat Hossain,23.0,Female,Married,2.26,2.1,0,81.8,Yes,No,42843.0,Medium,65.4,4.0,84.4,8.2,No
STU104601,Mehedi Karim,18.0,Male,Single,3.34,3.67,0,89.8,Yes,No,29862.0,High,100.0,8.0,82.5,24.4,No
STU104602,Tasmia Sultana,26.0,Male,Single,3.48,3.43,0,76.5,Yes,No,38458.0,High,81.2,7.0,74.8,11.2,No
STU104603,Nusrat Chowdhury,22.0,Female,Single,2.11,2.28,0,76.9,No,No,44419.0,Medium,63.0,3.0,79.5,10.9,Yes
STU104604,Jannat Karim,24.0,Male,Single,3.58,3.97,0,95.8,Yes,No,103740.0,Medium,82.8,5.0,76.8,21.3,No
STU104605,Mim Rahman,26.0,Female,Single,2.95,3.57,0,78.9,Yes,Yes,24603.0,Low,86.4,10.0,78.3,17.4,No
STU104606,Adnan Sultana,26.0,Female,Single,3.48,3.81,0,83.4,Yes,No,29648.0,High,68.1,6.0,69.4,11.1,No
STU104607,Mim Ahmed,18.0,Female,Single,3.42,3.48,0,86.5,Yes,No,43962.0,Medium,81.8,7.0,72.7,15.8,No
STU104608,Hasan Akter,18.0,Male,Single,2.35,2.52,1,72.5,No,Yes,25534.0,High,64.2,8.0,67.7,5.0,No
STU104609,Adnan Ahmed,20.0,Male,Single,2.62,2.99,1,65.0,Yes,Yes,12000.0,Medium,58.0,8.0,55.0,13.1,No
STU104610,Arafat Karim,23.0,Male,Single,3.73,3.94,0,100.0,Yes,Yes,32074.0,High,96.6,6.0,77.7,23.7,No
STU104611,Shuvo Karim,19.0,Female,Single,2.44,2.32,1,68.2,No,No,38965.0,High,82.1,6.0,81.6,14.4,No
STU104612,Arafat Sultana,27.0,Male,Single,3.16,3.35,0,78.5,Yes,No,49738.0,Medium,84.7,6.0,68.1,19.4,No
STU104613,Nusrat Akter,28.0,Female,Single,2.66,3.05,0,79.0,Yes,Yes,26415.0,Medium,89.5,8.0,99.1,6.1,No
STU104614,Fahim Hasan,18.0,Female,Single,2.59,3.14,0,82.1,Yes,No,112930.0,Low,87.6,6.0,60.8,8.5,No
STU104615,Tanvir Hasan,18.0,Female,Married,2.99,3.01,1,81.9,No,No,68982.0,Medium,89.6,10.0,52.6,6.7,Yes
STU104616,Mariya Sultana,22.0,Male,Single,3.99,3.65,1,74.5,Yes,Yes,,Medium,71.2,3.0,63.5,13.3,Yes
STU104617,Tanjim Rahman,21.0,Male,Married,3.35,2.81,2,85.7,Yes,Yes,32150.0,Medium,42.7,2.0,52.9,11.1,Yes
STU104618,Raisa Islam,18.0,Female,Single,2.53,2.76,0,67.2,Yes,No,30842.0,Medium,64.0,5.0,49.3,9.8,No
STU104619,Nabila Islam,,Male,Single,3.09,2.63,0,74.9,No,Yes,24948.0,Medium,57.2,6.0,66.6,6.9,No
STU104620,Mehedi Karim,20.0,Male,Single,2.16,2.26,2,76.9,No,No,84593.0,Medium,50.7,8.0,53.9,1.0,Yes
STU104621,Mahin Rahman,19.0,Male,Single,1.99,2.31,1,79.7,Yes,Yes,25028.0,Medium,53.5,5.0,70.6,11.4,No
STU104622,Mahin Ahmed,26.0,Female,Single,3.08,3.03,0,57.0,Yes,No,47672.0,Medium,73.2,7.0,71.1,14.9,No
STU104623,Fahim Khan,28.0,Female,Single,3.32,2.87,2,74.3,Yes,Yes,33829.0,Medium,80.5,8.0,68.4,12.0,No
STU104624,Tasmia Rahman,18.0,Female,Single,3.7,3.32,0,85.0,Yes,No,40326.0,Medium,94.7,7.0,89.0,12.6,No
STU104625,Jannat Rahman,24.0,Female,Single,3.17,2.89,0,83.2,Yes,No,79257.0,Medium,73.6,6.0,76.2,13.1,No
STU104626,Mim Chowdhury,21.0,Male,Single,3.0,2.97,0,76.2,No,Yes,53588.0,High,51.2,4.0,58.5,8.1,Yes
STU104627,Rakib Rahman,22.0,Female,Single,2.85,3.21,0,81.3,Yes,No,54960.0,High,68.7,6.0,54.1,12.6,No
STU104628,Nabila Akter,27.0,Male,Single,3.24,3.24,0,88.5,Yes,No,53543.0,Medium,63.5,8.0,70.9,15.9,Yes
STU104629,Rakib Hasan,22.0,Female,Single,2.45,3.1,1,86.4,Yes,No,58707.0,Medium,73.7,6.0,81.9,7.0,No
STU104630,Tasmia Hossain,18.0,Male,Single,2.69,3.01,0,69.1,Yes,Yes,25284.0,Medium,80.4,6.0,58.0,13.1,No
STU104631,Mahin Hossain,23.0,Male,Single,2.47,2.56,0,82.6,Yes,No,30952.0,Medium,95.9,7.0,72.0,16.7,No
STU104632,Nusrat Khan,26.0,Male,Single,2.76,2.74,0,83.0,No,Yes,55170.0,High,74.0,6.0,63.9,18.6,No
STU104633,Sumaiya Chowdhury,19.0,Male,Single,2.67,2.52,2,79.7,Yes,Yes,30237.0,High,35.1,5.0,53.8,1.0,No
STU104634,Adnan Akter,24.0,Female,Single,2.64,2.69,2,65.7,Yes,No,37082.0,Medium,39.5,3.0,50.8,7.3,Yes
STU104635,Nabila Islam,23.0,Male,Married,2.71,2.87,0,84.9,Yes,No,,Medium,73.0,7.0,58.7,9.0,No
STU104636,Tasmia Hasan,22.0,Male,Single,3.09,3.19,1,63.7,Yes,No,82588.0,Low,90.3,7.0,79.5,19.0,No
STU104637,Arafat Rahman,21.0,Male,Single,3.57,3.42,0,82.0,Yes,Yes,71993.0,Low,93.2,8.0,75.8,11.0,No
STU104638,Raisa Rahman,21.0,Female,Single,3.13,2.82,0,77.6,Yes,Yes,108416.0,Low,51.1,6.0,54.9,12.4,No
STU104639,Nabila Ahmed,23.0,Male,Single,2.74,3.3,0,85.1,No,No,48779.0,Medium,62.2,4.0,57.3,4.7,No
STU104640,Adnan Akter,21.0,Female,Single,3.2,3.39,0,91.6,No,No,48019.0,Medium,54.4,4.0,51.6,15.0,No
STU104641,Nabila Chowdhury,22.0,Male,Single,3.05,3.16,0,73.4,Yes,Yes,31273.0,Medium,82.6,5.0,58.7,17.1,No
STU104642,Jannat Akter,23.0,Male,Single,3.08,3.23,0,94.6,Yes,No,61051.0,Medium,75.1,5.0,79.8,10.9,No
STU104643,Rakib Rahman,22.0,Male,Single,2.99,3.32,0,63.4,Yes,No,89726.0,Low,65.0,5.0,94.6,4.4,No
STU104644,Adnan Ahmed,24.0,Female,Single,3.78,3.64,0,71.9,No,No,33028.0,High,91.5,10.0,80.7,20.6,No
STU104645,Adnan Karim,26.0,Female,Single,3.04,3.01,0,90.5,Yes,No,57508.0,Medium,66.6,7.0,73.2,3.9,No
STU104646,Sadia Islam,27.0,Male,Single,2.75,2.52,3,70.1,Yes,Yes,83267.0,Low,42.2,3.0,49.5,1.0,No
STU104647,Mehedi Rahman,24.0,Female,Single,2.65,2.65,1,91.5,No,No,28438.0,High,73.0,4.0,74.3,11.3,No
STU104648,Fahim Sultana,24.0,Female,Single,3.41,3.2,1,87.5,Yes,No,60861.0,Medium,74.0,10.0,57.6,15.7,No
STU104649,Arafat Chowdhury,21.0,Male,Single,2.47,2.16,2,69.4,Yes,Yes,62796.0,Medium,64.1,6.0,57.8,6.2,Yes
STU104650,Rakib Hossain,18.0,Female,Single,3.61,3.12,2,72.6,Yes,Yes,13218.0,Medium,53.1,3.0,50.2,2.3,No
STU104651,Jannat Ahmed,25.0,Male,Single,2.14,2.63,0,73.4,No,No,33518.0,Low,71.6,5.0,78.8,2.7,No
STU104652,Arafat Islam,21.0,Female,Single,3.55,3.45,0,88.9,Yes,No,24365.0,Medium,77.9,4.0,76.0,14.2,No
STU104653,Rakib Rahman,18.0,Male,Single,3.36,3.5,0,80.8,Yes,Yes,33959.0,Medium,79.1,6.0,86.9,21.0,No
STU104654,Fahim Islam,22.0,Male,Single,2.8,2.83,0,82.9,Yes,No,35783.0,High,71.6,6.0,74.7,16.6,Yes
STU104655,Tanvir Karim,25.0,Male,Single,2.66,2.81,2,68.4,No,No,44085.0,Medium,54.4,7.0,69.9,8.6,Yes
STU104656,Sadia Chowdhury,21.0,Female,Single,3.55,2.95,2,77.4,Yes,Yes,74092.0,Medium,75.5,4.0,77.2,8.8,No
STU104657,Tanjim Ahmed,25.0,Female,Single,3.81,3.67,0,100.0,No,No,88013.0,Medium,91.8,,81.6,8.8,No
STU104658,Mariya Khan,25.0,Female,Single,2.72,3.07,0,87.6,No,No,49543.0,Medium,63.1,6.0,48.4,10.1,No
STU104659,Mahin Karim,20.0,Male,Married,3.26,3.84,0,84.5,Yes,No,91883.0,Medium,89.1,8.0,87.8,13.9,No
STU104660,Hasan Islam,26.0,Male,Single,3.44,3.33,0,87.8,No,No,71047.0,Low,76.8,8.0,87.2,18.8,No
STU104661,Tasmia Ahmed,20.0,Male,Single,3.27,3.2,0,86.1,Yes,No,42934.0,Medium,73.7,3.0,73.0,13.1,No
STU104662,Fahim Khan,18.0,Male,Single,3.02,3.34,0,86.6,Yes,No,100781.0,Medium,89.3,7.0,79.7,12.7,No
STU104663,Rakib Rahman,19.0,Male,Single,2.82,2.96,1,82.1,Yes,No,46688.0,Medium,67.8,7.0,63.8,9.6,No
STU104664,Tasmia Khan,23.0,Female,Single,3.13,3.13,0,91.2,Yes,No,51567.0,Medium,82.0,8.0,75.2,12.9,No
STU104665,Nusrat Khan,27.0,Female,Single,2.06,2.04,3,75.0,No,Yes,26424.0,High,57.3,5.0,54.0,5.5,Yes
STU104666,Sumaiya Sultana,19.0,Male,Single,3.6,3.43,0,85.5,Yes,No,54852.0,Low,81.7,7.0,88.8,20.8,No
STU104667,Mim Ahmed,23.0,Female,Single,2.23,2.05,3,53.0,Yes,Yes,56752.0,High,13.9,5.0,25.9,1.0,Yes
STU104668,Sumaiya Chowdhury,18.0,Female,Single,2.62,2.66,0,80.1,No,No,72462.0,Medium,83.0,6.0,84.0,3.8,No
STU104669,Nabila Hasan,28.0,Female,Single,2.85,2.94,0,80.1,Yes,No,39758.0,Medium,51.1,5.0,66.0,5.8,No
STU104670,Tasmia Chowdhury,18.0,Female,Single,2.55,2.66,2,78.2,Yes,Yes,30155.0,Medium,48.7,5.0,54.9,6.1,No
STU104671,Mehedi Chowdhury,22.0,Female,Married,2.49,2.29,1,62.4,Yes,No,56359.0,Medium,51.5,4.0,72.1,4.3,No
STU104672,Tanjim Islam,27.0,Female,Single,3.63,4.0,0,94.5,Yes,No,,Medium,91.5,5.0,67.1,13.6,No
STU104673,Rakib Islam,28.0,Male,Single,3.81,3.32,0,85.7,Yes,No,37379.0,Medium,61.1,5.0,49.3,23.5,No
STU104674,Tanvir Islam,26.0,Male,Married,3.7,3.86,0,80.1,Yes,Yes,28345.0,Medium,87.8,8.0,71.0,21.7,No
STU104675,Tanjim Chowdhury,25.0,Female,Single,3.38,3.21,0,65.0,Yes,Yes,35871.0,Medium,83.4,8.0,72.0,10.6,Yes
STU104676,Adnan Islam,20.0,Male,Single,4.0,3.74,0,95.7,Yes,No,107751.0,Medium,86.5,7.0,85.6,16.6,No
STU104677,Sadia Hasan,20.0,Male,Single,2.88,2.78,1,68.4,Yes,Yes,26341.0,Medium,60.0,5.0,58.2,12.6,No
STU104678,Jannat Hasan,18.0,Male,Single,2.84,2.36,0,63.6,Yes,Yes,25953.0,Medium,75.6,4.0,67.0,11.3,No
STU104679,Mim Islam,20.0,Female,Single,3.01,3.11,0,77.8,Yes,No,125749.0,Low,69.6,8.0,86.9,13.2,No
STU104680,Nusrat Hossain,28.0,Female,Single,3.64,4.0,0,100.0,Yes,No,41285.0,High,64.4,3.0,64.5,12.9,No
STU104681,Adnan Ahmed,18.0,Male,Single,3.26,3.07,1,81.3,No,No,22967.0,High,75.3,4.0,73.7,14.5,No
STU104682,Hasan Karim,25.0,Male,Single,3.78,,0,94.0,Yes,Yes,20679.0,High,85.4,7.0,76.8,20.3,No
STU104683,Shuvo Ahmed,18.0,Female,Single,3.03,2.77,0,79.7,Yes,No,61702.0,Medium,63.8,6.0,88.3,10.4,No
STU104684,Jannat Karim,22.0,Male,Married,2.33,2.2,0,78.3,Yes,No,54111.0,Medium,84.2,9.0,83.3,6.9,Yes
STU104685,Raisa Akter,26.0,Male,Single,2.7,3.1,0,81.0,Yes,Yes,61978.0,Low,64.7,7.0,75.5,12.1,No
STU104686,Rakib Islam,24.0,Female,Married,3.46,3.1,0,78.6,Yes,Yes,28019.0,Medium,67.9,7.0,63.6,12.1,No
STU104687,Shuvo Hossain,21.0,Male,Single,2.78,2.71,0,73.9,Yes,No,23418.0,High,57.7,6.0,82.6,1.0,No
STU104688,Nabila Rahman,28.0,Male,Single,3.04,3.56,0,83.7,Yes,No,60526.0,Low,90.8,3.0,89.8,12.0,No
STU104689,Mariya Akter,26.0,Female,Single,3.11,2.76,1,98.8,No,Yes,25317.0,Medium,86.1,7.0,65.5,8.5,No
STU104690,Adnan Hasan,26.0,Male,Single,3.81,3.99,0,95.1,Yes,No,41097.0,Medium,100.0,9.0,89.0,16.5,No
STU104691,Rakib Islam,19.0,Female,Single,3.4,3.55,0,78.7,Yes,No,27654.0,Medium,83.2,4.0,97.6,10.2,No
STU104692,Tasmia Islam,27.0,Male,Single,3.31,2.73,0,67.9,No,Yes,111402.0,Low,71.8,6.0,89.0,4.3,Yes
STU104693,Tasmia Akter,27.0,Male,Single,3.07,2.89,1,77.3,Yes,Yes,74736.0,Medium,74.9,4.0,43.0,10.8,No
STU104694,Sakib Akter,28.0,Male,Single,2.63,3.34,0,69.3,Yes,No,191685.0,Low,88.6,8.0,77.8,18.5,No
STU104695,Sadia Sultana,23.0,Male,Single,3.11,3.18,0,91.6,Yes,Yes,63940.0,Medium,100.0,6.0,84.9,11.5,No
STU104696,Shuvo Hossain,21.0,Female,Single,3.98,4.0,0,67.0,Yes,Yes,53460.0,Low,87.7,10.0,79.0,20.9,No
STU104697,Nusrat Islam,25.0,Female,Single,3.23,3.3,0,81.6,Yes,Yes,65400.0,Medium,71.5,7.0,57.2,12.4,No
STU104698,Fahim Hossain,28.0,Female,Single,2.75,3.36,0,68.7,Yes,Yes,18942.0,Medium,49.9,5.0,60.5,16.7,No
STU104699,Hasan Sultana,24.0,Male,Single,2.81,2.52,1,79.2,Yes,No,16880.0,High,76.6,6.0,63.3,10.3,No
STU104700,Mehedi Akter,24.0,Female,Single,3.64,3.43,0,78.7,Yes,No,66550.0,Low,94.5,8.0,99.5,14.1,No
STU104701,Sadia Sultana,28.0,Male,Single,2.76,2.73,0,86.2,Yes,Yes,32693.0,Medium,67.1,7.0,64.9,20.0,Yes
STU104702,Nabila Islam,27.0,Female,Single,2.91,3.08,0,63.1,Yes,No,44987.0,High,71.4,6.0,49.6,10.6,Yes
STU104703,Tanvir Islam,26.0,Female,Single,2.49,2.53,2,82.4,Yes,Yes,18371.0,Medium,71.3,4.0,78.7,8.5,Yes
STU104704,Rakib Karim,22.0,Male,Married,2.87,2.93,0,84.6,Yes,Yes,33832.0,Low,57.1,6.0,50.5,13.8,No
STU104705,Mehedi Hasan,23.0,Male,Single,3.21,3.05,0,82.1,Yes,No,36889.0,Medium,51.7,4.0,71.1,7.5,Yes
STU104706,Sumaiya Khan,18.0,Male,Single,2.87,3.05,0,74.8,Yes,No,74839.0,Medium,68.2,3.0,51.6,6.9,Yes
STU104707,Tasmia Chowdhury,23.0,Female,Married,3.01,2.44,0,74.8,No,Yes,48416.0,Low,57.1,5.0,48.2,9.4,Yes
STU104708,Mariya Ahmed,19.0,Female,Married,2.48,2.32,1,80.0,Yes,Yes,21065.0,Medium,80.8,6.0,52.4,9.7,No
STU104709,Raisa Rahman,23.0,Male,Single,2.75,2.5,2,64.5,Yes,Yes,33795.0,Medium,56.4,6.0,58.2,4.5,Yes
STU104710,Arafat Ahmed,26.0,Male,Single,3.96,3.63,0,86.0,No,No,82827.0,Medium,95.3,7.0,100.0,18.2,No
STU104711,Tanjim Sultana,25.0,Male,Single,2.94,2.41,3,65.5,Yes,No,35106.0,Medium,25.6,3.0,16.7,6.0,Yes
STU104712,Sakib Ahmed,26.0,Female,Single,3.16,3.23,0,85.5,Yes,No,73843.0,Low,77.2,7.0,63.3,9.8,No
STU104713,Tanjim Khan,27.0,Male,Single,2.64,2.77,0,67.6,Yes,Yes,33311.0,Medium,62.3,6.0,80.7,14.0,No
STU104714,Jannat Akter,25.0,Male,Single,3.02,3.15,0,96.3,Yes,No,54101.0,Medium,84.8,4.0,96.4,9.5,No
STU104715,Sadia Ahmed,20.0,Male,Single,2.88,3.16,0,91.7,No,No,46478.0,Medium,90.5,7.0,84.7,17.1,No
STU104716,Arafat Akter,25.0,Female,Married,3.5,3.83,0,72.7,Yes,No,42399.0,High,78.0,7.0,67.9,23.2,No
STU104717,Hasan Hossain,23.0,Male,Single,3.47,2.86,0,63.2,Yes,No,21870.0,Medium,79.8,5.0,81.1,13.2,No
STU104718,Tanjim Karim,23.0,Female,Single,3.52,3.71,0,100.0,Yes,Yes,18528.0,Medium,89.8,8.0,80.9,14.4,Yes
STU104719,Tasmia Khan,23.0,Male,Single,3.04,3.09,0,83.3,Yes,No,51444.0,Medium,69.1,6.0,78.2,16.8,No
STU104720,Tanjim Hossain,20.0,Male,Single,3.92,3.97,0,73.5,Yes,No,45927.0,Medium,81.0,6.0,76.0,17.6,No
STU104721,Nusrat Chowdhury,27.0,Male,Single,3.36,3.32,0,80.1,No,No,33568.0,High,51.9,4.0,53.1,12.9,No
STU104722,Rakib Islam,18.0,Male,Single,2.36,2.19,1,69.9,No,Yes,27816.0,High,71.2,5.0,55.1,11.6,Yes
STU104723,Mariya Karim,21.0,Male,Married,3.69,3.85,0,94.6,Yes,No,93958.0,Medium,89.2,9.0,70.8,26.3,No
STU104724,Sadia Ahmed,27.0,Male,Single,3.0,2.7,0,88.1,Yes,No,77588.0,Medium,80.6,9.0,78.6,14.2,No
STU104725,Nabila Hossain,23.0,Female,Single,3.51,3.84,0,89.9,Yes,No,67832.0,Medium,100.0,6.0,74.9,20.0,No
STU104726,Tanjim Islam,28.0,Male,Single,2.53,2.38,0,75.5,Yes,Yes,109222.0,Low,44.4,4.0,67.5,4.2,No
STU104727,Nusrat Ahmed,27.0,Male,Single,2.97,2.36,0,72.6,Yes,Yes,24591.0,Medium,33.9,2.0,38.5,6.8,No
STU104728,Nabila Chowdhury,19.0,Female,Single,3.34,3.37,0,97.6,Yes,No,52366.0,High,100.0,7.0,84.2,19.5,No
STU104729,Jannat Islam,24.0,Female,Single,3.11,2.76,3,67.3,Yes,Yes,20954.0,High,44.4,5.0,16.1,7.2,Yes
STU104730,Sadia Khan,24.0,Female,Single,2.93,2.57,0,83.2,Yes,Yes,36064.0,Medium,71.1,6.0,70.8,16.6,No
STU104731,Shuvo Islam,28.0,Female,Single,1.89,2.1,1,62.1,No,No,37945.0,High,48.0,1.0,60.6,13.0,Yes
STU104732,Sakib Akter,21.0,Male,Single,2.67,2.95,0,70.2,Yes,Yes,30965.0,Medium,71.8,8.0,80.1,18.1,No
STU104733,Shuvo Sultana,21.0,Female,Married,2.56,2.53,0,79.9,Yes,No,44023.0,Medium,81.8,6.0,78.7,13.6,No
STU104734,Mehedi Khan,18.0,Male,Single,2.16,1.56,2,61.1,Yes,No,146887.0,Low,29.6,2.0,42.8,1.0,Yes
STU104735,Shuvo Hossain,19.0,Male,Single,2.68,2.84,0,68.3,Yes,Yes,51962.0,Medium,89.5,6.0,81.1,9.7,No
STU104736,Sumaiya Akter,26.0,Male,Single,3.84,3.74,0,85.0,Yes,Yes,77145.0,Low,81.8,8.0,69.3,15.8,No
STU104737,Arafat Khan,27.0,Male,Single,3.52,3.93,0,100.0,Yes,No,47630.0,Medium,100.0,9.0,90.1,14.2,No
STU104738,Jannat Akter,25.0,Male,Single,2.62,3.21,2,77.4,No,Yes,17913.0,Medium,40.9,4.0,69.3,9.2,Yes
STU104739,Raisa Chowdhury,25.0,Male,Single,2.74,2.28,0,73.6,Yes,Yes,31810.0,Medium,54.4,5.0,72.6,5.2,No
STU104740,Sadia Hasan,26.0,Male,Single,2.74,3.48,0,83.1,No,Yes,33528.0,Medium,67.1,4.0,73.4,15.9,No
STU104741,Fahim Karim,24.0,Male,Single,3.34,2.87,0,91.8,Yes,No,43961.0,Low,62.1,7.0,65.3,9.3,No
STU104742,Tanjim Hasan,,Male,Single,3.18,3.02,1,77.9,Yes,No,62748.0,Low,85.7,8.0,76.6,15.0,No
STU104743,Tanjim Sultana,27.0,Male,Single,2.68,2.99,3,75.1,Yes,No,72275.0,Medium,49.4,7.0,62.8,3.7,Yes
STU104744,Jannat Karim,19.0,Male,Single,2.73,2.52,1,81.6,Yes,Yes,,Low,77.8,7.0,82.5,3.5,No
STU104745,Mim Islam,23.0,Male,Single,3.49,3.24,0,95.7,No,No,80635.0,Medium,92.3,9.0,94.2,13.4,No
STU104746,Fahim Ahmed,20.0,Female,Married,3.69,3.17,1,73.8,Yes,Yes,31431.0,Medium,84.4,5.0,96.4,16.5,No
STU104747,Tanvir Sultana,28.0,Male,Single,2.6,2.2,1,63.9,Yes,No,61281.0,Medium,35.2,4.0,56.1,6.5,Yes
STU104748,Tanjim Ahmed,23.0,Female,Single,2.95,2.7,0,73.2,Yes,Yes,59260.0,Medium,76.9,8.0,94.9,11.1,No
STU104749,Nusrat Karim,20.0,Female,Married,3.06,3.29,0,90.2,Yes,Yes,73861.0,Medium,97.5,9.0,100.0,19.0,No
STU104750,Tasmia Akter,25.0,Male,Single,2.91,3.42,0,92.3,Yes,No,30069.0,High,96.5,10.0,66.3,18.3,No
STU104751,Nabila Islam,28.0,Female,Married,3.51,3.28,0,86.0,Yes,Yes,123887.0,Low,79.7,6.0,76.4,20.3,No
STU104752,Tasmia Hossain,21.0,Male,Single,2.93,2.81,1,86.3,Yes,No,29178.0,High,50.3,6.0,47.3,7.8,No
STU104753,Tanvir Akter,27.0,Male,Single,3.86,3.56,0,93.4,Yes,Yes,34872.0,Medium,87.1,5.0,79.2,18.3,No
STU104754,Adnan Akter,23.0,Female,Single,3.54,3.08,0,77.1,Yes,No,67828.0,Low,81.9,4.0,99.8,17.1,No
STU104755,Tasmia Chowdhury,26.0,Male,Single,2.69,2.23,1,59.4,Yes,No,18977.0,Medium,48.7,5.0,74.2,3.9,No
STU104756,Mim Islam,19.0,Female,Single,3.03,2.65,0,75.2,Yes,Yes,26925.0,Medium,68.1,8.0,73.4,12.2,No
STU104757,Mehedi Rahman,19.0,Female,Single,2.56,2.55,0,83.2,Yes,Yes,47193.0,Medium,82.3,9.0,82.3,15.0,No
STU104758,Rakib Hossain,24.0,Male,Single,2.82,2.64,1,80.5,Yes,Yes,16508.0,Medium,69.4,5.0,59.9,11.0,No
STU104759,Hasan Ahmed,19.0,Male,Single,3.39,3.28,0,68.0,Yes,Yes,29029.0,Low,91.9,7.0,97.6,9.5,No
STU104760,Shuvo Khan,19.0,Male,Single,3.11,3.23,0,62.6,Yes,No,47233.0,Medium,74.4,4.0,66.3,16.7,No
STU104761,Sadia Karim,21.0,Male,Single,3.95,3.92,0,95.6,Yes,Yes,28623.0,Medium,88.8,7.0,88.8,21.1,No
STU104762,Nusrat Hossain,26.0,Male,Single,2.45,2.1,2,75.2,Yes,No,119910.0,Low,65.7,7.0,54.6,1.0,No
STU104763,Mehedi Akter,25.0,Female,Single,2.99,3.27,0,87.4,Yes,Yes,67054.0,Medium,89.9,6.0,73.7,15.6,No
STU104764,Nabila Hasan,19.0,Male,Single,2.77,2.17,3,74.5,Yes,Yes,57673.0,Medium,49.2,5.0,62.7,6.7,No
STU104765,Jannat Hossain,25.0,Male,Single,2.86,2.63,0,80.9,No,No,48611.0,High,86.0,6.0,75.4,15.3,Yes
STU104766,Mehedi Hasan,21.0,Male,Single,3.02,3.54,0,74.3,Yes,No,68607.0,Medium,64.4,5.0,70.5,13.3,Yes
STU104767,Sakib Karim,19.0,Female,Single,2.7,2.8,1,74.6,Yes,No,46454.0,Medium,63.2,4.0,59.3,10.6,No
STU104768,Sakib Hossain,28.0,Male,Single,3.43,2.89,0,80.4,Yes,No,26088.0,High,100.0,6.0,90.9,5.8,No
STU104769,Rakib Ahmed,27.0,Male,Single,3.79,3.31,0,79.4,Yes,Yes,54307.0,Low,95.0,10.0,84.7,19.2,No
STU104770,Fahim Islam,24.0,Female,Married,1.95,1.85,2,61.5,Yes,No,30358.0,Medium,58.2,6.0,60.7,1.0,No
STU104771,Mahin Khan,23.0,Male,Married,3.63,3.48,0,85.0,No,Yes,56955.0,Medium,71.4,3.0,75.2,16.6,No
STU104772,Jannat Akter,27.0,Male,Single,4.0,4.0,0,82.5,Yes,Yes,52938.0,Low,64.6,6.0,84.9,12.0,No
STU104773,Shuvo Chowdhury,22.0,Female,Single,3.09,3.42,0,66.2,Yes,Yes,31799.0,High,72.0,7.0,64.7,16.3,No
STU104774,Fahim Ahmed,28.0,Female,Single,2.73,2.57,0,79.5,Yes,No,139605.0,Low,75.4,9.0,100.0,10.9,Yes
STU104775,Raisa Akter,18.0,Male,Single,2.74,2.71,2,84.9,No,No,90712.0,High,79.6,5.0,64.7,8.7,Yes
STU104776,Nusrat Akter,19.0,Male,Married,2.86,2.55,0,58.6,Yes,No,43661.0,Medium,48.9,6.0,50.9,1.0,No
STU104777,Fahim Chowdhury,25.0,Female,Single,3.19,3.15,0,84.7,Yes,No,59486.0,Medium,81.0,6.0,74.5,9.4,No
STU104778,Arafat Chowdhury,18.0,Male,Single,2.81,2.5,1,65.9,No,Yes,54077.0,Low,56.6,6.0,67.3,8.7,Yes
STU104779,Jannat Hasan,20.0,Female,Single,2.96,2.97,0,87.9,Yes,Yes,33419.0,Medium,79.2,7.0,63.6,7.6,No
STU104780,Fahim Karim,19.0,Male,Single,2.57,2.38,2,74.5,No,Yes,61609.0,Low,63.3,2.0,74.1,6.1,Yes
STU104781,Raisa Chowdhury,22.0,Male,Single,2.79,2.98,0,91.3,Yes,Yes,40387.0,Low,75.2,7.0,71.5,9.5,No
STU104782,Fahim Ahmed,21.0,Male,Single,2.81,3.13,1,72.4,No,No,20794.0,High,62.5,6.0,35.5,15.5,Yes
STU104783,Adnan Karim,24.0,Female,Single,2.98,3.37,0,85.6,No,Yes,33967.0,Medium,79.4,7.0,87.7,7.5,Yes
STU104784,Tasmia Akter,22.0,Female,Single,2.35,2.36,2,93.3,Yes,No,34080.0,High,70.4,4.0,60.6,5.0,No
STU104785,Rakib Ahmed,25.0,Female,Single,2.85,3.03,1,81.1,Yes,Yes,15527.0,Medium,78.2,6.0,65.6,11.0,Yes
STU104786,Adnan Karim,21.0,Female,Single,2.9,2.75,1,83.4,Yes,No,93776.0,Low,56.7,7.0,69.2,13.9,No
STU104787,Mariya Akter,23.0,Male,Single,3.08,2.83,0,,Yes,Yes,33699.0,Medium,62.9,5.0,65.4,12.6,No
STU104788,Mariya Akter,21.0,Male,Single,3.63,3.22,0,75.8,Yes,Yes,36563.0,Medium,87.9,8.0,70.7,17.9,No
STU104789,Sadia Rahman,19.0,Female,Single,2.95,3.06,0,64.3,Yes,No,155190.0,Low,54.3,6.0,55.2,9.5,No
STU104790,Shuvo Rahman,18.0,Female,Single,2.45,1.84,2,51.4,Yes,Yes,26327.0,Medium,35.4,6.0,30.0,1.8,Yes
STU104791,Arafat Sultana,18.0,Female,Single,3.06,3.32,0,74.1,Yes,No,42722.0,High,74.5,9.0,74.9,13.3,No
STU104792,Sumaiya Hasan,25.0,Female,Single,2.68,2.57,1,71.8,No,No,18775.0,High,63.5,2.0,73.2,9.1,No
STU104793,Rakib Karim,21.0,Male,Single,2.67,2.58,0,83.1,Yes,No,31646.0,High,70.5,5.0,92.7,13.1,No
STU104794,Mim Khan,22.0,Male,Single,2.87,3.07,0,91.1,Yes,Yes,33783.0,Medium,87.7,7.0,62.0,15.7,No
STU104795,Arafat Ahmed,28.0,Female,Single,2.77,2.22,0,66.0,Yes,No,83319.0,Medium,79.3,10.0,78.7,15.6,No
STU104796,Nabila Hossain,25.0,Male,Single,2.52,2.45,0,96.9,Yes,Yes,28445.0,Medium,73.6,8.0,67.8,13.3,Yes
STU104797,Sakib Hossain,24.0,Male,Single,2.78,3.26,0,95.7,No,No,71837.0,Low,72.4,7.0,77.2,13.7,No
STU104798,Sadia Hossain,25.0,Female,Single,3.21,3.12,0,78.4,Yes,No,198680.0,Low,79.2,7.0,76.3,10.1,No
STU104799,Adnan Chowdhury,25.0,Male,Single,3.02,2.62,0,100.0,Yes,No,117837.0,Medium,74.1,5.0,58.1,12.5,No
STU104800,Sakib Ahmed,23.0,Female,Single,2.55,2.45,1,79.9,Yes,No,12000.0,High,,6.0,56.5,1.0,No
STU104801,Raisa Hossain,27.0,Male,Single,2.61,3.01,0,81.4,Yes,No,59054.0,Medium,84.3,4.0,82.0,10.0,Yes
STU104802,Mariya Rahman,19.0,Female,Single,3.06,2.83,0,72.2,Yes,No,106796.0,Low,55.9,5.0,59.5,10.7,No
STU104803,Hasan Islam,23.0,Female,Single,2.56,2.09,0,64.7,Yes,No,28537.0,Medium,52.3,6.0,38.9,10.8,No
STU104804,Mim Karim,18.0,Female,Single,2.6,2.46,1,83.1,Yes,Yes,42940.0,Low,63.2,7.0,59.6,7.0,No
STU104805,Raisa Akter,18.0,Male,Single,2.74,2.32,0,77.4,Yes,No,37884.0,Medium,75.8,4.0,81.9,10.2,Yes
STU104806,Nusrat Sultana,28.0,Male,Single,2.56,1.89,1,73.9,Yes,No,76076.0,Medium,62.9,5.0,73.6,2.9,Yes
STU104807,Tanvir Rahman,20.0,Male,Single,3.05,3.27,0,73.9,Yes,Yes,34624.0,Medium,87.9,5.0,91.8,22.9,No
STU104808,Hasan Ahmed,20.0,Male,Single,2.86,3.18,0,88.3,Yes,No,128736.0,Low,71.7,8.0,70.3,16.7,No
STU104809,Mehedi Hasan,28.0,Female,Single,3.63,3.76,0,88.7,Yes,No,88477.0,Low,100.0,10.0,80.1,18.6,No
STU104810,Mahin Hasan,22.0,Male,Single,2.48,2.75,0,70.2,Yes,No,18993.0,Medium,64.7,7.0,72.2,13.4,Yes
STU104811,Mehedi Akter,18.0,Male,Single,3.52,3.4,0,72.4,Yes,No,19124.0,High,84.2,5.0,76.4,12.9,No
STU104812,Rakib Hossain,27.0,Male,Single,3.11,3.51,0,86.4,No,No,50508.0,Medium,85.8,7.0,62.8,13.9,No
STU104813,Tanjim Rahman,23.0,Female,Married,3.67,3.48,0,92.0,Yes,No,39993.0,High,76.2,7.0,62.1,18.6,No
STU104814,Fahim Chowdhury,24.0,Male,Single,3.61,3.61,0,96.4,Yes,No,43171.0,Medium,84.2,7.0,85.6,18.8,No
STU104815,Raisa Hasan,27.0,Female,Single,2.81,2.55,1,77.5,Yes,No,32900.0,Medium,71.9,7.0,65.6,11.3,No
STU104816,Jannat Islam,28.0,Female,Single,2.37,1.95,2,60.3,Yes,Yes,25080.0,Medium,54.0,5.0,43.5,1.0,No
STU104817,Mim Hossain,20.0,Female,Single,2.93,2.74,1,77.1,Yes,No,45674.0,Medium,71.1,6.0,58.4,12.6,No
STU104818,Mehedi Sultana,21.0,Female,Single,2.11,2.78,0,83.4,Yes,No,58318.0,Low,87.4,5.0,84.8,15.5,No
STU104819,Fahim Akter,27.0,Male,Single,3.3,3.76,0,81.2,Yes,Yes,79770.0,Medium,99.8,9.0,64.7,20.8,No
STU104820,Shuvo Hossain,28.0,Female,Married,3.07,3.3,0,80.2,No,No,87255.0,Low,76.5,4.0,73.2,17.7,Yes
STU104821,Sakib Akter,27.0,Male,Single,2.73,2.6,1,76.1,No,No,46035.0,High,55.4,6.0,65.1,9.5,No
STU104822,Arafat Sultana,27.0,Female,Single,2.8,2.66,1,78.3,Yes,No,54768.0,Low,52.6,1.0,69.4,14.3,No
STU104823,Sadia Islam,27.0,Female,Single,2.54,3.05,0,71.1,Yes,Yes,17881.0,High,78.2,8.0,75.4,17.8,No
STU104824,Sumaiya Chowdhury,27.0,Male,Single,2.99,2.99,0,77.0,Yes,No,66775.0,Medium,90.8,7.0,59.2,13.9,No
STU104825,Tanvir Hasan,20.0,Male,Single,2.55,2.79,1,78.6,No,No,93971.0,Medium,70.7,5.0,74.4,5.9,No
STU104826,Fahim Sultana,18.0,Male,Single,2.98,2.82,0,85.0,No,No,64521.0,High,72.5,8.0,76.4,12.4,Yes
STU104827,Hasan Akter,25.0,Female,Single,3.16,3.07,0,83.8,Yes,No,43828.0,Medium,89.5,8.0,98.7,13.3,No
STU104828,Sumaiya Sultana,27.0,Male,Single,3.29,3.53,0,88.8,Yes,Yes,26568.0,Medium,74.3,5.0,91.1,19.2,No
STU104829,Jannat Karim,27.0,Male,Single,3.2,2.98,0,84.1,Yes,No,26603.0,High,75.0,9.0,73.9,9.3,No
STU104830,Arafat Ahmed,19.0,Male,Married,2.87,2.97,1,71.4,Yes,Yes,40464.0,Medium,55.0,5.0,47.8,4.4,Yes
STU104831,Raisa Akter,18.0,Male,Single,3.2,2.99,0,94.3,No,No,57915.0,Medium,87.8,7.0,87.1,5.1,No
STU104832,Tasmia Chowdhury,25.0,Female,Single,3.06,3.21,0,80.2,No,Yes,14416.0,Medium,64.1,6.0,78.9,17.7,No
STU104833,Fahim Khan,24.0,Female,Single,3.06,2.84,0,73.9,No,No,21736.0,High,82.8,7.0,78.6,17.3,Yes
STU104834,Rakib Islam,,Male,Single,2.54,3.06,0,69.4,Yes,Yes,,Medium,67.3,6.0,66.7,20.2,Yes
STU104835,Raisa Hossain,21.0,Male,Single,2.44,2.42,0,72.7,Yes,Yes,116381.0,Low,88.9,8.0,100.0,18.6,No
STU104836,Arafat Sultana,28.0,Male,Single,3.12,3.35,0,78.5,Yes,Yes,40872.0,Medium,51.9,4.0,50.0,19.0,No
STU104837,Jannat Islam,26.0,Male,Single,3.22,3.21,0,80.3,No,No,64533.0,Medium,80.9,8.0,70.9,16.9,No
STU104838,Sadia Karim,23.0,Female,Single,2.72,2.57,0,81.4,No,Yes,42227.0,Medium,75.0,5.0,78.6,8.4,No
STU104839,Jannat Karim,19.0,Male,Single,3.53,3.7,0,98.3,No,No,48161.0,Medium,84.4,7.0,75.4,13.9,No
STU104840,Mehedi Sultana,18.0,Male,Single,4.0,4.0,0,97.3,Yes,No,24630.0,High,100.0,,90.7,19.0,No
STU104841,Mariya Karim,18.0,Female,Single,3.79,3.35,0,66.7,No,No,61112.0,Medium,,6.0,95.2,19.3,No
STU104842,Tanvir Hasan,26.0,Female,Single,2.88,2.92,0,90.4,Yes,Yes,29916.0,High,85.3,6.0,64.9,8.5,No
STU104843,Mehedi Karim,21.0,Male,Single,2.81,2.77,0,84.9,Yes,Yes,51457.0,Low,68.2,7.0,63.1,6.3,Yes
STU104844,Nabila Islam,22.0,Male,Single,3.35,3.42,0,100.0,Yes,Yes,68077.0,Medium,81.8,5.0,96.6,17.0,No
STU104845,Sakib Ahmed,20.0,Male,Single,3.31,,0,82.0,No,No,63564.0,Medium,73.2,7.0,75.2,11.6,No
STU104846,Sumaiya Sultana,21.0,Female,Single,2.5,2.74,1,67.9,Yes,Yes,28877.0,Medium,69.7,7.0,66.4,3.3,Yes
STU104847,Sumaiya Hasan,25.0,Female,Single,2.89,3.24,0,91.7,Yes,Yes,52207.0,Medium,61.3,5.0,60.1,11.9,No
STU104848,Raisa Hasan,21.0,Male,Single,3.3,3.38,0,91.8,No,Yes,32798.0,Medium,84.8,6.0,88.2,17.9,No
STU104849,Sakib Khan,26.0,Male,Single,2.6,2.47,2,65.6,Yes,Yes,67588.0,Low,57.2,4.0,47.2,3.8,No
STU104850,Sakib Hasan,26.0,Female,Single,2.66,1.94,2,65.2,Yes,No,71271.0,High,36.1,7.0,57.0,1.0,Yes
STU104851,Tasmia Islam,23.0,Female,Single,2.73,3.16,0,87.6,Yes,Yes,69121.0,Medium,85.3,6.0,73.0,8.8,No
STU104852,Tanjim Islam,19.0,Female,Single,2.82,2.07,2,71.7,Yes,Yes,102564.0,Low,,3.0,42.1,4.6,No
STU104853,Tanvir Khan,27.0,Male,Single,2.29,2.77,1,76.8,Yes,No,60447.0,Medium,67.5,4.0,51.8,9.2,No
STU104854,Fahim Hasan,28.0,Male,Single,3.31,3.53,0,87.1,Yes,No,105837.0,Low,82.9,7.0,76.7,13.1,No
STU104855,Arafat Akter,24.0,Male,Single,2.67,3.26,0,76.7,Yes,No,67986.0,Medium,70.7,5.0,71.1,11.7,No
STU104856,Tanvir Karim,26.0,Male,Married,3.09,3.17,0,81.6,Yes,No,31122.0,Medium,74.1,4.0,61.6,14.4,No
STU104857,Shuvo Akter,23.0,Female,Single,3.04,3.19,0,71.1,Yes,No,52275.0,High,80.7,5.0,68.0,13.7,No
STU104858,Adnan Hossain,20.0,Male,Single,2.54,2.49,0,77.9,Yes,No,82656.0,Medium,81.5,8.0,52.7,7.5,No
STU104859,Rakib Islam,24.0,Male,Single,2.21,2.23,0,63.5,Yes,No,86133.0,High,69.7,7.0,65.7,12.5,Yes
STU104860,Nabila Karim,22.0,Female,Single,3.04,2.82,0,70.7,Yes,No,36452.0,Low,81.8,4.0,100.0,16.9,Yes
STU104861,Shuvo Hasan,18.0,Male,Married,2.8,2.77,0,100.0,Yes,No,36211.0,High,61.3,2.0,39.8,6.6,No
STU104862,Adnan Hossain,20.0,Female,Single,3.2,2.95,0,64.5,Yes,No,65160.0,Medium,59.0,8.0,68.5,5.9,No
STU104863,Sadia Islam,22.0,Male,Single,3.37,3.38,0,93.8,Yes,Yes,30376.0,Medium,72.2,4.0,76.4,13.6,No
STU104864,Tanvir Chowdhury,24.0,Female,Single,2.08,2.07,0,77.0,Yes,No,41739.0,High,49.3,4.0,54.0,7.7,No
STU104865,Mahin Chowdhury,20.0,Male,Single,2.9,2.89,0,83.8,Yes,Yes,49588.0,Medium,70.0,6.0,72.2,11.3,No
STU104866,Raisa Sultana,23.0,Female,Single,3.47,3.44,0,75.9,Yes,Yes,43044.0,High,64.3,3.0,58.5,22.5,No
STU104867,Mim Ahmed,22.0,Male,Single,3.65,3.46,0,92.3,No,Yes,73424.0,Low,80.9,7.0,68.2,15.7,Yes
STU104868,Arafat Chowdhury,18.0,Male,Single,2.18,2.34,1,57.4,No,Yes,70548.0,Low,47.6,3.0,62.3,7.1,Yes
STU104869,Mariya Chowdhury,27.0,Female,Single,3.52,3.61,0,82.5,Yes,No,50982.0,Low,98.9,7.0,56.9,19.1,No
STU104870,Adnan Chowdhury,23.0,Male,Single,2.55,2.63,0,79.2,Yes,Yes,25202.0,Medium,68.4,9.0,64.1,10.7,Yes
STU104871,Mehedi Khan,25.0,Male,Single,3.32,3.04,1,94.3,Yes,No,100693.0,Medium,97.0,7.0,86.3,13.7,No
STU104872,Sadia Hossain,18.0,Female,Single,2.75,2.95,0,87.5,Yes,Yes,30702.0,Low,95.6,7.0,81.6,7.5,No
STU104873,Tanjim Hossain,19.0,Female,Single,3.34,3.11,0,79.0,Yes,Yes,34394.0,Medium,73.4,4.0,86.2,11.2,No
STU104874,Sakib Akter,21.0,Male,Single,2.84,2.68,0,76.9,No,No,29490.0,High,68.8,2.0,71.1,9.2,Yes
STU104875,Jannat Hossain,19.0,Male,Single,2.35,2.38,1,79.2,Yes,Yes,20345.0,Low,72.6,8.0,71.3,10.3,No
STU104876,Mariya Hasan,28.0,Male,Single,2.74,3.08,0,71.8,Yes,No,79463.0,Low,55.6,6.0,66.9,16.7,No
STU104877,Adnan Islam,26.0,Male,Single,3.24,2.88,0,91.0,No,No,124771.0,Low,87.2,7.0,68.8,13.4,No
STU104878,Rakib Khan,27.0,Female,Single,2.81,2.51,0,77.3,Yes,Yes,22884.0,Medium,86.5,7.0,85.4,8.3,No
STU104879,Nabila Akter,25.0,Female,Single,2.52,1.93,4,53.5,Yes,Yes,16739.0,High,27.1,4.0,55.6,1.0,Yes
STU104880,Raisa Islam,25.0,Male,Single,2.43,2.58,0,66.1,Yes,Yes,49337.0,High,66.4,8.0,45.5,16.6,Yes
STU104881,Raisa Chowdhury,21.0,Female,Single,2.64,2.53,1,52.8,Yes,No,55036.0,Medium,49.1,6.0,44.3,5.8,No
STU104882,Tanjim Rahman,22.0,Female,Single,2.63,2.76,0,95.8,Yes,Yes,14037.0,Low,89.7,8.0,86.0,15.6,No
STU104883,Nusrat Khan,21.0,Female,Single,3.26,3.36,0,67.9,Yes,No,25605.0,Medium,95.3,7.0,81.2,16.7,No
STU104884,Shuvo Ahmed,26.0,Male,Single,2.82,3.06,1,83.8,Yes,No,93725.0,High,57.1,3.0,59.3,15.3,No
STU104885,Sumaiya Islam,19.0,Male,Single,2.87,2.87,0,84.8,Yes,No,63295.0,Medium,76.1,5.0,76.3,5.1,No
STU104886,Nabila Islam,28.0,Female,Single,2.92,2.71,0,75.4,Yes,No,93315.0,Medium,74.2,1.0,57.8,6.2,No
STU104887,Sadia Islam,25.0,Male,Single,3.24,3.31,0,83.5,Yes,No,25477.0,High,88.4,6.0,71.3,11.3,No
STU104888,Raisa Khan,19.0,Male,Single,3.29,3.41,0,81.7,Yes,No,45134.0,Medium,72.7,4.0,75.3,22.8,No
STU104889,Raisa Hossain,18.0,Male,Single,2.76,2.66,0,81.3,Yes,No,43637.0,Medium,65.1,9.0,60.9,5.8,No
STU104890,Mehedi Akter,27.0,Male,Single,2.88,2.91,0,77.8,Yes,No,81623.0,High,91.4,7.0,65.3,10.8,No
STU104891,Sumaiya Ahmed,20.0,Male,Single,3.29,2.89,1,75.5,No,Yes,31830.0,Medium,49.4,8.0,50.0,7.6,No
STU104892,Nusrat Akter,26.0,Female,Single,2.69,2.31,1,72.7,Yes,No,34108.0,High,61.6,4.0,65.5,10.7,No
STU104893,Tanvir Islam,20.0,Male,Single,2.75,2.26,1,78.7,No,No,59687.0,Medium,55.3,7.0,79.4,15.5,No
STU104894,Nabila Rahman,26.0,Male,Married,3.29,3.37,0,90.4,Yes,Yes,69425.0,Low,79.0,7.0,71.1,18.2,No
STU104895,Tanvir Rahman,24.0,Female,Single,2.74,2.96,0,,No,No,35101.0,High,95.5,9.0,86.2,13.0,No
STU104896,Adnan Sultana,27.0,Male,Single,3.11,2.68,0,77.2,Yes,No,51277.0,Low,70.6,6.0,57.3,3.7,No
STU104897,Mariya Hasan,18.0,Male,Single,2.29,2.34,3,72.8,Yes,Yes,75681.0,Low,70.3,6.0,36.8,9.4,Yes
STU104898,Adnan Hasan,27.0,Female,Single,3.26,3.4,0,77.4,Yes,No,53617.0,Medium,95.7,8.0,71.1,17.0,No
STU104899,Mim Karim,22.0,Male,Single,2.91,2.79,0,69.8,No,No,,High,82.2,7.0,75.3,12.8,No
STU104900,Tanjim Islam,26.0,Female,Single,3.18,3.66,0,75.2,Yes,Yes,53263.0,Medium,64.0,5.0,75.1,15.8,No
STU104901,Raisa Rahman,20.0,Female,Single,3.5,3.07,0,84.7,Yes,Yes,64451.0,Medium,77.3,4.0,66.1,14.5,Yes
STU104902,Tanjim Rahman,26.0,Male,Single,2.85,2.74,0,89.7,No,No,47115.0,High,89.3,9.0,80.1,18.5,No
STU104903,Mariya Sultana,22.0,Male,Married,2.31,1.44,3,61.1,No,No,60502.0,High,52.4,2.0,56.5,1.0,Yes
STU104904,Tanvir Akter,26.0,Female,Single,2.84,2.94,0,83.9,No,No,76262.0,Medium,77.5,7.0,47.7,14.7,Yes
STU104905,Fahim Islam,27.0,Male,Single,3.55,3.33,0,79.9,Yes,Yes,56750.0,Low,82.0,7.0,86.6,15.9,No
STU104906,Mahin Sultana,23.0,Female,Single,3.08,2.48,2,74.2,Yes,No,72511.0,Medium,47.3,1.0,41.8,8.1,No
STU104907,Fahim Karim,26.0,Female,Single,2.52,2.7,0,80.8,Yes,No,41215.0,High,41.3,5.0,62.3,3.9,No
STU104908,Tanvir Islam,24.0,Male,Single,2.91,2.87,0,85.3,No,No,34620.0,Medium,65.9,6.0,75.4,6.5,No
STU104909,Mariya Chowdhury,24.0,Male,Single,3.22,3.13,0,61.5,No,No,98417.0,Medium,91.0,7.0,96.4,13.1,No
STU104910,Mim Hossain,25.0,Male,Single,2.94,3.28,0,88.1,Yes,Yes,13157.0,High,66.7,6.0,71.8,14.9,No
STU104911,Mim Sultana,24.0,Male,Married,2.93,2.7,0,85.3,No,No,56823.0,Medium,76.6,4.0,79.1,13.5,No
STU104912,Fahim Rahman,26.0,Female,Single,2.68,2.87,0,86.4,Yes,No,38138.0,Medium,84.8,8.0,93.8,14.5,No
STU104913,Mariya Hasan,28.0,Female,Single,2.71,2.95,0,80.5,No,No,65617.0,Medium,66.9,5.0,57.5,17.2,No
STU104914,Tasmia Khan,26.0,Female,Single,3.1,2.93,1,94.2,No,Yes,23508.0,Medium,,5.0,69.9,12.1,Yes
STU104915,Fahim Ahmed,23.0,Male,Single,3.22,3.22,0,92.2,Yes,No,55056.0,Medium,77.6,6.0,74.6,12.1,No
STU104916,Jannat Hasan,24.0,Female,Single,2.92,3.43,0,98.5,Yes,No,62359.0,High,86.3,9.0,96.6,24.8,No
STU104917,Adnan Rahman,19.0,Female,Single,2.78,2.47,1,78.9,No,No,56143.0,Medium,,6.0,61.4,9.6,Yes
STU104918,Sadia Khan,26.0,Female,Single,3.34,3.51,0,86.1,Yes,No,27896.0,Medium,90.1,6.0,92.9,17.0,No
STU104919,Nusrat Chowdhury,18.0,Male,Single,2.81,2.83,0,85.9,Yes,Yes,32364.0,Medium,62.9,7.0,66.7,8.6,No
STU104920,Rakib Ahmed,18.0,Female,Married,3.13,3.51,0,80.5,Yes,Yes,66251.0,Low,97.7,6.0,77.9,15.8,No
STU104921,Sumaiya Hossain,20.0,Female,Single,3.24,3.23,0,91.3,Yes,No,42475.0,High,80.8,6.0,90.5,13.3,Yes
STU104922,Tanvir Hasan,23.0,Male,Single,2.43,2.64,0,75.0,Yes,No,15022.0,High,40.8,6.0,50.7,12.3,No
STU104923,Shuvo Hasan,22.0,Female,Single,3.06,2.58,0,73.4,Yes,Yes,34674.0,Low,53.7,6.0,52.5,9.7,No
STU104924,Rakib Ahmed,19.0,Male,Single,1.79,1.2,3,46.8,Yes,Yes,86384.0,Low,25.6,2.0,26.8,1.0,Yes
STU104925,Mim Hasan,26.0,Male,Single,2.95,2.64,0,88.2,No,No,41563.0,High,64.9,4.0,79.4,5.6,Yes
STU104926,Nabila Akter,27.0,Female,Single,3.26,3.13,0,100.0,Yes,No,21788.0,Medium,69.9,7.0,74.3,11.7,No
STU104927,Nusrat Karim,21.0,Male,Single,3.15,3.05,0,94.7,No,Yes,36997.0,Medium,79.2,4.0,64.8,19.7,No
STU104928,Adnan Hossain,21.0,Female,Single,3.36,3.69,0,95.6,Yes,Yes,44574.0,Medium,100.0,10.0,89.1,19.2,No
STU104929,Hasan Akter,22.0,Female,Single,3.16,3.04,0,90.7,No,No,29809.0,High,86.2,7.0,80.2,12.1,No
STU104930,Fahim Islam,25.0,Male,Single,2.76,2.76,0,88.2,Yes,No,94445.0,Low,63.8,4.0,76.3,9.6,No
STU104931,Sadia Akter,27.0,Male,Single,2.31,2.35,1,72.7,Yes,Yes,38176.0,Low,81.9,7.0,88.7,1.5,No
STU104932,Mariya Hossain,21.0,Female,Single,3.05,2.86,2,71.5,Yes,Yes,39803.0,Medium,72.5,9.0,56.8,8.8,No
STU104933,Shuvo Rahman,22.0,Female,Single,3.22,3.21,0,74.9,Yes,Yes,41377.0,Medium,63.2,7.0,53.4,17.0,Yes
STU104934,Mahin Ahmed,21.0,Female,Single,2.21,2.52,0,95.0,Yes,Yes,16680.0,Medium,63.0,5.0,79.8,4.0,No
STU104935,Fahim Khan,23.0,Female,Single,3.18,3.27,0,82.4,Yes,No,55377.0,Medium,77.8,7.0,75.7,17.1,No
STU104936,Tanjim Sultana,20.0,Male,Married,3.04,3.22,1,82.0,Yes,No,32515.0,Medium,80.1,9.0,79.0,16.4,No
STU104937,Sumaiya Rahman,25.0,Male,Single,2.84,2.94,0,71.4,Yes,No,12000.0,Medium,84.3,9.0,74.3,12.1,No
STU104938,Arafat Hasan,23.0,Female,Single,3.2,3.69,0,80.6,Yes,Yes,19730.0,Medium,65.7,6.0,64.2,15.9,No
STU104939,Mariya Karim,27.0,Male,Single,2.88,2.56,0,69.6,Yes,No,43737.0,Medium,65.7,6.0,54.5,14.9,Yes
STU104940,Sadia Islam,22.0,Male,Single,2.85,3.6,0,83.5,Yes,Yes,88508.0,Medium,86.2,8.0,91.4,10.3,No
STU104941,Shuvo Hossain,19.0,Female,Single,2.43,2.73,0,85.6,Yes,Yes,66794.0,Low,77.0,6.0,75.5,13.8,No
STU104942,Mahin Akter,27.0,Female,Single,3.18,3.54,0,90.5,Yes,No,61075.0,Medium,79.0,5.0,84.7,10.7,No
STU104943,Rakib Karim,27.0,Female,Single,2.41,2.81,1,82.9,Yes,No,47592.0,Medium,73.3,8.0,75.8,13.8,No
STU104944,Mim Karim,24.0,Male,Single,2.69,3.0,0,81.9,Yes,No,55534.0,Medium,83.8,7.0,72.9,8.6,Yes
STU104945,Tanjim Islam,19.0,Female,Single,3.21,2.82,0,87.3,Yes,Yes,47502.0,Medium,55.6,7.0,72.0,15.1,No
STU104946,Hasan Hasan,18.0,Female,Single,2.92,2.58,3,68.4,Yes,No,30014.0,Medium,53.7,3.0,57.8,4.7,Yes
STU104947,Sakib Hasan,24.0,Female,Single,3.77,3.98,0,93.9,Yes,Yes,30643.0,Low,66.2,5.0,74.9,10.0,No
STU104948,Sumaiya Akter,22.0,Female,Single,3.27,3.44,0,82.0,Yes,No,45374.0,Medium,63.3,5.0,48.9,12.7,No
STU104949,Hasan Ahmed,18.0,Male,Single,3.34,3.6,0,96.8,No,Yes,29568.0,High,71.0,5.0,46.0,11.2,No
STU104950,Mim Akter,21.0,Female,Single,3.38,3.4,0,77.1,Yes,No,17821.0,Medium,66.5,5.0,48.7,17.7,No
STU104951,Shuvo Akter,21.0,Female,Single,2.89,2.5,1,85.1,Yes,No,62592.0,Medium,71.9,5.0,91.3,14.5,No
STU104952,Rakib Ahmed,27.0,Male,Single,2.76,2.73,0,83.1,Yes,No,57272.0,Medium,66.7,8.0,62.5,7.8,No
STU104953,Jannat Chowdhury,24.0,Male,Married,2.45,2.68,0,93.1,Yes,No,17609.0,High,86.2,6.0,66.7,13.0,No
STU104954,Hasan Akter,26.0,Female,Married,2.35,2.27,1,67.2,Yes,Yes,22857.0,Medium,59.4,5.0,79.7,8.3,No
STU104955,Rakib Khan,19.0,Male,Single,3.52,3.51,0,84.0,Yes,No,54172.0,Medium,85.1,7.0,84.5,13.4,No
STU104956,Arafat Ahmed,18.0,Male,Single,2.72,2.73,0,77.5,No,No,23960.0,Medium,83.1,8.0,67.3,11.0,No
STU104957,Hasan Karim,19.0,Male,Single,3.4,3.25,1,73.2,Yes,No,45688.0,Medium,57.6,2.0,39.5,9.5,No
STU104958,Jannat Hasan,24.0,Male,Married,2.34,2.09,1,89.5,Yes,No,71492.0,Medium,65.6,6.0,66.2,4.2,Yes
STU104959,Mahin Akter,27.0,Male,Single,2.92,3.55,0,80.0,Yes,Yes,34911.0,Medium,82.5,5.0,70.4,18.9,Yes
STU104960,Nabila Islam,23.0,Male,Single,3.57,4.0,0,,No,No,64755.0,Medium,86.0,5.0,87.1,17.9,No
STU104961,Hasan Hasan,21.0,Female,Single,3.12,3.44,0,,Yes,Yes,34080.0,Medium,100.0,7.0,100.0,19.5,No
STU104962,Adnan Hasan,18.0,Female,Single,3.13,3.26,0,90.9,Yes,Yes,37536.0,Low,87.7,6.0,90.6,20.5,No
STU104963,Adnan Hossain,18.0,Female,Single,2.74,2.43,2,69.8,Yes,Yes,56573.0,Medium,49.3,5.0,47.5,6.8,No
STU104964,Tanjim Hossain,22.0,Male,Single,2.59,2.86,0,64.2,Yes,No,65135.0,Medium,58.4,2.0,62.9,6.3,Yes
STU104965,Mahin Akter,18.0,Female,Single,2.98,3.31,0,99.9,Yes,No,22578.0,Medium,84.1,5.0,90.3,15.9,No
STU104966,Mim Akter,24.0,Female,Single,2.49,2.39,1,91.6,Yes,Yes,21790.0,Low,80.5,8.0,66.3,9.9,No
STU104967,Sadia Karim,28.0,Female,Single,2.95,2.63,1,81.5,Yes,Yes,19452.0,Medium,74.5,8.0,67.9,7.9,No
STU104968,Sumaiya Ahmed,18.0,Male,Single,3.44,3.57,2,85.2,No,No,113157.0,Low,79.2,6.0,94.2,16.7,No
STU104969,Nusrat Hasan,18.0,Male,Single,2.43,2.75,0,81.8,Yes,No,35417.0,High,63.9,4.0,55.9,8.7,Yes
STU104970,Sumaiya Hasan,19.0,Female,Single,3.29,3.1,1,75.9,Yes,No,30641.0,High,65.7,5.0,73.6,9.9,No
STU104971,Fahim Islam,28.0,Female,Single,3.45,3.61,0,97.7,Yes,No,52844.0,Medium,61.4,6.0,66.4,11.9,No
STU104972,Mehedi Sultana,27.0,Female,Single,2.88,2.61,0,75.4,Yes,No,18106.0,High,78.5,7.0,73.6,11.2,No
STU104973,Shuvo Karim,20.0,Female,Single,3.02,2.67,0,84.4,Yes,Yes,36628.0,Low,78.9,6.0,75.0,11.8,No
STU104974,Hasan Chowdhury,28.0,Male,Single,2.78,2.85,0,82.7,Yes,No,45176.0,Medium,100.0,8.0,65.4,14.2,No
STU104975,Hasan Khan,18.0,Female,Single,2.86,2.62,2,72.8,Yes,No,26366.0,High,62.8,6.0,68.1,10.8,Yes
STU104976,Arafat Hossain,26.0,Male,Single,3.37,3.5,0,78.3,Yes,Yes,23827.0,Low,93.9,7.0,73.8,16.9,No
STU104977,Shuvo Khan,27.0,Female,Single,3.33,2.84,0,70.0,Yes,No,36570.0,Medium,74.9,7.0,74.0,8.8,No
STU104978,Fahim Rahman,25.0,Female,Single,3.18,,2,79.8,Yes,No,34356.0,High,66.0,9.0,55.3,9.8,Yes
STU104979,Mahin Akter,22.0,Female,Single,3.27,3.58,0,82.8,No,Yes,33821.0,Medium,88.4,6.0,76.6,11.6,No
STU104980,Jannat Hossain,28.0,Male,Single,3.09,3.3,0,85.7,Yes,Yes,19793.0,Medium,86.4,5.0,71.5,19.8,No
STU104981,Rakib Hasan,19.0,Male,Single,2.45,2.57,2,74.4,No,Yes,19713.0,High,60.1,8.0,55.6,1.0,No
STU104982,Fahim Hasan,22.0,Female,Single,3.48,3.35,0,87.5,Yes,Yes,89912.0,Low,88.5,10.0,64.7,15.0,No
STU104983,Nabila Karim,23.0,Female,Single,2.6,2.6,1,74.7,Yes,No,21888.0,High,82.1,9.0,99.6,10.9,No
STU104984,Jannat Khan,18.0,Female,Single,2.95,2.89,1,83.9,No,No,40168.0,High,72.8,5.0,66.1,14.9,No
STU104985,Arafat Islam,28.0,Male,Single,3.38,4.0,0,89.3,Yes,No,41114.0,Medium,100.0,9.0,100.0,16.2,No
STU104986,Adnan Chowdhury,21.0,Male,Single,2.37,2.46,0,75.6,Yes,Yes,34560.0,Low,81.6,7.0,72.3,11.8,No
STU104987,Nabila Rahman,26.0,Female,Single,3.28,3.05,0,,Yes,No,41139.0,High,83.5,4.0,75.1,5.9,No
STU104988,Nabila Karim,19.0,Female,Single,2.46,2.44,0,77.8,Yes,Yes,36992.0,Medium,78.7,6.0,63.5,11.9,No
STU104989,Mahin Ahmed,22.0,Female,Married,3.27,2.76,0,82.2,No,No,35812.0,High,50.1,4.0,69.9,10.2,Yes
STU104990,Mim Hasan,18.0,Male,Single,3.54,2.97,0,90.3,Yes,No,80323.0,Medium,73.2,5.0,61.0,9.1,No
STU104991,Rakib Khan,21.0,Female,Single,2.67,3.11,0,86.7,Yes,Yes,26637.0,Low,78.0,8.0,62.9,11.5,No
STU104992,Raisa Akter,21.0,Male,Single,2.61,2.69,1,84.9,Yes,No,31725.0,High,70.7,5.0,68.4,10.9,No
STU104993,Shuvo Islam,23.0,Female,Single,3.03,2.9,0,67.0,Yes,Yes,74343.0,Medium,78.8,6.0,75.4,12.1,No
STU104994,Sumaiya Ahmed,27.0,Female,Single,2.6,2.59,0,100.0,Yes,No,32526.0,High,69.0,7.0,61.2,10.4,No
STU104995,Sakib Rahman,26.0,Male,Single,2.02,1.99,1,77.4,No,No,35167.0,High,41.7,3.0,56.6,4.2,Yes
STU104996,Tasmia Karim,,Male,Single,2.99,3.01,0,87.5,Yes,Yes,32292.0,Medium,77.6,,48.9,12.7,No
STU104997,Tasmia Khan,26.0,Female,Single,3.15,3.5,0,84.7,Yes,No,80092.0,High,68.5,5.0,62.1,18.9,No
STU104998,Mahin Karim,23.0,Female,Single,2.85,3.01,0,68.6,Yes,No,73338.0,Low,64.5,6.0,50.5,14.5,Yes
STU104999,Tanvir Akter,24.0,Male,Single,3.05,2.93,0,87.9,Yes,Yes,23439.0,Medium,61.4,7.0,63.3,12.0,No
STU105000,Rakib Hossain,27.0,Male,Single,3.47,2.95,0,91.6,Yes,No,97914.0,Low,95.9,8.0,100.0,14.2,No
